customer_id,age,gender,region,education_level,employment_type,annual_income,loan_amount,loan_purpose,credit_score,repayment_history,transaction_count,spending_ratio,join_date,default_flag
CUST100001,43.0,Female,West,Primary,Salaried,175394.38,167255.36,Other,697.0,0,42,55.61,2023-04-16,0
CUST100002,36.0,Male,West,Secondary,Self-Employed,1106585.92,532700.07,Home,661.0,0,32,27.3,2025-06-04,0
CUST100003,45.0,Male,North,Graduate,Salaried,254521.2,142562.46,Home,679.0,1,21,6.56,2026-05-05,0
CUST100004,55.0,Female,South,Secondary,Salaried,361190.38,38100.76,Education,801.0,0,41,14.77,2026-01-01,0
CUST100005,35.0,Female,West,Primary,,608926.51,127968.25,Business,749.0,3,31,60.99,2023-09-01,0
CUST100006,35.0,Male,North,Post-Graduate,Salaried,258915.37,10000.0,Business,592.0,1,34,91.45,2021-12-25,0
CUST100007,55.0,Female,North,Post-Graduate,Salaried,,327328.19,Other,686.0,5,28,92.88,2026-06-29,0
CUST100008,46.0,Male,North,Graduate,Salaried,155467.53,54885.07,Home,641.0,0,26,22.09,2026-03-23,0
CUST100009,33.0,Female,East,Secondary,Unemployed,743342.14,376237.35,Car,702.0,1,26,29.17,2022-08-30,0
CUST100010,44.0,Female,North,Secondary,Self-Employed,370463.77,221192.3,Car,675.0,1,28,24.47,2025-05-31,0
CUST100011,33.0,Female,West,Primary,Salaried,2501401.99,634784.2,Business,850.0,2,27,33.24,2021-12-04,0
CUST100012,33.0,Female,South,Graduate,Self-Employed,289371.93,118213.96,Education,,1,23,10.86,2026-07-18,0
CUST100013,41.0,Female,East,Post-Graduate,Salaried,301210.7,200392.42,Home,670.0,2,32,22.57,2018-11-21,0
CUST100014,18.0,Male,South,Graduate,Self-Employed,366369.35,150083.27,Business,818.0,1,34,38.62,2021-08-14,0
CUST100015,19.0,Female,South,Secondary,Self-Employed,571538.68,132729.86,Car,695.0,2,34,61.19,2024-02-07,0
CUST100016,32.0,Male,East,Graduate,Self-Employed,386061.34,258627.9,Education,566.0,1,25,40.98,2018-05-02,0
CUST100017,27.0,Male,West,Graduate,Salaried,700217.37,366607.93,Other,671.0,4,30,28.21,2023-12-12,0
CUST100018,41.0,Male,West,Graduate,Salaried,291892.18,265064.08,Car,726.0,2,32,15.09,2022-01-16,1
CUST100019,28.0,Female,East,Graduate,Salaried,233862.34,239167.9,Car,716.0,0,30,63.59,2018-09-23,0
CUST100020,22.0,Female,West,Graduate,Self-Employed,185970.86,143448.87,Car,755.0,3,28,9.55,2018-01-28,0
CUST100021,54.0,Male,West,Secondary,Salaried,147177.94,43328.31,Car,692.0,3,32,11.5,2021-07-06,0
CUST100022,36.0,Male,West,Primary,Self-Employed,376030.46,,Home,686.0,1,30,49.95,2023-10-26,0
CUST100023,39.0,Female,North,Post-Graduate,Unemployed,423718.33,122509.17,Business,575.0,1,26,452.02239660109956,2019-03-08,1
CUST100024,22.0,Male,North,Secondary,Salaried,353300.06,120144.18,Home,795.0,1,31,2.91,2020-05-28,0
CUST100025,32.0,Male,North,Primary,Self-Employed,990768.88,527379.47,Other,657.0,0,33,28.39,2026-01-20,0
CUST100026,39.0,Female,East,Secondary,Self-Employed,982425.7,437089.84,Home,,0,26,5.46,2020-11-24,0
CUST100027,25.0,Female,South,Primary,Unemployed,415908.99,179016.61,Car,850.0,2,39,29.68,2019-03-12,0
CUST100028,42.0,Other,South,Graduate,Unemployed,186410.55,10000.0,Car,806.0,3,39,25.28,2020-12-21,0
CUST100029,31.0,Male,West,Post-Graduate,Self-Employed,366105.04,365594.01,Business,646.0,2,38,79.36,2023-10-01,0
CUST100030,35.0,Male,West,Graduate,Salaried,359497.18,50661.12,Car,539.0,0,29,45.16,2023-12-04,0
CUST100031,31.0,Female,West,Graduate,Self-Employed,348341.69,149145.62,Business,626.0,0,37,46.16,2023-09-26,1
CUST100032,58.0,Female,South,Graduate,Salaried,340652.43,204881.68,Business,798.0,0,50,71.17,2024-10-21,0
CUST100033,38.0,Female,East,Graduate,Self-Employed,,398559.96,Other,693.0,2,21,72.88,2018-04-11,0
CUST100034,26.0,Female,South,Post-Graduate,,404240.59,221419.75,Business,579.0,2,30,37.05,2021-07-26,0
CUST100035,47.0,Male,North,Post-Graduate,Salaried,352503.48,46274.1,Home,739.0,0,34,20.6,2023-11-25,0
CUST100036,25.0,Female,North,Primary,Self-Employed,560699.71,412580.45,Business,664.0,1,31,59.02,2020-09-09,0
CUST100037,40.0,Male,South,Graduate,Salaried,609604.81,127630.6,Other,631.0,1,21,57.12,2026-07-04,0
CUST100038,18.0,Male,South,Graduate,Salaried,303006.21,10000.0,Other,637.0,4,31,49.63,2026-05-07,0
CUST100039,23.0,Female,West,Post-Graduate,Salaried,1005956.42,613781.12,Home,778.0,0,34,36.94,2024-08-03,0
CUST100040,40.0,Male,North,Graduate,Self-Employed,291655.65,133417.67,Education,721.0,0,27,29.47,2020-06-05,0
CUST100041,,Male,West,Post-Graduate,Unemployed,205370.93,74177.1,Home,569.0,0,26,73.02,2020-03-10,0
CUST100042,40.0,Female,East,Graduate,Unemployed,616486.26,281975.7,Car,708.0,1,34,25.22,2020-10-22,0
CUST100043,37.0,Male,South,Secondary,Salaried,318949.77,354542.68,Business,688.0,2,29,19.85,2022-02-24,0
CUST100044,35.0,Female,East,Graduate,Self-Employed,596642.68,433420.1,Other,648.0,1,28,28.12,2023-03-19,0
CUST100045,22.0,Male,South,Post-Graduate,Self-Employed,133298.42,10000.0,Education,652.0,1,25,17.45,2023-03-29,0
CUST100046,30.0,Female,East,Post-Graduate,Salaried,1075411.72,442129.14,Business,615.0,2,38,57.29,2021-07-19,0
CUST100047,33.0,Male,South,Secondary,Salaried,723694.59,200540.83,Home,630.0,1,43,36.97,2021-03-13,0
CUST100048,50.0,Male,North,Graduate,Salaried,219060.07,59743.58,Home,702.0,0,27,5.84,2019-03-11,0
CUST100049,42.0,Female,North,Graduate,Unemployed,953315.31250758,479304.34,Education,659.0,1,31,45.28,2022-01-14,0
CUST100050,19.0,Female,East,Primary,Self-Employed,1254326.87,782576.85,Car,721.0,2,31,28.82,2025-04-05,0
CUST100051,42.0,Female,West,Graduate,Self-Employed,333302.06,235775.95,Other,621.0,0,22,33.94,2025-02-26,0
CUST100052,34.0,Male,South,Secondary,Salaried,316020.29,73038.42,Car,733.0,3,34,40.18,2020-07-04,0
CUST100053,31.0,Female,West,Post-Graduate,Self-Employed,143779.29,110677.26,Car,779.0,1,47,22.99,2024-03-25,0
CUST100054,45.0,Female,East,Graduate,Salaried,412270.66,268007.14,Education,679.0,1,33,19.69,2019-06-29,0
CUST100055,49.0,Female,West,Post-Graduate,Salaried,441140.01,,Car,719.0,2,37,49.74,2021-05-22,0
CUST100056,48.0,Female,West,Primary,Self-Employed,741095.36,438753.15,Other,,0,33,12.75,2019-10-10,0
CUST100057,29.0,Male,East,Secondary,Salaried,231623.91,195858.09,Car,642.0,3,19,15.87,2024-04-14,0
CUST100058,35.0,Male,East,Secondary,Self-Employed,216686.23,115942.56,Car,722.0,1,30,18.73,2021-12-02,0
CUST100059,42.0,Female,West,Secondary,Salaried,640748.84,295672.04,Business,510.0,1,30,62.97,2020-12-12,0
CUST100060,49.0,Male,South,Primary,Self-Employed,869840.31,498516.22,Car,480.0,3,23,74.89,2022-05-19,0
CUST100061,33.0,Male,South,Secondary,Salaried,210708.21,10000.0,Business,655.0,1,25,18.6,2024-06-19,0
CUST100062,36.0,Female,North,Graduate,Salaried,906363.87,133643.59,Home,728.0,0,33,16.12,2018-02-06,0
CUST100063,26.0,Female,West,Secondary,Salaried,510431.33,239867.42,Home,674.0,1,34,36.67,2019-12-25,0
CUST100064,25.0,Female,West,Graduate,Salaried,911508.61,369058.09,Other,736.0,2,35,28.79,2022-03-28,0
CUST100065,47.0,Female,North,Graduate,Unemployed,481057.55,279143.16,Business,590.0,0,30,57.98,2020-09-06,0
CUST100066,53.0,Female,East,Post-Graduate,Salaried,124880.25,97851.35,Car,746.0,1,36,47.12,2018-03-25,0
CUST100067,37.0,,South,Post-Graduate,Self-Employed,459907.8,352935.19,Business,802.0,0,44,96.26,2026-01-26,0
CUST100068,49.0,Male,North,Graduate,Unemployed,895773.15,2224159.375983178,Other,628.0,2,37,16.73,2021-01-22,0
CUST100069,42.0,Male,West,Graduate,Salaried,305835.63,58677.13,Home,738.0,1,32,57.4,2021-09-27,0
CUST100070,31.0,Male,North,Secondary,Salaried,403924.25,304081.77,Home,682.0,1,38,25.27,2019-12-20,0
CUST100071,42.0,Female,North,Post-Graduate,Self-Employed,453835.44,275135.74,Education,713.0,1,29,15.33,2019-07-04,0
CUST100072,55.0,Male,East,Primary,Unemployed,101481.39,50644.07,Home,802.0,3,31,24.95,2021-10-03,0
CUST100073,38.0,Male,West,Secondary,Unemployed,1253693.49,180244.05,Home,705.0,2,29,26.95,2025-07-25,1
CUST100074,55.0,Male,North,Secondary,Salaried,304554.93,248841.1,Other,737.0,2,39,70.56,2019-08-10,1
CUST100075,18.0,Male,East,Secondary,Self-Employed,660345.11,143954.17,Home,585.0,1,33,,2023-02-08,1
CUST100076,47.0,Male,East,Secondary,Salaried,476716.74,431481.77,Business,735.0,4,32,19.04,2018-06-01,0
CUST100077,39.0,Male,North,Graduate,Unemployed,998544.36,192107.78,Education,801.0,1,23,35.47,2020-11-27,0
CUST100078,35.0,,North,Secondary,Unemployed,625117.08,308964.36,Education,611.0,4,30,14.5,2024-01-22,1
CUST100079,39.0,Male,East,Graduate,Salaried,439395.43,227188.08,Business,656.0,3,39,90.33,2026-03-05,1
CUST100080,18.0,Male,South,Secondary,Salaried,305874.47,54393.78,Car,731.0,3,30,99.34,2022-04-17,0
CUST100081,,Female,West,Primary,Salaried,775436.41,181484.88,Home,714.0,3,38,33.5,2018-07-31,0
CUST100082,42.0,Male,West,Post-Graduate,Salaried,178433.39,45178.67,Home,578.0,1,30,49.86,2025-01-17,1
CUST100083,54.0,Male,West,Secondary,Self-Employed,713261.3,58833.48,Business,692.0,0,41,81.12,2020-01-12,0
CUST100084,32.0,Female,South,Post-Graduate,Salaried,273180.7,132911.91,Home,655.0,2,30,,2023-12-20,0
CUST100085,29.0,Male,West,Graduate,Salaried,995618.46,513356.33,Home,607.0,0,31,47.9,2018-04-06,0
CUST100086,32.0,Female,South,Primary,Salaried,546384.45,419392.34,Other,782.0,1,32,13.04,2022-03-07,0
CUST100087,48.0,Female,South,Post-Graduate,Unemployed,712568.59,454133.52,Other,680.0,3,34,6.08,2026-05-19,0
CUST100088,42.0,Male,North,Secondary,Self-Employed,523063.02,72137.74,Car,754.0,1,30,61.9,2019-06-06,0
CUST100089,32.0,Female,North,Post-Graduate,Salaried,190718.92,160927.93,Home,592.0,3,42,31.63,2024-08-18,0
CUST100090,44.0,Male,East,Secondary,Salaried,311440.11,47533.31,Business,724.0,5,38,97.48,2020-11-05,0
CUST100091,,Female,South,Post-Graduate,Unemployed,723732.78,540910.31,Business,760.0,2,39,21.46,2022-08-30,0
CUST100092,49.0,Male,North,Primary,Self-Employed,547996.44,359043.92,Home,662.0,0,25,12.12,2025-04-09,0
CUST100093,30.0,Female,East,Graduate,Salaried,957334.2,493714.61,Home,643.0,0,39,57.95,2018-01-18,0
CUST100094,34.0,Male,South,Graduate,Salaried,624161.47,,Business,582.0,2,29,92.53,2026-06-06,1
CUST100095,34.0,Female,East,Post-Graduate,Salaried,293806.7,156851.22,Other,615.0,0,20,13.16,2022-09-16,0
CUST100096,22.0,Female,South,Post-Graduate,Salaried,322716.05,207771.56,Business,646.0,1,21,16.57,2020-09-04,0
CUST100097,41.0,Male,West,Post-Graduate,Salaried,529118.63,356368.33,Home,607.0,0,34,79.12,2020-05-28,0
CUST100098,41.0,Male,West,Post-Graduate,Unemployed,140033.81,76306.72,Car,622.0,2,30,116.88,2019-08-17,1
CUST100099,38.0,Female,South,Secondary,Salaried,1255138.41,558081.4,Education,692.0,1,36,48.17,2019-10-05,0
CUST100100,35.0,Female,South,Secondary,Self-Employed,637509.26,144518.86,Home,701.0,1,25,20.01,2023-12-17,0
CUST100101,22.0,Male,South,Secondary,Salaried,981887.88,525714.61,Home,762.0,0,27,74.66,2020-03-11,0
CUST100102,33.0,Female,West,Graduate,Self-Employed,209615.72,201360.8,Car,623.0,2,36,27.34,2019-03-31,0
CUST100103,34.0,Female,South,Graduate,Self-Employed,991400.84,411493.34,Education,682.0,0,27,20.51,2022-05-29,0
CUST100104,29.0,Female,North,Graduate,Salaried,1706043.97,,Education,649.0,2,40,22.91,2020-05-25,0
CUST100105,36.0,,North,Secondary,Salaried,241803.4,,Business,643.0,1,34,53.07,2025-03-03,0
CUST100106,42.0,Female,South,Graduate,Self-Employed,764237.87,231547.16,Business,656.0,1,22,34.81,2020-12-31,0
CUST100107,59.0,Male,East,Secondary,Salaried,500305.33,239075.51,Other,665.0,1,34,46.34,2020-10-10,0
CUST100108,40.0,Other,West,Secondary,Salaried,213827.47,78705.38,Business,699.0,1,39,59.03,2021-01-15,0
CUST100109,41.0,Male,North,Graduate,Salaried,655694.04,342392.42,Car,655.0,1,30,28.42,2024-09-14,0
CUST100110,37.0,Male,South,Graduate,Unemployed,790835.4,592896.18,Car,772.0,2,30,64.04,2019-04-07,0
CUST100111,18.0,Female,West,Graduate,Salaried,359239.21,235353.47,Education,552.0,1,28,33.91,2023-11-07,0
CUST100112,38.0,Male,West,Graduate,Self-Employed,949430.36,406856.87,Home,759.0,12,32,23.17,2025-11-10,0
CUST100113,39.0,Other,South,Secondary,Salaried,199914.19,43612.75,Other,652.0,1,28,9.87,2023-08-16,0
CUST100114,65.0,Female,South,Graduate,Self-Employed,219750.37,61355.76,Home,666.0,0,32,27.54,2020-08-02,0
CUST100115,36.0,Female,South,Secondary,Salaried,539011.37,415488.49,Car,679.0,4,38,84.44,2018-03-25,1
CUST100116,41.0,Male,West,Graduate,,507029.91,242767.63,Education,733.0,2,29,57.05,2021-12-10,0
CUST100117,38.0,Female,North,Graduate,Salaried,337138.11,120951.93,Education,614.0,3,35,46.13,2026-08-10,0
CUST100118,25.0,Male,West,Primary,Salaried,780461.21,644116.15,Business,631.0,2,28,14.15,2025-04-22,0
CUST100119,51.0,Male,East,Secondary,Self-Employed,669546.07,435167.85,Education,718.0,0,40,22.6,2021-02-09,0
CUST100120,46.0,Female,East,Post-Graduate,Salaried,801579.85,144285.56,Home,553.0,0,30,51.91,2024-01-29,0
CUST100121,47.0,Male,North,Post-Graduate,,467258.7,172220.42,Home,677.0,2,37,60.69,2019-11-30,0
CUST100122,28.0,Male,South,Graduate,Salaried,696471.76,370235.25,Other,620.0,1,32,57.92,2022-12-26,0
CUST100123,53.0,Female,South,Primary,Salaried,391310.14,94723.06,Car,604.0,0,33,40.21,2024-05-09,0
CUST100124,23.0,Male,North,Secondary,Self-Employed,1547209.68,1143346.45,Car,557.0,2,31,18.31,2019-06-14,1
CUST100125,44.0,Male,East,Graduate,Salaried,319803.88,143641.64,Car,738.0,1,23,60.78,2018-11-15,0
CUST100126,62.0,Female,West,Post-Graduate,Salaried,1591642.35,1048847.1,Home,692.0,2,24,22.47,2026-08-20,0
CUST100127,27.0,Male,East,Secondary,Self-Employed,509686.83,,Education,630.0,2,38,61.33,2021-01-03,0
CUST100128,32.0,Female,West,Graduate,Salaried,234645.79,101374.39,Business,668.0,1,39,27.58,2024-10-12,0
CUST100129,39.0,Other,North,Secondary,Salaried,1061089.77,461954.72,Business,598.0,1,46,94.37,2025-12-04,1
CUST100130,32.0,Female,South,Post-Graduate,Salaried,535849.78,150182.23,Business,640.0,2,36,25.47,2018-09-06,0
CUST100131,21.0,Female,North,Graduate,Unemployed,798493.12,420041.93,Home,665.0,3,45,25.1,2019-01-22,0
CUST100132,39.0,Male,East,Graduate,Self-Employed,980172.77,271131.97,Car,685.0,1,31,31.85,2023-05-12,0
CUST100133,26.0,Male,West,Graduate,Self-Employed,602136.19,411970.97,Home,709.0,2,29,18.53,2023-03-06,0
CUST100134,43.0,Female,East,Graduate,Salaried,360999.16,184633.83,Home,545.0,2,31,15.95,2018-12-29,0
CUST100135,28.0,Female,North,Secondary,Self-Employed,855127.39,257671.27,Car,710.0,2,28,18.03,2023-10-17,0
CUST100136,55.0,Female,South,Secondary,Salaried,,84362.96,Car,551.0,0,39,77.28,2024-10-21,1
CUST100137,29.0,Male,East,Post-Graduate,Salaried,729113.85,37765.65,Business,712.0,1,29,16.79,2026-05-22,0
CUST100138,34.0,Male,South,Post-Graduate,Salaried,152941.62,26921.27,Business,664.0,3,30,25.28,2022-04-05,0
CUST100139,47.0,Male,West,Post-Graduate,Salaried,639347.45,229528.84,Other,762.0,2,40,123.58,2022-12-12,0
CUST100140,24.0,Female,West,Graduate,Salaried,351913.67,81505.72,Business,629.0,3,28,62.56,2018-10-23,0
CUST100141,41.0,Male,East,Post-Graduate,Salaried,1241317.26,614463.82,Home,739.0,1,32,61.85,2025-05-18,0
CUST100142,52.0,Female,South,Primary,Salaried,704371.66,443863.74,Car,592.0,1,33,112.0,2023-06-15,0
CUST100143,20.0,Female,South,Graduate,Salaried,570509.52,16080.59,Car,688.0,1,39,31.21,2023-09-12,0
CUST100144,40.0,Male,North,Secondary,Self-Employed,653327.54,201265.48,Car,527.0,4,30,6.51,2021-10-29,0
CUST100145,41.0,Female,South,Graduate,Salaried,288722.39,292456.26,Home,746.0,2,31,58.13,2018-02-01,0
CUST100146,47.0,Male,South,Graduate,Self-Employed,1220968.02,1051018.54,Home,810.0,2,30,28.81,2019-07-09,0
CUST100147,24.0,Female,East,Secondary,Salaried,1494970.61,922529.66,Education,628.0,1,34,124.28,2018-11-01,0
CUST100148,23.0,Female,East,Graduate,Self-Employed,620614.76,179610.13,Business,689.0,0,25,5.69,2020-03-03,0
CUST100149,44.0,Female,North,Post-Graduate,Salaried,1199104.2,1454010.3884683212,Business,713.0,3,34,15.95,2021-02-05,0
CUST100150,41.0,Female,South,Graduate,Salaried,365613.44,257530.45,Car,564.0,1,30,21.82,2018-04-06,0
CUST100151,41.0,Male,North,Secondary,Salaried,322529.83,39353.15,Education,624.0,1,40,31.65,2020-12-25,0
CUST100152,42.0,Male,North,Secondary,Self-Employed,511381.92,416586.3,Education,619.0,2,26,11.17,2025-01-12,0
CUST100153,31.0,Female,West,Secondary,Self-Employed,635127.44,291888.55,Business,850.0,0,35,43.17,2018-08-18,0
CUST100154,41.0,Male,North,Secondary,Salaried,402588.69,328880.51,Home,758.0,3,32,20.89,2025-08-12,0
CUST100155,41.0,Male,South,Graduate,Salaried,672082.17,375788.22,Business,664.0,0,27,65.3,2018-12-24,0
CUST100156,30.0,Male,North,Graduate,Self-Employed,591772.53,291317.72,Education,738.0,2,34,80.72,2019-02-06,0
CUST100157,59.0,Female,West,Graduate,Self-Employed,288743.68,210023.37,Home,696.0,1,36,26.41,2020-02-29,0
CUST100158,43.0,Male,East,Graduate,Salaried,665104.56,326315.68,Home,724.0,2,43,48.1,2018-04-09,0
CUST100159,25.0,Female,South,Post-Graduate,Salaried,803959.29,407279.31,Home,601.0,2,35,33.71,2018-09-28,0
CUST100160,45.0,Other,East,Secondary,Salaried,549449.15,424106.07,Education,783.0,1,32,31.93,2022-12-04,0
CUST100161,27.0,Male,West,Graduate,Self-Employed,942526.99,493797.34,Business,622.0,0,33,10.4,2018-12-28,0
CUST100162,47.0,Male,West,Post-Graduate,Salaried,255963.8,249915.03,Car,626.0,2,41,497.4224290478675,2021-04-02,1
CUST100163,51.0,Male,North,Secondary,Unemployed,4974497.566673846,3830370.51,Car,724.0,0,32,61.03,2025-01-19,0
CUST100164,29.0,Female,West,Secondary,Salaried,262684.5,277441.08,Other,706.0,1,31,43.95,2026-06-20,0
CUST100165,49.0,Male,West,Post-Graduate,Salaried,270930.78,73020.21,Home,682.0,0,25,16.3,2019-06-24,0
CUST100166,43.0,Male,West,Graduate,Salaried,353398.44,205719.92,Home,743.0,2,32,10.48,2023-02-09,0
CUST100167,47.0,Male,East,Graduate,Unemployed,297815.75,107322.5,Car,593.0,1,31,29.88,2025-03-27,0
CUST100168,59.0,Female,East,Primary,Self-Employed,369891.75,163817.24,Business,818.0,0,42,18.85,2020-04-12,0
CUST100169,35.0,,South,Graduate,Salaried,444444.61,125416.99,Business,642.0,1,39,20.62,2024-09-10,0
CUST100170,,Female,West,Secondary,Self-Employed,792381.58,222823.63,Car,673.0,1,34,19.11,2020-11-25,0
CUST100171,28.0,Female,East,Primary,Salaried,419041.78,175913.67,Other,819.0,0,48,34.04,2024-12-17,0
CUST100172,29.0,Male,East,Graduate,Salaried,209037.56,174853.42,Business,627.0,2,40,50.39,2018-11-10,0
CUST100173,37.0,Female,South,Secondary,Salaried,936028.02,789053.97,Home,757.0,1,27,18.29,2024-12-12,0
CUST100174,42.0,Male,West,Graduate,Salaried,315515.73,196831.83,Business,664.0,10,29,17.65,2021-07-23,1
CUST100175,41.0,Female,West,Secondary,Salaried,484109.86,696141.3215362057,Home,617.0,2,37,12.11,2018-08-21,1
CUST100176,47.0,Female,North,Secondary,Unemployed,639190.91,455205.79,Business,651.0,2,38,38.1,2022-06-28,0
CUST100177,38.0,Female,West,Secondary,Salaried,558019.46,348616.35,Home,722.0,0,32,60.06,2020-10-26,0
CUST100178,54.0,Male,East,Secondary,Unemployed,912699.64,383304.13,Business,756.0,3,28,31.0,2025-06-04,0
CUST100179,35.0,Male,West,Post-Graduate,Salaried,650707.24,242011.35,Car,697.0,1,42,50.56,2018-09-01,0
CUST100180,68.0,,South,Primary,Self-Employed,311340.71,126140.05,Other,560.0,0,32,71.15,2024-04-07,0
CUST100181,45.0,Male,South,Graduate,Salaried,12063730.273091821,6824391.26,Car,728.0,1,40,39.86,2025-02-18,0
CUST100182,,Male,West,Secondary,Salaried,556402.25,297410.47,Education,669.0,0,28,,2023-10-24,0
CUST100183,26.0,Male,South,Secondary,Salaried,461079.73,247571.91,Car,597.0,0,31,15.17,2024-05-19,0
CUST100184,43.0,Male,West,Post-Graduate,Salaried,849601.22,719672.81,Other,706.0,1,26,17.46,2022-04-08,0
CUST100185,36.0,Male,East,Secondary,Self-Employed,573527.63,57025.32,Business,765.0,1,39,101.71,2018-03-28,0
CUST100186,46.0,Female,East,Post-Graduate,Salaried,622773.95,274885.15,Car,681.0,1,35,120.32,2020-05-30,0
CUST100187,,Male,South,Secondary,Self-Employed,1969055.56,880081.32,Other,749.0,1,21,25.63,2026-02-25,0
CUST100188,37.0,Male,East,Graduate,Salaried,429787.68,42032.75,Car,715.0,10,43,68.86,2021-03-18,0
CUST100189,29.0,Male,South,Graduate,Salaried,419825.69,176598.16,Business,716.0,2,43,77.02,2018-06-09,0
CUST100190,21.0,Male,North,Post-Graduate,Salaried,533109.2,156525.92,Business,657.0,3,29,10.62,2024-10-29,0
CUST100191,33.0,Female,South,Graduate,Unemployed,901393.47,466889.08,Home,741.0,0,37,98.04,2023-10-31,0
CUST100192,47.0,Male,North,Graduate,Self-Employed,218331.46,75766.0,Other,749.0,2,40,28.01,2026-06-06,0
CUST100193,40.0,Female,West,Secondary,Salaried,169618.6,35168.38,Car,739.0,1,42,26.98,2024-02-08,0
CUST100194,24.0,Female,West,Secondary,Salaried,362018.28,176624.38,Home,656.0,0,40,12.53,2025-12-27,0
CUST100195,40.0,Female,South,Post-Graduate,Salaried,203557.9,26889.38,Business,754.0,1,38,102.14,2026-04-02,0
CUST100196,42.0,Female,West,Secondary,Unemployed,395816.55,298972.48,Business,709.0,0,27,35.42,2022-03-30,0
CUST100197,28.0,Female,South,Graduate,Self-Employed,659170.96,188650.23,Home,607.0,0,38,95.68,2019-04-23,0
CUST100198,40.0,,East,Graduate,Salaried,306340.19,200425.08,Home,651.0,1,27,73.96,2024-02-09,0
CUST100199,,Female,West,Graduate,Salaried,228115.82,143478.1,Business,640.0,2,38,25.98,2022-04-29,0
CUST100200,25.0,,West,Post-Graduate,Salaried,519435.96,111150.47,Home,531.0,0,33,36.25,2024-01-31,0
CUST100201,42.0,Female,South,Graduate,Unemployed,803523.97,600751.2,Other,755.0,1,37,20.32,2023-08-24,0
CUST100202,44.0,Female,West,Graduate,Salaried,196836.36,122627.0,Business,850.0,2,31,22.28,2023-05-15,0
CUST100203,50.0,Female,South,Post-Graduate,Self-Employed,785040.98,557697.81,Car,771.0,1,36,45.67,2023-10-22,0
CUST100204,50.0,Male,West,Primary,Salaried,783778.54,527769.38,Car,692.0,0,32,55.91,2025-01-05,0
CUST100205,23.0,Male,North,Secondary,Self-Employed,845015.44,279246.41,Education,641.0,1,35,6.28,2022-10-12,0
CUST100206,28.0,Male,East,Graduate,Self-Employed,977279.04,752510.19,Car,611.0,0,33,6.47,2019-08-25,0
CUST100207,44.0,Male,East,Secondary,Self-Employed,,138659.21,Business,691.0,0,44,22.76,2024-07-18,0
CUST100208,44.0,Male,East,Graduate,Salaried,411067.52,138269.97,Other,753.0,0,27,41.16,2021-11-20,0
CUST100209,44.0,Male,North,Post-Graduate,Self-Employed,531058.65,212078.79,Education,629.0,1,30,77.87,2023-04-03,0
CUST100210,75.0,Female,West,Graduate,Salaried,397647.91,184785.61,Car,850.0,0,19,35.04,2018-11-29,0
CUST100211,44.0,Male,North,Graduate,Salaried,500543.93,239888.8,Home,576.0,0,34,27.89,2018-12-21,0
CUST100212,50.0,Female,East,Post-Graduate,Salaried,1161756.59,747371.39,Business,697.0,2,34,49.96,2020-04-26,0
CUST100213,48.0,Male,North,Graduate,Unemployed,238614.7,199145.53,Business,685.0,1,30,16.41,2018-06-12,0
CUST100214,45.0,Male,South,Graduate,Salaried,311385.21,56846.42,Business,680.0,3,22,35.67,2018-04-26,0
CUST100215,35.0,Female,East,Graduate,Self-Employed,1066414.76,916005.59,Home,,1,38,30.51,2021-01-07,0
CUST100216,46.0,Female,South,Post-Graduate,Self-Employed,876229.62,757903.9,Other,686.0,2,38,37.65,2022-01-10,0
CUST100217,29.0,Male,North,Graduate,Salaried,409479.03,94103.62,Car,646.0,3,36,71.59,2023-03-22,0
CUST100218,35.0,Female,North,Graduate,Salaried,799933.98,276343.7,Business,777.0,3,27,7.56,2026-06-07,0
CUST100219,33.0,Female,South,Post-Graduate,Salaried,603216.89,459253.87,Business,802.0,2,37,31.76,2020-11-12,0
CUST100220,39.0,Male,West,Graduate,Salaried,1141112.72,678866.3,Business,651.0,1,29,55.76,2025-10-09,0
CUST100221,63.0,Male,West,Graduate,Salaried,520915.78,312624.9,Car,557.0,1,39,47.7,2019-06-27,0
CUST100222,,Other,North,Post-Graduate,Salaried,878930.44,593355.77,Education,704.0,0,44,8.27,2019-02-18,0
CUST100223,46.0,Female,South,Graduate,Self-Employed,2138189.34,1037050.87,Home,701.0,1,42,6.44,2019-11-13,1
CUST100224,20.0,Female,North,Graduate,Unemployed,694757.34,161563.87,Business,688.0,1,36,53.09,2019-10-04,1
CUST100225,,Female,North,Post-Graduate,Salaried,513750.94,312194.0,Home,720.0,2,34,7.91,2021-12-03,0
CUST100226,50.0,Male,East,Graduate,Salaried,,103147.66,Car,784.0,2,28,36.14,2019-10-31,0
CUST100227,39.0,Male,East,Graduate,Salaried,408995.28,236121.59,Home,742.0,0,28,68.52,2023-09-01,0
CUST100228,26.0,Male,North,Post-Graduate,Self-Employed,1859365.05,1214015.34,Business,720.0,1,28,9.96,2020-08-26,0
CUST100229,30.0,Female,South,Post-Graduate,Self-Employed,552054.72,248157.67,Education,737.0,1,25,96.01,2022-09-01,0
CUST100230,45.0,Female,North,Graduate,Salaried,430305.22,358322.3,Business,699.0,2,41,51.9,2021-03-26,0
CUST100231,30.0,Female,West,Primary,Salaried,315758.96,224093.77,Business,609.0,1,38,163.51,2024-07-05,0
CUST100232,40.0,Male,West,Graduate,Self-Employed,914227.28,644587.09,Business,789.0,3,35,23.36,2020-11-11,0
CUST100233,39.0,Male,North,Graduate,Salaried,805578.92,,Home,688.0,3,35,80.17,2022-02-04,1
CUST100234,31.0,Male,South,Graduate,Salaried,380339.09,325156.38,Business,609.0,1,37,25.38,2021-07-11,0
CUST100235,62.0,Female,West,Graduate,Self-Employed,,323084.11,Education,595.0,2,31,34.58,2026-01-28,0
CUST100236,45.0,Female,West,Graduate,Salaried,218088.8,129010.87,Home,611.0,0,38,19.97,2022-12-04,0
CUST100237,18.0,Male,South,Graduate,Salaried,553544.37,445315.95,Home,875.0,2,31,33.41,2019-12-25,0
CUST100238,40.0,Female,North,Secondary,Self-Employed,641381.27,346693.56,Car,730.0,2,37,62.55,2021-03-05,0
CUST100239,31.0,Male,North,Graduate,Self-Employed,1278751.5,260765.63,Home,667.0,1,37,98.16,2018-09-09,0
CUST100240,47.0,Female,East,Graduate,Salaried,327228.19,255832.35,Car,738.0,1,26,16.88,2018-07-24,0
CUST100241,29.0,Male,South,Secondary,Unemployed,247525.64,148847.76,Home,768.0,0,44,38.41,2023-02-23,0
CUST100242,37.0,Female,North,Secondary,Salaried,305552.84,198706.85,Education,748.0,2,18,22.02,2025-11-19,0
CUST100243,44.0,Male,East,Graduate,Self-Employed,239725.72,90704.36,Home,728.0,0,34,39.85,2020-03-01,0
CUST100244,48.0,Female,North,Graduate,Salaried,1042909.46,778298.0,Car,702.0,2,38,68.71,2020-12-20,0
CUST100245,,Male,West,Secondary,Self-Employed,1171874.3,833361.84,Other,666.0,1,26,23.51,2019-04-10,0
CUST100246,34.0,Male,South,Post-Graduate,Unemployed,596290.05,295871.57,Education,671.0,3,34,46.24,2023-01-16,0
CUST100247,33.0,Male,North,Graduate,,978793.14,247271.35,Car,724.0,1,29,16.02,2021-08-18,0
CUST100248,31.0,Male,East,Post-Graduate,Unemployed,538229.59,157634.89,Education,608.0,0,32,72.44,2022-02-04,1
CUST100249,57.0,Male,South,Graduate,Self-Employed,474516.64,322410.96,Home,676.0,2,30,57.13,2019-01-29,0
CUST100250,42.0,Female,West,Graduate,Self-Employed,416313.01,255049.84,Home,624.0,2,28,18.4,2022-06-19,0
CUST100251,24.0,Male,East,Post-Graduate,Salaried,421530.89,115278.65,Home,768.0,3,29,18.04,2023-07-22,0
CUST100252,48.0,Female,South,Graduate,Self-Employed,213431.78,66294.54,Other,734.0,3,27,83.17,2026-05-27,0
CUST100253,61.0,Female,West,Graduate,Self-Employed,578216.41,137739.23,Business,840.0,2,28,116.18,2025-05-31,0
CUST100254,49.0,,South,Secondary,Salaried,489030.3,246811.01,Business,623.0,1,32,19.05,2020-06-30,0
CUST100255,21.0,Male,West,Graduate,Unemployed,753370.02,109535.67,Other,631.0,1,37,62.84,2021-07-06,0
CUST100256,33.0,Male,South,Secondary,Salaried,526391.92,60697.69,Other,684.0,0,36,26.17,2025-01-21,0
CUST100257,52.0,Female,East,Secondary,Salaried,457200.06,49399.69,Business,626.0,2,39,83.27,2021-04-25,1
CUST100258,30.0,Female,North,Primary,Salaried,309652.88,153317.02,Business,720.0,2,30,27.19,2021-05-20,0
CUST100259,43.0,,South,Primary,Salaried,520241.11,239764.13,Car,676.0,2,46,54.11,2020-11-24,0
CUST100260,47.0,Male,West,Post-Graduate,Self-Employed,750424.15,999647.4889101263,Home,643.0,1,33,37.57,2021-03-16,0
CUST100261,28.0,Male,West,Secondary,Salaried,266605.93,245903.45,Education,762.0,0,33,4.52,2021-06-26,0
CUST100262,37.0,Other,North,Graduate,Unemployed,524643.33,169589.96,Education,541.0,1,33,17.02,2018-02-26,0
CUST100263,18.0,Male,North,Post-Graduate,Salaried,568375.18,163318.95,Other,721.0,3,46,53.44,2023-03-08,0
CUST100264,27.0,Male,West,Graduate,Salaried,336861.7,224257.82,Car,639.0,1,39,49.17,2025-01-13,0
CUST100265,35.0,Female,West,Secondary,Salaried,361870.76,153815.41,Business,741.0,0,31,41.14,2022-10-15,0
CUST100266,24.0,Male,North,Graduate,Salaried,4425229.621756268,2379890.53,Education,759.0,1,28,100.38,2018-12-27,0
CUST100267,56.0,Male,South,Graduate,Unemployed,268064.21,11695.4,Home,509.0,2,34,60.01,2024-03-31,1
CUST100268,22.0,Female,South,Graduate,Self-Employed,606112.82,491366.63,Education,664.0,1,34,55.13,2023-05-03,0
CUST100269,33.0,Female,West,Graduate,Self-Employed,305565.21,179495.43,Education,684.0,2,29,4.44,2018-08-11,0
CUST100270,39.0,Male,North,Post-Graduate,Salaried,897109.23,555034.0,Education,503.0,0,25,62.02,2022-06-28,1
CUST100271,54.0,Male,North,Graduate,Salaried,1808789.94,609936.44,Education,697.0,1,18,8.73,2018-11-23,0
CUST100272,22.0,Male,West,Graduate,Salaried,311435.38,136527.86,Home,640.0,2,27,33.46,2021-01-26,1
CUST100273,51.0,Male,North,Graduate,Salaried,670767.4,532122.83,Car,590.0,2,27,8.83,2021-06-03,0
CUST100274,38.0,Female,East,Primary,Salaried,335257.89,200344.63,Education,631.0,1,21,47.04,2022-10-24,0
CUST100275,27.0,Male,South,Post-Graduate,Self-Employed,886368.6,272943.17,Education,618.0,0,41,70.59,2020-04-15,0
CUST100276,43.0,Male,South,Secondary,Salaried,249314.7,137040.01,Education,637.0,2,29,31.52,2024-12-11,0
CUST100277,40.0,Male,South,Secondary,Self-Employed,651274.24,253699.21,Home,694.0,4,29,32.28,2024-11-30,0
CUST100278,31.0,Female,East,Post-Graduate,Salaried,309347.17,135343.84,Home,754.0,1,31,15.72,2020-09-11,0
CUST100279,39.0,Female,North,Graduate,Salaried,446199.68,392214.10821411776,Car,674.0,2,35,69.81,2021-09-19,0
CUST100280,34.0,Female,East,Graduate,Self-Employed,283594.16,79846.91,Car,763.0,2,26,9.67,2020-03-02,0
CUST100281,39.0,,West,Graduate,Salaried,785956.04,372389.17,Education,602.0,0,41,37.58,2023-03-02,0
CUST100282,45.0,Female,West,Post-Graduate,Self-Employed,315534.78,107534.82,Business,691.0,4,37,31.2,2025-01-03,0
CUST100283,55.0,Female,North,Graduate,Salaried,677350.21,109507.9,Home,838.0,3,32,43.88,2026-05-19,0
CUST100284,24.0,Male,North,Post-Graduate,Salaried,413788.17,220259.65,Home,561.0,0,35,58.0,2019-01-17,0
CUST100285,61.0,Male,South,Secondary,Unemployed,469490.61,419787.45,Car,558.0,1,31,29.88,2021-12-17,0
CUST100286,18.0,Male,South,Graduate,Salaried,542329.55,426908.11,Car,776.0,4,21,62.31,2021-10-03,0
CUST100287,36.0,Male,South,Post-Graduate,Salaried,328850.92,198487.28,Education,697.0,3,35,32.72,2023-02-18,0
CUST100288,44.0,Male,East,Secondary,Self-Employed,561330.59,209887.34,Business,635.0,2,25,42.83,2024-11-04,0
CUST100289,41.0,Male,North,Graduate,Salaried,1160135.52,539380.45,Business,595.0,3,41,13.48,2023-07-02,0
CUST100290,31.0,Male,North,Secondary,Self-Employed,325921.31,305224.25,Home,677.0,2,34,24.46,2021-02-16,1
CUST100291,36.0,Female,South,Graduate,Self-Employed,8433736.36244123,6902387.09,Other,690.0,2,31,7.86,2018-08-02,0
CUST100292,33.0,Male,East,Graduate,Unemployed,1139747.24,570698.46,Home,690.0,3,28,35.18,2019-07-19,0
CUST100293,32.0,Female,North,Graduate,Salaried,319169.67,277589.79,Business,595.0,0,30,55.85,2020-01-02,0
CUST100294,47.0,Female,East,Secondary,Salaried,224601.58,147516.31,Business,655.0,1,32,28.81,2019-03-15,0
CUST100295,42.0,Female,South,Secondary,Self-Employed,590332.89,431484.9,Business,637.0,3,29,31.34,2025-09-03,0
CUST100296,30.0,Female,West,Primary,Salaried,370011.45,32818.74,Car,728.0,2,27,,2022-05-08,0
CUST100297,48.0,Male,West,Secondary,Salaried,1397359.79,192415.67,Car,599.0,1,44,47.79,2019-09-21,0
CUST100298,41.0,Female,South,Graduate,Salaried,509664.29,263611.88,Education,686.0,0,31,7.53,2020-06-21,0
CUST100299,47.0,Male,North,Post-Graduate,Salaried,321628.91,247580.91,Home,850.0,5,35,21.08,2022-01-10,0
CUST100300,45.0,Male,South,Graduate,Salaried,266046.3,161704.56,Home,594.0,5,26,8.76,2026-07-11,0
CUST100301,29.0,Female,South,Graduate,Self-Employed,910556.39,266566.94,Education,624.0,1,37,24.95,2019-01-30,0
CUST100302,32.0,Male,East,Post-Graduate,Self-Employed,365204.3,323279.66,Car,673.0,10,25,88.85,2018-09-04,1
CUST100303,46.0,Male,West,Graduate,Salaried,512199.37,148000.74,Business,459.0,0,34,56.37,2026-01-31,1
CUST100304,45.0,Female,East,Post-Graduate,Salaried,845814.11,285521.41,Home,573.0,1,30,33.39,2024-04-14,0
CUST100305,38.0,Female,West,Graduate,Salaried,383088.49,209337.37,Business,703.0,3,35,104.88,2022-06-25,0
CUST100306,39.0,Female,South,Secondary,Self-Employed,487527.76,308485.58,Home,667.0,1,27,41.55,2025-03-31,0
CUST100307,52.0,Male,North,Primary,Salaried,495464.38,346490.92,Other,759.0,0,33,141.47,2025-12-22,0
CUST100308,31.0,Female,West,Graduate,Self-Employed,728098.67,207369.61,Car,662.0,1,21,37.03,2022-01-12,0
CUST100309,44.0,Male,South,Secondary,Salaried,691952.62,453811.39,Education,656.0,2,36,21.0,2023-11-02,0
CUST100310,36.0,Female,East,Secondary,Self-Employed,442989.27,300306.07,Other,627.0,1,34,12.57,2025-09-21,0
CUST100311,36.0,Female,South,Graduate,,517813.47,133131.84,Car,654.0,1,31,52.41,2021-05-29,0
CUST100312,50.0,Female,North,Graduate,Self-Employed,407536.15,268438.32,Home,589.0,1,39,24.76,2023-09-30,0
CUST100313,47.0,Female,West,Graduate,Salaried,221832.21,134880.2,Car,669.0,0,44,36.98,2025-02-10,0
CUST100314,47.0,Male,North,Secondary,Self-Employed,576104.21,323071.09,Car,607.0,0,24,46.89,2025-09-19,0
CUST100315,52.0,Female,West,Graduate,Salaried,1415606.82,622686.87,Education,589.0,1,30,16.93,2020-09-07,0
CUST100316,38.0,Female,West,Graduate,,307526.9,204416.56,Car,632.0,5,21,41.06,2021-04-25,0
CUST100317,46.0,Male,West,Post-Graduate,Self-Employed,326830.52,97244.25,Business,714.0,1,29,29.17,2022-03-29,0
CUST100318,35.0,Female,East,Graduate,Salaried,309732.13,292177.45,Education,691.0,0,32,9.29,2024-11-17,1
CUST100319,42.0,Male,East,Post-Graduate,Self-Employed,744813.3,149338.41,Home,730.0,1,29,48.62,2019-02-23,0
CUST100320,37.0,Female,West,Graduate,Salaried,639876.44,569009.47,Business,611.0,0,31,53.01,2023-11-05,1
CUST100321,39.0,Female,South,Graduate,Salaried,458248.85,255726.73,Car,679.0,1,38,78.26,2018-09-16,0
CUST100322,45.0,Female,South,Secondary,Salaried,301779.8,10000.0,Car,808.0,0,39,12.93,2024-06-16,0
CUST100323,29.0,Male,East,Graduate,Salaried,526060.03,223005.68,Car,785.0,1,36,117.8,2024-01-30,1
CUST100324,61.0,Female,South,Graduate,Self-Employed,211466.36,74506.41,Business,584.0,0,39,18.41,2022-02-28,0
CUST100325,27.0,Female,South,Graduate,Self-Employed,541039.73,257410.49,Car,604.0,3,27,5.11,2021-06-22,0
CUST100326,25.0,Female,South,Graduate,Salaried,807502.79,119126.4,Business,807.0,4,35,34.43,2020-07-28,0
CUST100327,51.0,Male,East,Graduate,Salaried,251250.03,206987.83,Home,714.0,0,26,43.89,2024-12-27,0
CUST100328,47.0,Male,West,Graduate,Self-Employed,215233.41,89446.32,Other,666.0,3,30,30.08,2024-07-04,0
CUST100329,45.0,Female,North,Graduate,Unemployed,1191894.03,229099.39,Business,657.0,1,36,12.77,2018-07-15,1
CUST100330,45.0,Male,West,Secondary,Salaried,357144.44,211186.66,Car,697.0,1,34,23.32,2018-03-03,0
CUST100331,38.0,Female,East,Post-Graduate,Unemployed,933909.38,522765.87,Business,698.0,2,28,42.11,2026-06-24,0
CUST100332,28.0,Female,West,Secondary,Salaried,459394.53,128638.22,Education,640.0,1,39,128.88,2019-07-16,0
CUST100333,,Female,East,Secondary,Salaried,457388.41,195284.73,Home,668.0,2,31,13.34,2026-01-23,0
CUST100334,31.0,Female,West,Graduate,Self-Employed,636341.32,95964.44,Home,637.0,1,24,20.85,2026-07-21,0
CUST100335,49.0,Female,North,Graduate,Salaried,307479.59,167169.35,Home,693.0,0,31,10.46,2025-12-01,0
CUST100336,36.0,Male,West,Graduate,Salaried,537797.19,178058.54,Business,625.0,1,36,24.91,2018-02-09,0
CUST100337,,Male,North,Secondary,Salaried,405365.42,197575.18,Education,585.0,1,36,31.65,2022-11-03,0
CUST100338,34.0,Male,West,Graduate,Self-Employed,241854.6,152987.92,Car,791.0,3,35,65.08,2025-08-07,0
CUST100339,43.0,Male,West,Graduate,Self-Employed,601979.41,252488.14,Home,675.0,0,29,42.7,2023-07-31,0
CUST100340,32.0,Female,South,Post-Graduate,Salaried,2024882.1356266635,990937.4,Education,807.0,1,38,86.2,2024-11-09,1
CUST100341,29.0,Female,North,Post-Graduate,Salaried,458630.3,344745.68,Education,535.0,1,32,32.7,2026-01-04,0
CUST100342,41.0,Female,West,Graduate,Salaried,256985.48,105935.33,Business,571.0,1,43,2.0,2023-02-19,0
CUST100343,41.0,Female,South,Secondary,Salaried,1199761.78,901580.33,Other,715.0,4,26,44.08,2020-02-27,1
CUST100344,32.0,Other,West,Graduate,Salaried,809811.01,612854.7,Car,675.0,2,37,,2023-02-20,0
CUST100345,33.0,Female,North,Primary,Self-Employed,849708.91,333480.72,Car,593.0,0,24,63.74,2018-01-02,0
CUST100346,41.0,Female,North,Graduate,Salaried,422679.21,180231.14,Car,765.0,1,27,32.73,2022-02-01,0
CUST100347,22.0,Female,West,Graduate,Salaried,193167.47,104909.96,Business,615.0,1,30,20.12,2021-02-03,0
CUST100348,23.0,Male,East,Post-Graduate,Salaried,1463685.22,931718.63,Home,770.0,0,24,11.89,2024-03-13,0
CUST100349,30.0,Male,West,Primary,Salaried,483477.35,159362.07,Car,675.0,2,30,22.53,2020-02-16,0
CUST100350,36.0,Male,South,Graduate,Unemployed,331215.17,226544.85,Business,600.0,1,23,31.62,2025-06-19,0
CUST100351,41.0,Female,East,Graduate,Salaried,628822.46,349863.83,Home,630.0,9,32,107.31,2022-11-18,1
CUST100352,54.0,Female,East,Graduate,Salaried,950059.42,401285.63,Car,783.0,0,34,29.68,2019-02-18,1
CUST100353,47.0,Male,East,Secondary,Salaried,493701.11,346144.04,Business,658.0,0,35,39.31,2018-07-29,0
CUST100354,36.0,Male,East,Post-Graduate,Salaried,1010120.03,436435.72,Home,753.0,1,33,30.96,2026-07-27,0
CUST100355,38.0,Female,East,Graduate,Salaried,907104.87,597934.77,Car,785.0,0,27,39.37,2023-05-18,0
CUST100356,27.0,Male,South,Graduate,Salaried,276607.2,191712.2,Education,674.0,1,28,37.71,2023-09-22,0
CUST100357,38.0,Male,South,Secondary,Salaried,345165.34,94171.93,Car,663.0,2,34,33.16,2023-12-26,0
CUST100358,35.0,Female,West,Graduate,Salaried,846621.34,237100.62,Home,650.0,0,36,19.57,2022-07-03,0
CUST100359,42.0,Male,North,Graduate,Salaried,112468.28,132381.63,Other,706.0,0,23,53.72,2022-05-03,0
CUST100360,29.0,Male,East,Primary,Salaried,460543.57,306329.81,Home,793.0,2,46,13.34,2025-05-09,0
CUST100361,44.0,Female,South,Secondary,Unemployed,227613.94,166688.06,Business,588.0,2,29,47.2,2024-11-21,1
CUST100362,55.0,Female,East,Post-Graduate,Salaried,384715.27,32202.61,Home,696.0,4,38,54.42,2019-12-27,0
CUST100363,37.0,Female,West,Secondary,Salaried,424222.06,150718.74,Car,693.0,1,29,5.49,2021-11-13,0
CUST100364,42.0,Male,North,Secondary,Salaried,410581.19,144043.45,Home,545.0,3,31,,2021-05-06,0
CUST100365,46.0,Male,North,Graduate,Salaried,369025.01,193152.65,Home,613.0,0,32,6.33,2024-02-28,0
CUST100366,34.0,Male,North,Graduate,Self-Employed,273466.49,64875.5,Home,629.0,0,24,76.02,2024-02-18,0
CUST100367,40.0,Female,East,Primary,Salaried,1763682.61,466852.41,Car,737.0,2,44,21.86,2018-04-17,0
CUST100368,,Female,West,Graduate,Self-Employed,1396482.98,736111.89,Education,750.0,1,33,73.36,2018-11-23,0
CUST100369,39.0,Male,North,Secondary,Salaried,263874.05,122418.71,Home,539.0,0,34,25.7,2025-08-29,0
CUST100370,29.0,Female,West,Primary,Salaried,1193651.42,451163.53,Other,728.0,1,27,14.33,2019-10-06,0
CUST100371,38.0,Male,South,Primary,Self-Employed,401377.38,240277.08,Car,718.0,3,37,18.76,2018-12-23,0
CUST100372,43.0,Male,South,Post-Graduate,Salaried,536819.12,172762.53,Car,723.0,3,25,37.2,2025-03-27,0
CUST100373,54.0,Male,West,Secondary,Salaried,482898.95,132193.47,Home,691.0,0,30,54.03,2024-12-23,0
CUST100374,49.0,Male,South,Primary,Salaried,347841.3,153459.29,Education,751.0,0,35,33.97,2021-07-31,0
CUST100375,62.0,Female,South,Graduate,Self-Employed,858963.89,278148.27,Business,,2,32,62.26,2024-11-20,0
CUST100376,30.0,Female,North,Post-Graduate,Salaried,535845.4,341870.02,Education,557.0,0,30,29.17,2019-05-23,0
CUST100377,48.0,Male,North,Secondary,,384715.78,346170.35,Car,676.0,1,27,31.7,2023-11-24,0
CUST100378,40.0,Female,South,Graduate,Salaried,243979.43,76670.48,Car,661.0,0,32,17.78,2020-12-25,0
CUST100379,62.0,Male,North,Primary,Self-Employed,305861.03,189318.57,Business,637.0,0,35,,2018-07-14,0
CUST100380,29.0,Female,East,Graduate,Salaried,202724.73,119568.42,Home,646.0,1,20,56.52,2021-04-26,0
CUST100381,29.0,Female,South,Graduate,Self-Employed,503372.8,498137.12,Car,694.0,1,26,13.38,2018-02-16,0
CUST100382,31.0,Male,East,Graduate,Salaried,258900.04,162001.39,Home,583.0,0,33,25.65,2021-10-17,0
CUST100383,18.0,Female,North,Graduate,Unemployed,432053.67,320299.02,Car,730.0,8,29,58.38,2026-05-15,0
CUST100384,32.0,Male,South,Secondary,Salaried,1062270.76,720745.33,Home,652.0,0,38,7.66,2025-01-28,0
CUST100385,30.0,Male,East,Secondary,Salaried,967023.56,581221.14,Other,746.0,1,26,77.33,2022-05-21,0
CUST100386,40.0,Male,West,Graduate,Salaried,491202.18,167517.79,Business,910.0,0,43,14.52,2022-02-19,0
CUST100387,42.0,Female,North,Secondary,Salaried,476616.17,240439.93,Education,629.0,0,28,77.53,2020-04-26,0
CUST100388,59.0,Female,West,Graduate,Salaried,1406049.25,356811.55,Home,609.0,0,36,13.36,2022-05-22,0
CUST100389,48.0,Male,East,Post-Graduate,Unemployed,665823.06,497035.8,Education,634.0,2,33,56.43,2019-12-10,0
CUST100390,32.0,Female,East,Post-Graduate,Unemployed,417512.53,316321.13,Education,620.0,0,29,21.37,2020-03-18,0
CUST100391,28.0,Female,East,Post-Graduate,Salaried,228217.27,73858.46,Education,713.0,0,31,110.01,2025-04-13,0
CUST100392,43.0,Female,North,Graduate,Unemployed,620942.43,209898.21,Home,759.0,1,33,27.75,2018-04-25,0
CUST100393,23.0,Female,North,Graduate,Salaried,788976.21,269427.05,Other,709.0,1,35,11.84,2025-06-20,0
CUST100394,58.0,Female,East,Secondary,Salaried,353258.39,51707.78,Car,674.0,1,32,47.23,2019-09-23,0
CUST100395,51.0,Male,South,Graduate,Self-Employed,586850.21,275172.26,Other,717.0,3,21,23.3,2024-03-16,0
CUST100396,33.0,Male,West,Graduate,Self-Employed,409379.58,253015.94,Home,677.0,1,33,50.56,2018-07-16,0
CUST100397,19.0,Female,South,Graduate,Unemployed,451868.08,336862.55,Car,682.0,1,27,76.75,2019-02-05,0
CUST100398,53.0,Male,North,Graduate,Salaried,127269.38,10000.0,Home,657.0,1,34,57.48,2025-08-28,0
CUST100399,37.0,Female,West,Secondary,Self-Employed,442583.14,10000.0,Business,743.0,3,26,7.2,2025-06-21,0
CUST100400,52.0,Female,South,Secondary,Salaried,852148.85,468039.18,Car,488.0,1,22,13.12,2023-08-02,0
CUST100401,20.0,Male,East,Post-Graduate,Salaried,353306.76,99396.15,Business,520.0,2,33,40.09,2018-03-17,0
CUST100402,31.0,Male,East,Primary,Salaried,514655.43,400311.03,Business,757.0,0,39,43.08,2021-12-20,0
CUST100403,38.0,Male,West,Graduate,Unemployed,329915.05,211019.84,Business,665.0,2,32,10.78,2018-10-14,0
CUST100404,39.0,Female,West,Post-Graduate,Self-Employed,609629.27,241966.86,Business,749.0,0,36,14.28,2022-04-18,0
CUST100405,33.0,Male,East,Graduate,Self-Employed,443864.95,143883.73,Business,634.0,2,38,80.54,2021-08-15,0
CUST100406,45.0,Male,East,Graduate,Salaried,298277.8,135828.36,Business,806.0,2,34,19.45,2020-05-10,0
CUST100407,26.0,Male,West,Secondary,Salaried,1040556.98,587197.16,Car,670.0,2,39,,2020-01-12,0
CUST100408,36.0,Male,South,Graduate,Salaried,833405.82,303129.46,Business,714.0,0,32,69.65,2022-09-27,0
CUST100409,39.0,Male,North,Post-Graduate,Salaried,358493.09,126728.78,Other,646.0,1,23,18.87,2024-05-30,0
CUST100410,44.0,Male,South,Graduate,Salaried,657465.09,253381.35,Car,613.0,2,39,30.87,2020-03-19,0
CUST100411,46.0,Female,North,Graduate,Self-Employed,671950.52,10414.71,Other,549.0,0,43,53.87,2026-01-12,0
CUST100412,26.0,Male,East,Secondary,Salaried,711854.67,109882.68,Home,739.0,2,41,7.13,2023-05-14,0
CUST100413,21.0,Male,East,Primary,Salaried,196914.05,39511.06,Car,710.0,2,36,26.59,2019-02-18,0
CUST100414,52.0,Male,East,Post-Graduate,Salaried,869781.21,491805.58,Home,687.0,1,24,74.42,2019-03-07,0
CUST100415,42.0,Male,North,Graduate,Salaried,365502.7,347590.31,Home,595.0,2,37,42.33,2022-12-19,0
CUST100416,30.0,Other,West,Graduate,Salaried,410675.24,26988.1,Business,786.0,2,32,42.66,2021-06-07,0
CUST100417,55.0,,South,Primary,Unemployed,2133337.77,479378.73,Other,688.0,2,25,62.47,2023-04-03,0
CUST100418,39.0,Male,East,Graduate,Self-Employed,590304.47,105907.44,Business,733.0,0,28,21.09,2024-01-28,0
CUST100419,51.0,Female,East,Post-Graduate,Self-Employed,404289.31,188650.82,Other,680.0,2,33,13.83,2021-09-02,0
CUST100420,39.0,Male,South,Graduate,Salaried,148665.11,156353.08,Home,598.0,0,32,40.67,2019-06-28,0
CUST100421,61.0,Male,North,Secondary,Salaried,1073820.76,751611.1,Home,754.0,1,29,22.39,2022-02-23,0
CUST100422,57.0,Female,North,Graduate,Salaried,238589.09,219045.92,Education,714.0,0,33,21.26,2021-11-12,0
CUST100423,35.0,Female,West,Graduate,Self-Employed,287929.8,10000.0,Business,666.0,0,29,13.45,2026-04-25,0
CUST100424,49.0,Other,West,Graduate,Self-Employed,416699.08,229735.41,Home,713.0,2,32,405.7787100406936,2018-03-13,1
CUST100425,45.0,Male,East,Post-Graduate,Salaried,1089674.8,931656.92,Other,741.0,1,35,28.37,2020-10-19,0
CUST100426,53.0,Female,North,Graduate,Salaried,765010.91,87021.47,Education,730.0,3,32,13.71,2019-06-16,0
CUST100427,27.0,Male,South,Post-Graduate,,458425.35,,Other,552.0,1,41,65.03,2024-04-05,0
CUST100428,46.0,Male,West,Graduate,Self-Employed,592392.09,480514.85,Car,568.0,2,39,25.32,2025-07-21,0
CUST100429,50.0,Female,West,Secondary,Unemployed,359385.62,242330.71,Car,735.0,3,40,47.71,2019-07-31,0
CUST100430,19.0,Male,North,Secondary,Salaried,539918.19,449168.67,Business,628.0,2,35,93.32,2021-01-17,1
CUST100431,25.0,Female,North,Secondary,Salaried,520579.86,131857.44,Business,601.0,0,25,64.3,2023-04-30,0
CUST100432,18.0,Female,West,Post-Graduate,Salaried,851867.96,315842.4,Home,708.0,3,35,86.8,2019-12-14,0
CUST100433,35.0,Male,South,Graduate,Salaried,851122.5,180682.8,Other,599.0,1,36,63.45,2022-04-08,0
CUST100434,46.0,Female,South,Graduate,Salaried,656088.48,433183.19,Business,644.0,1,37,26.69,2019-10-04,1
CUST100435,55.0,Female,North,Secondary,Salaried,409655.66,119125.65,Home,744.0,0,28,16.93,2025-03-22,0
CUST100436,39.0,Male,East,Secondary,Self-Employed,751905.28,554469.27,Home,566.0,0,36,25.66,2024-02-16,0
CUST100437,56.0,Female,West,Graduate,Self-Employed,475337.67,330870.77,Education,577.0,1,33,27.1,2020-03-22,0
CUST100438,23.0,Female,West,Graduate,Salaried,275766.69,44023.85,Car,559.0,0,29,76.41,2020-10-11,1
CUST100439,19.0,Male,East,Secondary,Self-Employed,400534.46,128952.6,Business,615.0,1,31,22.84,2025-04-26,1
CUST100440,37.0,Female,East,Graduate,Salaried,523793.72,123214.76,Home,686.0,2,23,10.88,2021-09-24,0
CUST100441,42.0,Other,North,Primary,Salaried,824870.81,549141.15,Business,634.0,3,34,39.08,2023-07-15,0
CUST100442,38.0,Male,East,Secondary,Salaried,451993.41,234444.7,Education,793.0,1,36,34.44,2025-04-30,0
CUST100443,18.0,Female,South,Graduate,Salaried,257121.52,114113.49,Home,714.0,4,35,367.1701296782062,2022-03-21,1
CUST100444,37.0,Male,East,Secondary,Salaried,515850.0,230486.91,Education,679.0,0,36,24.45,2026-01-15,0
CUST100445,24.0,Female,South,Post-Graduate,Salaried,532194.44,251336.57,Home,775.0,0,28,88.54,2023-02-05,0
CUST100446,45.0,Female,South,Secondary,Salaried,553808.41,365259.97,Home,580.0,2,29,46.79,2026-07-04,0
CUST100447,42.0,Male,North,Secondary,Unemployed,829263.06,424363.33,Education,745.0,2,38,25.96,2020-02-23,0
CUST100448,28.0,Male,South,Secondary,Salaried,875693.27,516342.37,Other,662.0,2,38,17.54,2019-11-02,0
CUST100449,32.0,Female,North,Graduate,Salaried,360608.22,281603.04,Home,646.0,1,40,119.13,2025-08-01,0
CUST100450,26.0,Male,North,Graduate,Salaried,356284.37,115860.35,Car,726.0,1,35,100.47,2025-01-17,0
CUST100451,37.0,Female,West,Graduate,Self-Employed,282166.92,65203.02,Car,649.0,1,26,60.7,2025-01-28,0
CUST100452,49.0,Male,South,Primary,Salaried,734328.68,392904.47,Car,694.0,2,34,28.07,2020-04-26,0
CUST100453,27.0,Female,East,Primary,Self-Employed,1109271.93,237276.64,Car,673.0,3,26,16.86,2021-05-26,0
CUST100454,44.0,Female,West,Graduate,Salaried,420444.73,313748.55,Business,703.0,0,26,17.39,2021-07-01,0
CUST100455,32.0,Female,West,Post-Graduate,Salaried,437825.88,224861.05,Home,642.0,0,33,27.81,2026-05-02,0
CUST100456,29.0,Male,East,Post-Graduate,Salaried,1120285.12,829621.77,Other,750.0,2,34,22.77,2021-10-16,0
CUST100457,37.0,Female,West,Secondary,Salaried,660280.61,384477.49,Home,527.0,5,30,32.76,2022-10-31,1
CUST100458,27.0,Female,South,Graduate,Salaried,635579.85,147824.49,Other,728.0,1,24,31.62,2026-02-09,0
CUST100459,32.0,Male,South,Post-Graduate,Salaried,259719.97,164853.23,Other,538.0,4,33,14.75,2018-06-27,0
CUST100460,25.0,Male,South,Graduate,Salaried,726260.33,479016.09,Education,623.0,8,31,15.2,2018-10-03,1
CUST100461,60.0,Male,East,Post-Graduate,Salaried,,177428.93,Home,719.0,1,36,26.15,2024-06-17,0
CUST100462,38.0,Female,East,Secondary,Salaried,267975.89,142772.21,Education,529.0,1,39,31.01,2022-07-24,0
CUST100463,30.0,Female,South,Post-Graduate,Unemployed,413180.16,356174.24,Business,692.0,0,41,83.77,2020-03-01,0
CUST100464,40.0,Male,North,Graduate,Salaried,362281.71,233674.88,Business,577.0,2,33,40.67,2022-08-04,0
CUST100465,37.0,Female,East,Post-Graduate,Self-Employed,442627.37,78853.8,Education,607.0,2,33,39.62,2021-11-25,0
CUST100466,36.0,Male,North,Graduate,Self-Employed,,253914.26,Car,604.0,1,33,41.81,2021-05-25,0
CUST100467,,Male,East,Graduate,Salaried,847217.18,520357.95,Business,579.0,2,31,71.05,2025-07-08,0
CUST100468,46.0,Female,East,Post-Graduate,,929675.46,200671.59,Other,550.0,0,24,250.0,2018-01-27,1
CUST100469,32.0,Female,West,Secondary,Salaried,171326.27,57206.26,Business,835.0,1,39,21.42,2026-02-08,0
CUST100470,32.0,Female,West,Graduate,Self-Employed,856419.13,518833.86,Other,666.0,1,36,113.3,2024-10-05,0
CUST100471,35.0,Male,West,Graduate,Self-Employed,320158.87,292219.68,Education,587.0,1,31,9.51,2026-06-13,0
CUST100472,18.0,Female,East,Graduate,Self-Employed,801067.04,210472.9,Business,638.0,0,25,26.36,2024-12-23,0
CUST100473,21.0,Female,West,Post-Graduate,Unemployed,481527.11,145285.06,Business,683.0,1,34,13.46,2026-02-03,0
CUST100474,53.0,Male,East,Secondary,Self-Employed,507976.23,394389.75,Business,652.0,2,32,52.7,2024-06-30,0
CUST100475,56.0,Female,North,Graduate,Salaried,451603.41,346702.06,Car,585.0,1,26,63.11,2021-09-09,0
CUST100476,35.0,Female,North,Graduate,Salaried,973871.3,1686028.917177187,Education,613.0,0,35,10.9,2022-05-10,1
CUST100477,44.0,Female,South,Primary,Self-Employed,252859.68,215300.7,Education,769.0,2,31,68.4,2022-09-23,1
CUST100478,41.0,Male,South,Graduate,Salaried,698489.6,529573.15,Car,575.0,0,33,42.52,2018-10-12,0
CUST100479,,Female,East,Secondary,Salaried,916296.21,191365.86,Car,530.0,2,42,58.19,2021-01-17,1
CUST100480,50.0,Female,West,Secondary,Self-Employed,741440.67,292586.96,Business,651.0,2,26,75.13,2020-12-04,0
CUST100481,37.0,Male,North,Post-Graduate,Salaried,1795775.97,1283474.99,Education,535.0,0,25,53.73,2024-12-20,0
CUST100482,27.0,Female,North,Graduate,Unemployed,373787.47,209257.06,Home,612.0,1,34,9.08,2020-06-30,0
CUST100483,20.0,Female,West,Graduate,Self-Employed,846513.16,272735.42,Business,586.0,2,33,24.38,2022-12-20,1
CUST100484,40.0,Male,North,Post-Graduate,Salaried,471659.93,263693.19,Other,587.0,2,34,10.29,2024-01-02,0
CUST100485,30.0,Male,South,Graduate,Unemployed,985334.76,411468.37,Car,685.0,1,34,4.92,2026-03-15,0
CUST100486,22.0,Female,East,Post-Graduate,Salaried,497889.99,75856.53,Home,699.0,2,36,12.7,2018-03-23,0
CUST100487,31.0,Female,East,Graduate,Salaried,403944.07,311574.21,Other,620.0,4,32,25.91,2020-09-06,0
CUST100488,26.0,Female,North,Post-Graduate,Salaried,1025512.55,654343.3,Other,673.0,0,29,107.81,2021-04-05,0
CUST100489,57.0,Male,North,Secondary,Salaried,381552.72,342987.12,Car,616.0,1,23,32.41,2022-11-08,0
CUST100490,48.0,Other,North,Post-Graduate,Salaried,229891.84,157902.98,Home,710.0,2,37,42.75,2022-12-31,0
CUST100491,38.0,Male,East,Secondary,Salaried,376283.3,110053.65,Car,569.0,2,29,21.97,2024-12-10,0
CUST100492,54.0,Male,East,Secondary,Salaried,702802.71,77541.92,Business,692.0,2,23,28.3,2022-11-09,0
CUST100493,39.0,Female,South,Graduate,Salaried,1075164.99,450096.94,Home,698.0,0,39,34.79,2021-08-26,0
CUST100494,29.0,Male,East,Graduate,Self-Employed,531513.85,144717.03,Education,850.0,0,34,27.14,2023-07-01,0
CUST100495,55.0,Male,West,Graduate,Self-Employed,1032374.21,558328.69,Car,548.0,1,32,49.12,2018-03-23,0
CUST100496,44.0,Male,North,Graduate,Salaried,236893.79,49602.24,Other,850.0,2,36,20.13,2018-04-04,0
CUST100497,27.0,Male,East,Graduate,Salaried,391824.17,101300.59,Car,737.0,2,28,9.58,2021-09-06,0
CUST100498,36.0,Male,East,Secondary,Salaried,426619.19,181099.57,Education,817.0,0,40,7.7,2018-12-09,0
CUST100499,28.0,Female,South,Primary,Salaried,469468.13,227507.8,Other,748.0,1,27,59.9,2025-10-15,0
CUST100500,23.0,Male,South,Secondary,Self-Employed,523669.11,239521.74,Car,609.0,4,39,2.47,2024-08-05,0
CUST100501,48.0,Female,East,Graduate,Self-Employed,731143.05,,Car,729.0,2,44,27.93,2023-01-29,0
CUST100502,59.0,Female,West,Secondary,Salaried,391491.71,63858.47,Business,630.0,1,22,13.13,2020-12-25,0
CUST100503,23.0,Female,West,Graduate,Salaried,539732.62,342535.77,Car,673.0,1,34,50.36,2019-09-16,0
CUST100504,44.0,Male,East,Graduate,Salaried,487743.92,73987.53,Business,592.0,2,37,33.13,2020-05-17,0
CUST100505,31.0,Female,West,Primary,Self-Employed,300476.23,339805.79658733454,Home,629.0,0,32,33.74,2024-10-12,0
CUST100506,,Female,South,Graduate,Salaried,469698.7,258494.86,Home,747.0,0,25,35.87,2018-06-20,0
CUST100507,31.0,Female,East,Post-Graduate,Unemployed,462014.08,37787.04,Other,713.0,2,25,35.0,2022-11-18,0
CUST100508,28.0,Female,South,Secondary,Self-Employed,456602.76,277874.23,Education,757.0,0,44,9.55,2019-08-01,0
CUST100509,39.0,Female,North,Graduate,Salaried,508810.58,230706.0,Business,575.0,1,27,22.96,2018-03-09,0
CUST100510,29.0,Male,West,Graduate,Salaried,521249.36,60703.71,Home,540.0,2,32,16.3,2022-02-24,0
CUST100511,41.0,Female,East,Graduate,Unemployed,394195.02,35385.94,Home,763.0,1,35,18.82,2020-11-23,0
CUST100512,37.0,Female,South,Graduate,Salaried,1006869.41,937779.72,Business,757.0,4,29,35.37,2018-01-01,0
CUST100513,35.0,Female,West,Graduate,Salaried,262800.12,137125.45,Car,696.0,1,22,60.16,2024-01-08,0
CUST100514,28.0,Other,North,Graduate,Salaried,336323.85,300829.52,Car,711.0,1,37,58.75,2020-06-20,0
CUST100515,32.0,,South,Primary,Self-Employed,2306734.33,1130372.63,Home,745.0,1,35,39.81,2022-12-13,0
CUST100516,46.0,Other,North,Graduate,Self-Employed,282509.69,210705.25,Car,694.0,3,26,24.03,2024-04-24,0
CUST100517,44.0,Male,West,Graduate,Self-Employed,237470.41,169151.11,Business,720.0,2,35,33.71,2020-01-20,0
CUST100518,27.0,Male,West,Primary,Self-Employed,748873.67,189456.08,Business,741.0,4,42,53.83,2025-04-29,0
CUST100519,39.0,Male,South,Graduate,Self-Employed,159523.65,46898.49,Business,673.0,0,28,18.73,2020-03-05,0
CUST100520,46.0,Male,East,Post-Graduate,Unemployed,439310.94,162482.7,Business,654.0,1,32,32.69,2023-08-29,0
CUST100521,20.0,Female,South,Graduate,Salaried,1627518.61,887441.47,Education,709.0,4,29,21.82,2022-12-25,0
CUST100522,44.0,Male,West,Graduate,Salaried,213768.43,132975.23,Education,850.0,0,41,18.5,2023-09-14,0
CUST100523,31.0,Male,South,Post-Graduate,Self-Employed,168094.72,10000.0,Business,616.0,1,37,31.28,2019-01-06,0
CUST100524,44.0,,South,Graduate,,219216.2,38148.73,Car,648.0,1,41,24.13,2024-12-13,0
CUST100525,30.0,Female,West,Graduate,Salaried,819509.39,335997.6,Home,548.0,2,31,40.45,2025-11-04,0
CUST100526,18.0,Female,South,Graduate,Salaried,928188.92,581966.05,Other,713.0,0,37,24.4,2023-08-17,0
CUST100527,20.0,Female,North,Post-Graduate,Self-Employed,377165.57,361221.48,Home,640.0,1,39,29.21,2025-02-09,0
CUST100528,39.0,Female,East,Graduate,Self-Employed,728053.78,260999.96,Home,575.0,1,37,9.54,2019-01-06,0
CUST100529,41.0,Male,West,Graduate,Salaried,1074110.9,324316.18,Education,675.0,2,28,55.5,2022-08-16,0
CUST100530,28.0,Male,South,Graduate,Salaried,1336284.96,521601.03,Business,792.0,3,31,56.2,2020-01-27,0
CUST100531,45.0,Female,North,Post-Graduate,Salaried,436646.39,363657.74,Education,290.0,9,33,16.27,2021-02-12,1
CUST100532,20.0,Male,South,Graduate,Salaried,141005.47,10000.0,Car,660.0,0,26,17.51,2021-09-22,0
CUST100533,37.0,Female,East,Secondary,Salaried,318341.5,116768.85,Other,789.0,2,30,36.7,2025-03-06,0
CUST100534,25.0,Male,North,Post-Graduate,Salaried,395387.3,212915.75,Business,680.0,1,34,22.45,2025-06-21,0
CUST100535,31.0,Male,East,Graduate,Salaried,433630.05,113436.02,Business,589.0,0,36,39.55,2021-03-11,0
CUST100536,39.0,Female,West,Primary,Salaried,450917.97,114105.88,Home,732.0,1,33,79.02,2022-02-17,0
CUST100537,29.0,Female,South,Graduate,Self-Employed,925190.93,366733.12,Home,764.0,1,29,16.94,2022-01-01,0
CUST100538,34.0,Female,South,Graduate,Self-Employed,1007818.86,732137.2,Car,665.0,0,27,58.4,2023-11-06,0
CUST100539,49.0,Female,South,Post-Graduate,Salaried,454950.03,252157.39,Home,690.0,1,30,14.61,2019-04-08,0
CUST100540,32.0,Male,North,Secondary,Salaried,914863.41,479710.15,Home,582.0,2,28,18.75,2026-07-17,0
CUST100541,47.0,Male,West,Post-Graduate,Self-Employed,608697.76,421446.95,Home,615.0,3,23,36.92,2019-04-26,0
CUST100542,,Female,South,Graduate,Salaried,,286986.6,Education,655.0,1,36,48.74,2020-04-02,1
CUST100543,44.0,,South,Primary,Unemployed,823206.75,325310.96,Business,686.0,2,30,77.48,2019-06-08,0
CUST100544,54.0,Male,East,Post-Graduate,Self-Employed,520269.38,125049.85,Business,634.0,2,38,94.92,2024-03-08,1
CUST100545,18.0,Female,South,Graduate,Salaried,1550610.88,672886.08,Home,652.0,2,21,26.16,2018-09-01,1
CUST100546,29.0,Male,East,Secondary,Unemployed,226666.99,41794.07,Car,671.0,3,45,32.44,2018-08-27,0
CUST100547,44.0,Male,North,Graduate,Salaried,376630.31,269752.47,Home,605.0,0,32,41.0,2021-05-05,1
CUST100548,36.0,Male,West,Post-Graduate,Salaried,466390.24,94942.66,Car,660.0,3,30,31.42,2020-02-08,0
CUST100549,42.0,Female,West,Secondary,Self-Employed,636705.41,327653.68,Car,767.0,2,36,25.95,2018-08-23,0
CUST100550,31.0,Female,East,Secondary,Salaried,6687315.28493366,2031127.83,Education,635.0,2,26,21.33,2024-02-13,0
CUST100551,39.0,Male,West,Secondary,Unemployed,493335.21,361667.82,Other,612.0,4,29,49.19,2025-07-23,0
CUST100552,36.0,Female,North,Secondary,Salaried,228693.3,89643.93,Business,836.0,2,36,77.87,2019-05-12,0
CUST100553,51.0,Male,South,Graduate,Salaried,794720.71,312997.95,Business,697.0,0,33,8.51,2022-02-28,0
CUST100554,41.0,Male,East,Graduate,Salaried,757357.51,614190.71,Other,622.0,1,36,27.56,2023-03-19,0
CUST100555,42.0,Male,East,Secondary,Self-Employed,171843.78,37209.28,Business,,1,35,8.7,2024-02-13,0
CUST100556,33.0,Male,South,Secondary,Salaried,498954.96,514120.96,Business,699.0,0,28,47.23,2022-06-23,0
CUST100557,33.0,Male,South,Graduate,Salaried,208518.98,97918.1,Education,637.0,5,41,18.39,2020-07-24,0
CUST100558,33.0,Female,North,Post-Graduate,Self-Employed,346904.66,175946.98,Education,676.0,2,35,71.01,2021-06-22,0
CUST100559,42.0,Female,South,Graduate,Salaried,304314.95,259220.63,Business,658.0,2,34,29.15,2024-06-18,0
CUST100560,33.0,Female,North,Post-Graduate,Self-Employed,780319.68,607093.28,Home,754.0,0,31,47.65,2020-03-29,0
CUST100561,41.0,Male,West,Graduate,Salaried,533182.99,157110.7,Business,731.0,5,25,16.64,2018-01-22,0
CUST100562,61.0,Male,North,Secondary,Self-Employed,246542.17,143110.91,Other,519.0,3,25,,2023-10-17,0
CUST100563,48.0,Male,North,Post-Graduate,Self-Employed,811305.26,423933.92,Business,,4,29,35.58,2024-09-05,1
CUST100564,34.0,Male,East,Graduate,Salaried,227241.86,110800.93,Home,,0,34,42.81,2020-12-24,0
CUST100565,51.0,Female,East,Graduate,Salaried,599544.79,230226.94,Car,809.0,2,23,20.2,2023-01-02,0
CUST100566,34.0,Male,West,Post-Graduate,Self-Employed,319546.32,109216.75,Business,734.0,0,29,67.03,2023-06-14,0
CUST100567,18.0,Female,East,Primary,Salaried,408906.16,367864.01,Other,699.0,0,28,41.1,2019-12-30,0
CUST100568,27.0,Female,South,Secondary,Unemployed,659813.36,574276.54,Car,673.0,1,32,75.46,2025-02-01,0
CUST100569,18.0,Male,West,Graduate,Salaried,666076.99,273332.51,Business,850.0,1,36,9.74,2025-02-28,0
CUST100570,34.0,Female,East,Secondary,Salaried,1043088.28,195662.12,Business,660.0,2,29,36.08,2023-02-17,0
CUST100571,38.0,Female,North,Secondary,Salaried,477884.26,165599.99,Home,630.0,1,35,28.34,2026-01-26,0
CUST100572,,Female,East,Primary,Unemployed,591792.5,313436.67,Business,636.0,2,30,96.27,2018-07-31,0
CUST100573,42.0,Female,West,Primary,Salaried,393016.88,125381.29,Car,680.0,0,31,49.94,2022-11-09,0
CUST100574,36.0,Male,South,Graduate,Self-Employed,552637.65,280229.59,Education,680.0,1,31,31.78,2018-07-19,0
CUST100575,47.0,Male,South,Secondary,Self-Employed,636717.09,167490.6,Education,755.0,2,31,47.91,2020-09-13,0
CUST100576,18.0,Male,North,Graduate,Salaried,473682.7,417501.31,Business,737.0,0,20,23.48,2018-06-27,0
CUST100577,41.0,Male,North,Graduate,Salaried,185405.5,10000.0,Business,737.0,1,19,43.98,2021-12-17,0
CUST100578,46.0,Female,South,Graduate,Self-Employed,599992.46,343134.42,Car,663.0,4,34,131.15,2020-07-19,1
CUST100579,22.0,Male,East,Primary,Salaried,611012.19,385405.04,Other,731.0,2,25,21.17,2023-07-30,0
CUST100580,51.0,,North,Graduate,Self-Employed,343955.64,139017.27,Business,739.0,2,32,35.66,2022-01-25,0
CUST100581,42.0,Female,West,Primary,Salaried,246705.48,115923.03,Business,,0,35,17.83,2023-09-23,0
CUST100582,33.0,Male,West,Graduate,Salaried,1125904.09,454213.68,Car,701.0,5,32,15.45,2021-12-25,1
CUST100583,45.0,Male,East,Post-Graduate,Self-Employed,655175.49,349552.55,Home,739.0,1,32,58.8,2018-06-17,0
CUST100584,63.0,Female,West,Graduate,Salaried,440809.82,332634.01,Education,,0,31,12.54,2024-05-23,0
CUST100585,40.0,Female,North,Graduate,Salaried,267532.22,219659.03,Other,703.0,0,34,43.51,2025-07-19,0
CUST100586,41.0,Female,South,Graduate,Salaried,318177.67,308190.59,Home,786.0,3,31,56.43,2024-07-12,0
CUST100587,,Male,East,Graduate,Salaried,1023550.57,647587.78,Other,696.0,3,31,24.23,2019-08-09,0
CUST100588,29.0,Male,West,Post-Graduate,Salaried,539327.05,446783.21,Business,634.0,1,35,73.76,2023-03-31,0
CUST100589,47.0,Male,West,Post-Graduate,Self-Employed,369364.96,164093.14,Business,579.0,1,47,69.59,2024-02-09,1
CUST100590,29.0,Male,South,Graduate,Salaried,661782.65,305679.64,Business,688.0,1,32,24.13,2018-01-16,0
CUST100591,39.0,Female,West,Graduate,Salaried,319478.22,123449.39,Education,655.0,1,42,10.89,2022-05-23,1
CUST100592,33.0,Female,North,Post-Graduate,Self-Employed,1141469.52,317713.42,Business,741.0,1,25,,2026-01-13,0
CUST100593,43.0,Female,West,Post-Graduate,Salaried,1052210.42,566003.45,Car,,1,35,31.08,2020-04-16,0
CUST100594,42.0,Female,West,Graduate,Salaried,386832.72,209992.02,Business,603.0,12,39,37.17,2023-11-28,0
CUST100595,49.0,Female,North,Graduate,Unemployed,353838.1,,Business,614.0,1,45,45.49,2022-04-26,0
CUST100596,32.0,Male,West,Secondary,Self-Employed,118467.05,13815.55,Business,678.0,0,35,9.2,2018-11-02,0
CUST100597,35.0,Male,North,Post-Graduate,Salaried,221348.56,145537.86,Business,620.0,1,22,23.11,2026-04-16,0
CUST100598,27.0,Female,South,Secondary,Self-Employed,239343.49,209427.05,Home,663.0,0,23,89.97,2023-08-16,0
CUST100599,33.0,Male,East,Graduate,Salaried,538594.4,254542.43,Home,640.0,1,33,37.97,2025-11-30,0
CUST100600,42.0,Female,East,Secondary,Salaried,417873.84,142392.79,Business,604.0,1,39,47.58,2022-09-13,0
CUST100601,46.0,Female,West,Secondary,Salaried,238572.58,70500.51,Car,,0,35,35.74,2018-12-27,0
CUST100602,28.0,Male,East,Graduate,Salaried,428361.68,306047.86,Education,686.0,1,29,46.63,2021-04-23,0
CUST100603,48.0,Female,East,Post-Graduate,Salaried,660200.47,353544.64,Car,817.0,3,29,68.65,2023-02-02,0
CUST100604,53.0,Female,West,Primary,Salaried,668422.02,364037.54,Home,707.0,4,33,5.27,2025-05-27,0
CUST100605,43.0,Female,West,Graduate,Salaried,175877.8,78264.26,Home,777.0,1,38,54.01,2023-05-26,0
CUST100606,59.0,Female,North,Secondary,Unemployed,465942.94,215256.65,Business,625.0,1,35,31.4,2021-01-28,0
CUST100607,29.0,Female,West,Secondary,Salaried,233637.48,104838.38,Education,624.0,3,36,60.24,2021-01-18,0
CUST100608,24.0,Male,North,Graduate,Salaried,821029.37,578255.52,Education,847.0,0,25,24.87,2020-09-10,0
CUST100609,18.0,Male,West,Graduate,Salaried,769613.64,580526.81,Other,634.0,0,31,24.13,2021-06-23,0
CUST100610,54.0,Female,South,Secondary,Salaried,,371035.91,Home,609.0,3,36,12.12,2025-08-03,0
CUST100611,45.0,Female,North,Secondary,Self-Employed,328088.45,192849.72,Car,592.0,3,32,32.0,2026-08-19,0
CUST100612,37.0,Male,South,Secondary,Salaried,387963.48,232001.66,Business,824.0,3,37,11.43,2023-12-03,0
CUST100613,,Male,East,Secondary,Salaried,144831.61,105588.05,Business,659.0,5,32,30.01,2024-05-12,1
CUST100614,26.0,Female,South,Post-Graduate,Salaried,601478.38,227701.0,Car,710.0,2,36,37.14,2023-10-29,0
CUST100615,65.0,Female,North,Post-Graduate,Self-Employed,430326.23,165444.34,Other,691.0,0,24,18.98,2018-06-28,0
CUST100616,39.0,Female,East,Graduate,Salaried,852526.59,197807.45,Other,626.0,2,37,8.24,2019-07-15,0
CUST100617,39.0,Female,West,Graduate,Salaried,273276.21,10000.0,Home,658.0,0,35,6.39,2024-12-31,0
CUST100618,46.0,Male,South,Post-Graduate,Salaried,355701.0,177612.61,Home,743.0,3,43,14.85,2024-04-26,0
CUST100619,43.0,Male,North,Primary,Salaried,218332.52,87086.26,Business,588.0,0,34,5.93,2022-12-15,0
CUST100620,40.0,Female,South,Post-Graduate,Salaried,287794.96,99184.74,Car,731.0,1,33,36.44,2018-10-19,0
CUST100621,29.0,Male,North,Post-Graduate,Self-Employed,260999.37,163082.03,Home,788.0,0,34,133.43,2026-01-11,0
CUST100622,43.0,Male,West,Secondary,Self-Employed,864709.51,203309.79,Business,702.0,0,33,11.92,2018-10-18,0
CUST100623,59.0,Male,West,Secondary,Self-Employed,340550.72,134728.2,Car,780.0,0,41,153.8,2019-06-26,0
CUST100624,53.0,Female,East,Post-Graduate,Salaried,535341.43,362962.65,Education,577.0,0,22,35.47,2023-03-25,0
CUST100625,56.0,Female,South,Graduate,Salaried,405527.31,190086.2,Home,543.0,1,27,40.79,2025-09-12,1
CUST100626,32.0,Male,West,Primary,Salaried,248738.51,167280.85,Business,698.0,2,31,8.74,2026-08-01,0
CUST100627,,Male,East,Secondary,Unemployed,455794.87,319018.38,Education,636.0,4,41,37.61,2019-08-17,0
CUST100628,37.0,Female,West,Graduate,Salaried,695141.16,466656.94,Home,746.0,2,27,22.02,2021-11-29,0
CUST100629,39.0,Other,East,Graduate,Self-Employed,257325.14,112752.25,Car,657.0,3,34,86.33,2020-08-05,1
CUST100630,50.0,Male,West,Graduate,Salaried,780254.49,168422.35,Education,691.0,2,26,6.4,2024-12-02,0
CUST100631,19.0,Female,East,Post-Graduate,Salaried,313331.45,179792.14,Other,686.0,5,45,22.33,2021-09-10,0
CUST100632,55.0,Male,South,Secondary,Salaried,383357.1,117253.9,Other,688.0,5,26,17.07,2019-01-16,1
CUST100633,36.0,Female,West,Graduate,Salaried,669468.3,524522.95,Car,639.0,0,33,41.97,2022-09-01,0
CUST100634,33.0,Male,East,Graduate,Unemployed,347136.55,170423.04,Business,578.0,1,41,3.2,2018-11-06,0
CUST100635,27.0,Male,East,Graduate,Unemployed,510440.6,223987.53,Business,664.0,1,31,84.62,2022-08-21,0
CUST100636,20.0,Female,North,Secondary,Salaried,420535.18,131177.44,Business,789.0,2,35,40.82,2022-02-07,0
CUST100637,47.0,Female,East,Post-Graduate,Salaried,536872.43,465327.31,Education,634.0,1,30,38.88,2026-07-25,0
CUST100638,39.0,Male,East,Post-Graduate,Unemployed,134990.12,73183.47,Home,634.0,0,27,430.92610649175765,2025-12-04,1
CUST100639,24.0,Female,North,Graduate,Self-Employed,182779.97,201317.29,Business,692.0,0,35,55.97,2024-10-08,0
CUST100640,24.0,Male,North,Graduate,Salaried,701618.6,177057.3,Home,592.0,1,37,52.21,2021-03-11,0
CUST100641,34.0,Female,East,Secondary,Salaried,,101273.29,Home,755.0,0,37,72.76,2019-10-23,0
CUST100642,56.0,Male,West,Graduate,Salaried,303032.61,181492.49,Education,599.0,1,32,26.24,2024-03-23,1
CUST100643,35.0,Female,East,Graduate,Salaried,437200.76,190705.43,Other,658.0,1,34,,2022-02-06,0
CUST100644,21.0,Male,North,Graduate,Salaried,587986.32,350804.37,Car,850.0,1,34,19.64,2023-09-04,0
CUST100645,35.0,Female,East,Post-Graduate,Salaried,4005767.911498612,767206.81,Business,594.0,0,33,61.73,2023-11-13,0
CUST100646,35.0,Female,North,Graduate,Salaried,163921.16,10000.0,Car,790.0,2,33,22.46,2024-12-30,0
CUST100647,18.0,Female,South,Graduate,Salaried,307134.56,224276.82,Other,689.0,2,30,109.53,2019-07-19,0
CUST100648,37.0,Female,North,Graduate,Salaried,416417.95,66861.58,Education,700.0,0,37,56.88,2022-05-25,0
CUST100649,35.0,Female,North,Secondary,Self-Employed,736077.35,178343.76,Home,619.0,1,46,100.03,2021-04-14,1
CUST100650,46.0,Male,North,Graduate,Self-Employed,1975832.02,317052.43,Car,740.0,2,36,23.44,2019-10-06,0
CUST100651,58.0,Male,South,Graduate,Salaried,441070.6,181762.0,Car,653.0,1,32,44.58,2021-12-02,0
CUST100652,50.0,Female,North,Graduate,Unemployed,230619.81,36910.34,Home,594.0,1,28,14.96,2024-12-12,0
CUST100653,35.0,Male,South,Graduate,Unemployed,623816.05,37806.21,Home,789.0,1,32,58.92,2023-05-05,0
CUST100654,26.0,Female,East,Graduate,Salaried,1033964.56,478030.23,Business,651.0,1,20,46.9,2019-04-04,0
CUST100655,66.0,Female,East,Graduate,Salaried,530603.94,353204.36,Car,541.0,1,44,54.74,2026-01-27,0
CUST100656,39.0,,South,Graduate,Self-Employed,303672.98,110334.03,Business,660.0,2,32,25.1,2018-12-04,0
CUST100657,38.0,Female,West,Graduate,Self-Employed,846834.06,526164.67,Home,741.0,1,30,36.53,2026-03-30,0
CUST100658,38.0,Male,North,Post-Graduate,Unemployed,720221.06,192237.12,Education,729.0,2,36,35.17,2021-09-16,0
CUST100659,40.0,Female,East,Secondary,Self-Employed,284366.42,105194.15,Car,632.0,0,36,25.19,2023-07-07,0
CUST100660,36.0,Male,North,Secondary,Salaried,616705.86,89284.18,Home,607.0,3,36,38.1,2018-12-11,1
CUST100661,32.0,Male,North,Graduate,Salaried,865324.14,648729.92,Education,578.0,0,25,42.88,2019-07-30,0
CUST100662,32.0,Female,East,Secondary,Salaried,957808.27,247397.1,Home,678.0,6,40,48.41,2022-04-20,1
CUST100663,38.0,Female,East,Primary,Salaried,482056.42,428922.0,Business,691.0,3,37,24.72,2022-03-28,0
CUST100664,32.0,Female,West,Graduate,Salaried,410618.44,194428.04,Business,733.0,2,31,56.82,2020-07-31,0
CUST100665,30.0,Female,East,Graduate,Self-Employed,982017.08,344230.39,Education,669.0,2,33,54.36,2018-12-12,0
CUST100666,39.0,Male,West,Graduate,Salaried,256985.54,212508.97,Home,667.0,1,31,49.04,2018-11-21,0
CUST100667,35.0,Female,North,Post-Graduate,Self-Employed,636399.63,378431.54,Car,659.0,0,31,59.79,2024-11-19,0
CUST100668,55.0,Male,North,Graduate,Salaried,235354.63,90148.81,Education,691.0,1,27,29.29,2023-11-09,0
CUST100669,18.0,Female,North,Post-Graduate,Salaried,898354.76,,Business,670.0,1,36,13.24,2018-10-21,0
CUST100670,50.0,Female,North,Secondary,Salaried,433843.15,154331.5,Home,750.0,1,42,54.5,2019-06-08,0
CUST100671,52.0,Female,East,Graduate,Salaried,1004584.07,271578.68,Home,703.0,3,29,21.54,2025-12-07,0
CUST100672,18.0,Female,East,Post-Graduate,Self-Employed,655163.69,542493.38,Car,688.0,3,26,8.59,2018-09-16,0
CUST100673,34.0,Male,North,Graduate,Self-Employed,255146.27,116121.16,Education,677.0,2,39,22.01,2021-01-15,0
CUST100674,34.0,Female,West,Graduate,Unemployed,1094609.93,833792.84,Home,609.0,2,30,37.51,2022-02-26,0
CUST100675,23.0,Male,West,Graduate,Salaried,1173555.13,263813.99,Education,680.0,1,39,80.35,2024-02-12,0
CUST100676,29.0,Female,South,Secondary,Salaried,812296.7,552796.47,Car,632.0,2,40,43.14,2024-07-19,0
CUST100677,26.0,Male,North,Graduate,Salaried,328893.76,93142.2,Car,706.0,1,32,59.56,2020-03-31,0
CUST100678,57.0,Female,North,Graduate,Salaried,422546.89,373589.01,Car,664.0,2,27,53.7,2023-03-08,0
CUST100679,48.0,Female,North,Post-Graduate,Self-Employed,541635.39,335403.91,Business,805.0,3,31,366.32679910467033,2025-08-20,1
CUST100680,52.0,Male,North,Secondary,Self-Employed,339531.72,112945.87,Home,585.0,2,32,27.61,2022-03-20,0
CUST100681,46.0,Male,East,Post-Graduate,Self-Employed,1268256.9,678714.73,Home,447.0,1,31,14.91,2019-07-23,0
CUST100682,26.0,Female,South,Post-Graduate,Salaried,541307.58,109451.06,Car,700.0,1,31,118.13,2026-03-17,0
CUST100683,32.0,Male,South,Secondary,Self-Employed,113042.82,,Car,632.0,0,39,22.48,2019-05-24,0
CUST100684,43.0,Male,West,Graduate,,602600.1,427911.43,Car,692.0,0,33,27.21,2022-04-13,0
CUST100685,25.0,Male,East,Post-Graduate,Self-Employed,412865.36,104813.75,Business,587.0,1,36,30.82,2023-08-26,0
CUST100686,46.0,Male,West,Post-Graduate,Salaried,479813.98,307947.7,Other,823.0,1,24,22.03,2019-06-09,0
CUST100687,35.0,Female,North,Graduate,Salaried,408244.98,116715.34,Car,651.0,2,22,47.43,2024-02-26,0
CUST100688,34.0,Female,South,Secondary,Salaried,779368.23,438738.72,Business,627.0,3,21,22.33,2021-04-22,0
CUST100689,46.0,Male,East,Graduate,Unemployed,925594.63,478542.51,Car,822.0,0,35,26.76,2018-11-05,0
CUST100690,43.0,Male,North,Graduate,Salaried,584225.67,343884.36,Car,743.0,2,30,21.04,2023-01-14,0
CUST100691,34.0,Male,North,Secondary,Salaried,414879.01,103473.43,Other,784.0,1,31,26.33,2021-10-15,0
CUST100692,51.0,Male,East,Graduate,Self-Employed,488760.52,378678.84,Business,667.0,2,41,12.71,2024-04-25,0
CUST100693,26.0,Male,East,Primary,Salaried,505419.05,10000.0,Other,684.0,1,38,10.29,2023-04-27,0
CUST100694,45.0,Male,South,Primary,Salaried,321588.11,145056.82,Home,635.0,1,45,91.55,2021-03-26,1
CUST100695,45.0,Male,East,Graduate,Salaried,687470.46,117130.84,Home,626.0,3,37,59.77,2024-10-08,0
CUST100696,35.0,Female,South,Graduate,Salaried,643956.63,549380.62,Education,710.0,0,32,82.47,2025-09-27,0
CUST100697,42.0,Male,North,Secondary,Unemployed,1166602.29,349141.87,Business,652.0,0,38,87.27,2020-11-10,1
CUST100698,24.0,Female,South,Graduate,Self-Employed,997298.85,525953.34,Home,847.0,2,31,16.52,2025-05-10,0
CUST100699,48.0,Female,North,Secondary,Salaried,342916.47,102801.03,Business,743.0,0,29,80.17,2026-02-15,0
CUST100700,36.0,Female,North,Secondary,Unemployed,785069.47,536229.91,Education,821.0,0,27,66.73,2020-10-08,0
CUST100701,32.0,Female,West,Secondary,Salaried,296362.61,81297.88,Car,513.0,0,34,26.17,2018-12-16,0
CUST100702,50.0,,East,Post-Graduate,Salaried,733164.98,442863.94,Education,822.0,2,32,42.85,2020-08-18,0
CUST100703,30.0,Female,West,Graduate,Salaried,376331.46,96847.07,Business,,1,28,58.43,2019-03-14,0
CUST100704,23.0,Female,South,Graduate,Salaried,284809.01,259763.21,Home,585.0,0,37,50.34,2019-04-01,0
CUST100705,21.0,Female,South,Graduate,Salaried,583259.99,57972.07,Other,549.0,2,34,,2025-04-25,0
CUST100706,45.0,Female,South,Post-Graduate,Unemployed,114846.47,20064.23,Car,698.0,0,46,37.9,2022-04-19,0
CUST100707,24.0,Female,North,Secondary,Self-Employed,190865.98,118800.98,Home,679.0,0,36,46.33,2021-01-08,1
CUST100708,57.0,Male,North,Graduate,Salaried,453496.5,38319.29,Business,740.0,1,32,25.58,2022-01-15,0
CUST100709,18.0,Male,West,Graduate,Salaried,523193.34,157919.44,Other,673.0,0,30,49.81,2022-06-07,0
CUST100710,57.0,Male,East,Graduate,Self-Employed,408087.97,339464.71,Business,772.0,1,32,19.65,2022-02-21,0
CUST100711,40.0,Female,East,Secondary,Unemployed,209750.38,143663.8,Business,610.0,0,27,81.83,2019-10-05,0
CUST100712,37.0,Female,South,Graduate,Self-Employed,318864.93,200006.95,Business,774.0,3,25,64.72,2019-01-27,0
CUST100713,32.0,Female,West,Primary,Salaried,620033.33,155286.89,Other,678.0,1,29,59.22,2025-03-06,0
CUST100714,42.0,Female,North,Graduate,Self-Employed,688550.09,297986.33,Home,,1,27,44.21,2023-09-12,1
CUST100715,38.0,Male,South,Graduate,Salaried,495558.49,311232.29,Business,745.0,0,37,39.82,2020-07-09,0
CUST100716,50.0,Male,South,Secondary,Salaried,944699.3,167040.13,Business,657.0,3,29,66.33,2022-06-12,0
CUST100717,39.0,Female,West,Post-Graduate,Salaried,622147.04,512629.47,Home,677.0,1,39,13.82,2023-04-30,0
CUST100718,40.0,Female,West,Primary,Salaried,331460.12,110460.28,Education,604.0,3,42,17.83,2024-09-23,0
CUST100719,34.0,Other,South,Post-Graduate,Salaried,428517.67,251968.73,Education,707.0,1,29,50.62,2026-05-29,0
CUST100720,37.0,Male,West,Graduate,Salaried,231141.88,181902.87,Business,657.0,0,40,33.08,2021-01-19,0
CUST100721,41.0,Female,West,Secondary,Salaried,471128.86,275598.98,Home,734.0,1,30,22.1,2019-02-17,0
CUST100722,19.0,Female,North,Secondary,Self-Employed,921740.23,244180.99,Business,580.0,0,42,69.61,2024-06-04,0
CUST100723,23.0,Female,South,Post-Graduate,Salaried,728886.22,602553.98,Home,655.0,0,27,37.18,2022-11-24,0
CUST100724,46.0,Female,South,Primary,Salaried,1081077.2,310145.23,Car,593.0,1,27,42.76,2023-10-22,0
CUST100725,40.0,Female,West,Secondary,Salaried,423274.63,245683.14,Other,598.0,1,27,70.73,2018-09-18,1
CUST100726,36.0,Male,North,Graduate,Unemployed,1048339.73,795115.86,Education,725.0,0,24,30.66,2025-06-30,0
CUST100727,38.0,,West,Graduate,Salaried,449569.64,107204.9,Car,764.0,5,34,110.58,2023-07-07,0
CUST100728,42.0,Female,South,Graduate,Salaried,1123248.14,575332.65,Home,505.0,0,21,14.88,2021-08-28,0
CUST100729,32.0,Female,West,Secondary,Salaried,494025.38,226077.61,Business,820.0,4,35,69.34,2020-08-16,0
CUST100730,29.0,Female,South,Secondary,Self-Employed,737735.5,267910.19,Other,785.0,0,30,23.16,2023-01-23,0
CUST100731,40.0,Male,East,Secondary,Unemployed,1125429.36,595849.41,Other,579.0,0,33,62.32,2023-08-01,1
CUST100732,27.0,Male,West,Secondary,Salaried,449539.13,197524.86,Business,742.0,0,32,19.92,2025-08-11,0
CUST100733,42.0,Other,West,Graduate,Salaried,563812.66,180686.43,Home,645.0,0,25,10.18,2025-06-25,0
CUST100734,19.0,Female,West,Graduate,Unemployed,1015852.03,650039.39,Home,673.0,1,28,62.85,2021-04-03,0
CUST100735,49.0,Female,North,Secondary,Salaried,464729.89,283871.39,Home,725.0,0,20,26.28,2025-11-27,0
CUST100736,43.0,Male,East,Graduate,Salaried,241801.55,29997.11,Car,716.0,1,29,370.6631045782192,2018-12-01,1
CUST100737,41.0,Female,North,Graduate,Salaried,1624998.19,1195111.52,Home,637.0,1,39,64.8,2025-08-11,0
CUST100738,49.0,Female,South,Post-Graduate,Salaried,386154.54,194572.8,Car,637.0,2,32,39.63,2020-03-14,0
CUST100739,56.0,Female,East,Post-Graduate,Salaried,545620.63,261558.34,Education,641.0,0,31,26.21,2024-09-03,0
CUST100740,49.0,Male,South,Post-Graduate,Salaried,944269.65,425313.99,Car,766.0,3,25,44.3,2025-09-08,0
CUST100741,18.0,Female,East,Secondary,Self-Employed,357786.5,173280.67,Business,540.0,3,37,30.49,2026-01-09,0
CUST100742,24.0,Female,West,Primary,Unemployed,287229.27,226311.96,Other,668.0,3,38,27.89,2020-08-29,0
CUST100743,31.0,Male,North,Secondary,Salaried,574881.32,335829.04,Business,798.0,1,42,57.99,2020-12-30,0
CUST100744,38.0,Female,East,Secondary,Self-Employed,186497.17,49432.0,Business,733.0,0,37,39.94,2020-07-29,0
CUST100745,44.0,Female,South,Graduate,Salaried,426776.2,226673.93,Business,759.0,1,33,18.94,2026-08-30,0
CUST100746,30.0,Female,North,Graduate,Salaried,572137.51,191280.3,Car,669.0,2,39,33.76,2020-06-21,0
CUST100747,40.0,Female,North,Post-Graduate,Salaried,431011.41,118676.34,Home,593.0,2,43,57.43,2021-06-22,0
CUST100748,30.0,Male,West,Post-Graduate,,213943.1,141862.22,Home,684.0,1,34,14.43,2018-01-24,0
CUST100749,31.0,Male,West,Graduate,Self-Employed,1201596.03,780752.68,Car,628.0,1,24,73.68,2019-07-11,0
CUST100750,23.0,Male,West,Graduate,Self-Employed,529299.31,279192.72,Business,847.0,1,37,38.97,2025-07-11,0
CUST100751,28.0,Male,West,Secondary,Self-Employed,1098544.9,641909.44,Other,,3,24,36.9,2024-09-16,0
CUST100752,23.0,Female,North,Primary,Self-Employed,433368.39,358798.11,Other,728.0,1,39,38.21,2021-10-28,0
CUST100753,27.0,Male,South,Graduate,Unemployed,308154.57,147991.24,Home,808.0,1,25,94.38,2024-10-24,0
CUST100754,50.0,Female,East,Primary,Self-Employed,579785.15,385031.38,Other,598.0,1,35,33.92,2023-02-20,0
CUST100755,28.0,Female,East,Graduate,Unemployed,444044.68,67827.19,Car,509.0,2,35,26.47,2022-10-24,0
CUST100756,,Female,South,Secondary,Salaried,261605.93,99131.07,Business,717.0,0,31,30.92,2020-05-31,0
CUST100757,43.0,Female,South,Graduate,Salaried,1122136.17,371576.86,Home,731.0,0,43,62.84,2026-02-21,0
CUST100758,40.0,Female,East,Graduate,Salaried,355085.81,145910.74,Home,649.0,4,43,52.02,2023-02-22,0
CUST100759,29.0,Female,East,Secondary,Salaried,181719.01,186865.08,Car,,2,35,34.29,2021-05-27,0
CUST100760,46.0,Male,North,Post-Graduate,Salaried,1038050.2,338503.72,Business,703.0,1,33,124.64,2024-12-07,0
CUST100761,32.0,Male,South,Secondary,Salaried,378889.34,202466.44,Home,678.0,1,40,49.24,2021-05-26,0
CUST100762,39.0,Female,East,Graduate,Self-Employed,357918.37,147166.08,Home,704.0,1,38,17.04,2026-08-05,0
CUST100763,66.0,Female,East,Graduate,Salaried,189359.05,66867.54,Other,595.0,0,39,5.49,2023-09-10,0
CUST100764,37.0,Male,North,Graduate,Salaried,1302610.9,965959.66,Other,704.0,5,24,52.48,2024-06-27,0
CUST100765,51.0,Female,West,Post-Graduate,Salaried,,371692.97,Home,741.0,0,32,27.87,2021-06-27,0
CUST100766,30.0,Female,North,Secondary,Unemployed,516334.76,87056.29,Business,567.0,0,24,9.87,2019-07-20,0
CUST100767,38.0,Male,South,Graduate,Salaried,825962.42,589137.17,Car,790.0,1,36,31.71,2023-08-20,0
CUST100768,57.0,Other,West,Graduate,Salaried,630524.75,378708.21,Car,699.0,0,28,54.86,2019-11-09,0
CUST100769,31.0,Female,East,Post-Graduate,Self-Employed,483861.27,259756.41,Car,744.0,3,32,30.07,2020-04-30,0
CUST100770,58.0,Male,South,Secondary,Salaried,196113.17,81342.1,Car,584.0,0,30,33.12,2026-02-22,0
CUST100771,46.0,Female,East,Graduate,Salaried,320300.44,166444.21,Education,731.0,1,39,460.9059471474102,2018-10-12,1
CUST100772,32.0,Male,East,Graduate,Salaried,554406.56,67336.59,Education,557.0,1,31,52.55,2024-01-10,0
CUST100773,45.0,Female,West,Secondary,Salaried,324297.84,305862.42,Car,609.0,0,24,7.97,2022-04-02,0
CUST100774,49.0,Female,West,Graduate,Unemployed,559171.26,330020.81,Business,700.0,0,36,21.94,2019-01-06,0
CUST100775,45.0,Male,East,Graduate,Salaried,727465.79,370847.76,Business,659.0,2,35,41.37,2024-06-06,0
CUST100776,21.0,Female,East,Graduate,Salaried,848936.75,316325.54,Car,682.0,0,26,18.62,2023-01-15,0
CUST100777,30.0,Female,North,Post-Graduate,Salaried,254731.35,15925.39,Home,825.0,2,33,21.68,2023-02-22,0
CUST100778,35.0,Male,South,Graduate,Salaried,1673652.14,412518.41,Business,681.0,1,34,40.08,2024-01-03,0
CUST100779,37.0,Male,South,Graduate,Self-Employed,762590.92,646260.03,Business,733.0,3,38,42.32,2022-05-30,0
CUST100780,45.0,Female,East,Graduate,Salaried,499528.83,104486.26,Business,675.0,1,30,35.03,2026-07-21,0
CUST100781,40.0,Male,East,Primary,Salaried,910371.92,221918.18,Education,673.0,1,41,4.46,2025-07-12,0
CUST100782,23.0,Male,South,Secondary,Salaried,1836436.66,1514435.43,Home,607.0,0,41,6.34,2018-05-21,0
CUST100783,42.0,Male,North,Graduate,Salaried,,270951.96,Business,708.0,3,30,,2026-08-26,0
CUST100784,45.0,Male,East,Secondary,Salaried,441736.54,401425.09,Car,850.0,6,31,25.8,2023-11-02,0
CUST100785,44.0,Female,South,Secondary,Self-Employed,135161.54,10000.0,Other,687.0,3,28,138.05,2021-02-03,0
CUST100786,50.0,Female,West,Graduate,Self-Employed,555887.78,222933.76,Business,660.0,0,25,40.22,2022-06-16,0
CUST100787,47.0,Male,North,Secondary,Unemployed,611292.11,192289.39,Car,766.0,2,28,109.26,2021-10-10,0
CUST100788,43.0,Female,East,Secondary,Self-Employed,489345.57,356013.66,Car,757.0,1,24,29.74,2023-08-31,0
CUST100789,37.0,Male,West,Graduate,Self-Employed,348840.44,43756.98,Business,713.0,0,36,23.45,2026-06-05,0
CUST100790,20.0,Female,North,Secondary,Salaried,161964.17,55858.94,Car,657.0,0,31,53.0,2026-04-03,0
CUST100791,43.0,Female,South,Post-Graduate,Self-Employed,614034.81,388445.63,Education,766.0,2,33,71.14,2021-05-29,0
CUST100792,40.0,Male,North,Post-Graduate,Self-Employed,1113314.7,657608.35,Business,,4,42,29.86,2021-01-15,0
CUST100793,41.0,Female,East,Graduate,Self-Employed,361241.95,293325.14,Business,749.0,1,35,51.86,2022-09-12,0
CUST100794,24.0,Female,East,Secondary,Salaried,636918.09,183803.1,Home,619.0,2,34,8.02,2019-03-29,0
CUST100795,26.0,Male,South,Graduate,Salaried,211057.1,10000.0,Education,636.0,1,40,17.02,2018-12-08,0
CUST100796,50.0,Male,East,Post-Graduate,Self-Employed,642955.35,376794.82,Other,687.0,2,32,45.29,2019-01-28,0
CUST100797,38.0,Male,West,Graduate,Self-Employed,402722.54,292080.98,Other,587.0,0,21,25.93,2021-10-07,0
CUST100798,45.0,Female,North,Secondary,Unemployed,328743.64,272331.89,Business,652.0,0,31,41.3,2021-06-23,0
CUST100799,38.0,Female,North,Graduate,Salaried,329115.28,258498.54,Other,584.0,3,27,45.79,2022-09-06,0
CUST100800,38.0,Female,West,Post-Graduate,Salaried,402671.76,261822.19,Education,564.0,0,35,51.31,2026-05-09,0
CUST100801,48.0,Female,East,Graduate,Salaried,617047.76,558225.5,Car,850.0,1,43,61.92,2020-08-28,0
CUST100802,32.0,Female,West,Graduate,Self-Employed,242965.23,21469.84,Education,634.0,0,32,62.9,2022-05-26,0
CUST100803,39.0,Female,East,Graduate,Salaried,401896.53,190748.03,Home,641.0,1,32,14.14,2024-01-15,0
CUST100804,33.0,Female,West,Graduate,Salaried,488724.35,149492.54,Car,686.0,0,40,30.3,2025-10-29,0
CUST100805,33.0,Male,South,Primary,Unemployed,273181.53,10000.0,Car,600.0,1,25,29.61,2019-11-30,0
CUST100806,35.0,Female,West,Graduate,Salaried,1343151.45,954401.36,Business,642.0,2,33,32.61,2018-06-15,0
CUST100807,40.0,Female,West,Secondary,Self-Employed,312681.65,186875.04,Business,818.0,0,28,27.77,2023-09-13,0
CUST100808,33.0,Male,East,Graduate,Salaried,345992.74,159404.16,Education,707.0,3,34,34.14,2018-09-12,0
CUST100809,52.0,Female,North,Secondary,Self-Employed,291937.2,47930.29,Car,754.0,5,22,21.16,2018-10-29,0
CUST100810,28.0,Male,South,Graduate,Salaried,1344492.83,615711.84,Home,798.0,3,37,59.32,2024-03-17,0
CUST100811,36.0,Female,North,Secondary,Unemployed,2992979.027691057,728569.51,Car,,1,40,45.84,2026-07-01,0
CUST100812,33.0,Female,South,Graduate,Unemployed,298712.78,252379.97,Business,663.0,0,45,20.99,2020-07-23,0
CUST100813,54.0,Male,South,Graduate,Salaried,918769.67,380310.18,Car,572.0,2,33,34.61,2024-12-31,0
CUST100814,40.0,Male,East,Secondary,,558353.56,458369.41,Car,651.0,0,34,102.5,2022-02-14,1
CUST100815,49.0,Male,East,Secondary,Salaried,575994.14,196664.86,Car,668.0,0,34,14.81,2021-06-10,0
CUST100816,22.0,Female,South,Secondary,Self-Employed,413701.89,142099.16,Business,619.0,2,32,17.49,2020-08-10,0
CUST100817,41.0,Male,East,Post-Graduate,Self-Employed,331102.93,134656.85,Other,796.0,0,32,61.1,2024-03-12,0
CUST100818,48.0,Female,North,Graduate,Salaried,602073.45,384355.58,Business,763.0,2,28,88.87,2018-09-02,0
CUST100819,39.0,Male,North,Graduate,Salaried,370483.95,136492.5,Car,754.0,3,34,42.46,2023-08-30,0
CUST100820,50.0,Other,North,Secondary,Salaried,1358075.22,878472.53,Car,671.0,1,27,36.16,2018-07-29,0
CUST100821,32.0,Female,East,Graduate,Self-Employed,248762.34,301368.61,Home,603.0,0,41,12.59,2019-03-02,0
CUST100822,,Female,North,Post-Graduate,,1163856.48,948235.67,Home,780.0,1,26,24.33,2026-05-06,0
CUST100823,63.0,Female,South,Post-Graduate,Salaried,470305.62,354154.47,Home,705.0,2,28,23.38,2020-09-07,0
CUST100824,34.0,Male,South,Graduate,Salaried,589400.11,370310.51,Home,738.0,1,30,24.51,2023-10-21,0
CUST100825,33.0,Female,West,Primary,Salaried,790641.68,279276.09,Home,726.0,3,37,19.17,2018-06-27,0
CUST100826,54.0,Male,North,Secondary,Salaried,353530.93,256158.01,Home,703.0,2,33,11.91,2022-03-27,0
CUST100827,55.0,Male,East,Primary,Salaried,804277.78,357563.07,Home,830.0,7,38,53.35,2023-03-14,0
CUST100828,32.0,Male,East,Secondary,Salaried,112782.25,111345.16,Business,,2,47,44.27,2023-07-28,0
CUST100829,33.0,Male,West,Secondary,Salaried,336505.29,57183.52,Other,657.0,4,29,11.95,2018-10-26,0
CUST100830,35.0,Male,West,Secondary,Salaried,300778.33,155603.89,Other,803.0,2,33,34.93,2024-05-02,0
CUST100831,23.0,Female,North,Graduate,Salaried,250931.45,196970.01,Home,686.0,0,39,26.97,2025-01-11,0
CUST100832,28.0,Other,North,Post-Graduate,Salaried,444247.99,154924.31,Car,671.0,3,38,95.68,2018-10-02,0
CUST100833,27.0,Male,West,Graduate,Salaried,618174.38,243141.71,Business,661.0,0,27,75.47,2022-09-25,0
CUST100834,30.0,Female,South,Post-Graduate,Self-Employed,735882.97,402581.39,Home,731.0,1,35,95.31,2023-01-21,0
CUST100835,38.0,Male,East,Graduate,Self-Employed,570829.36,369124.89,Business,663.0,1,35,24.06,2026-03-15,0
CUST100836,41.0,Female,East,Secondary,Salaried,346705.84,243482.36,Education,654.0,5,37,7.05,2022-11-30,0
CUST100837,55.0,Female,East,Graduate,Salaried,612511.15,175340.49,Other,730.0,0,35,13.76,2018-02-22,0
CUST100838,27.0,Female,West,Secondary,Self-Employed,535373.82,370443.15,Other,687.0,0,43,24.4,2025-10-30,0
CUST100839,49.0,Female,West,Graduate,Unemployed,836677.75,287247.53,Business,604.0,1,35,28.44,2023-01-20,0
CUST100840,36.0,Male,West,Graduate,Salaried,766567.9,104823.98,Business,682.0,1,39,96.67,2021-11-24,1
CUST100841,37.0,Female,South,Post-Graduate,Salaried,508451.65,342966.91,Home,785.0,1,31,59.1,2021-12-08,0
CUST100842,45.0,Female,West,Secondary,Salaried,305246.29,153812.23,Home,737.0,5,45,44.32,2022-06-16,0
CUST100843,26.0,Male,North,Secondary,Salaried,349144.37,101816.33,Car,794.0,2,31,76.19,2023-05-02,1
CUST100844,42.0,Female,South,Post-Graduate,Salaried,369527.05,211206.79,Home,625.0,4,30,49.56,2019-05-04,0
CUST100845,40.0,Male,West,Primary,Salaried,420402.09,178982.8,Home,760.0,1,35,56.8,2024-12-24,0
CUST100846,43.0,Female,South,Graduate,Self-Employed,579424.77,347781.94,Car,631.0,3,26,26.98,2024-06-12,0
CUST100847,41.0,Male,North,Graduate,Salaried,740965.46,125132.83,Business,588.0,0,31,9.83,2019-02-21,0
CUST100848,65.0,Male,North,Post-Graduate,Salaried,486138.14,361122.85,Home,620.0,0,32,8.08,2024-12-31,0
CUST100849,31.0,Female,West,Post-Graduate,Salaried,504454.04,381508.01,Car,690.0,3,29,8.2,2020-07-09,0
CUST100850,32.0,Female,East,Post-Graduate,Salaried,541003.94,395327.7,Car,757.0,2,27,52.89,2022-04-03,0
CUST100851,31.0,Male,East,Primary,Salaried,376478.21,207913.39,Education,703.0,0,31,18.07,2025-05-09,1
CUST100852,32.0,Male,South,Post-Graduate,Salaried,300558.48,167849.03,Home,669.0,3,28,27.13,2019-10-28,0
CUST100853,31.0,Female,West,Graduate,Self-Employed,190398.12,169821.16,Other,603.0,2,36,11.01,2018-01-06,0
CUST100854,51.0,Male,West,Graduate,Salaried,341134.2,109683.75,Education,733.0,1,35,69.85,2024-10-05,0
CUST100855,54.0,Male,South,Secondary,Self-Employed,648614.21,158546.81,Education,752.0,0,35,33.69,2022-01-14,0
CUST100856,32.0,Female,South,Graduate,Unemployed,339680.95,133140.51,Home,702.0,1,26,39.97,2024-09-03,0
CUST100857,29.0,Female,North,Post-Graduate,Salaried,438699.31,387426.18,Education,601.0,3,43,42.76,2024-07-09,1
CUST100858,43.0,Male,West,Post-Graduate,Salaried,646223.43,209054.13,Business,741.0,1,34,46.42,2022-01-11,0
CUST100859,32.0,Female,East,Graduate,Salaried,665798.67,148477.29,Home,772.0,2,29,72.25,2018-12-04,0
CUST100860,45.0,Female,West,Primary,,276128.14,934077.7485391746,Car,795.0,4,41,54.12,2025-12-05,0
CUST100861,40.0,Female,South,Graduate,Unemployed,865226.0,589132.69,Home,647.0,1,39,15.44,2026-08-26,0
CUST100862,21.0,Female,West,Post-Graduate,Self-Employed,8194573.163798575,2946448.61,Other,713.0,3,31,17.36,2018-09-26,0
CUST100863,55.0,Male,West,Graduate,Salaried,268591.24,99210.3,Home,640.0,4,43,159.23,2023-10-14,0
CUST100864,58.0,Male,East,Graduate,Self-Employed,317824.02,84323.92,Other,611.0,1,35,63.99,2025-06-18,0
CUST100865,31.0,Male,West,Primary,Salaried,962667.4,532528.51,Car,799.0,2,29,126.56,2020-12-23,0
CUST100866,34.0,Female,South,Graduate,Salaried,461203.17,111328.38,Education,722.0,2,36,28.6,2021-07-17,0
CUST100867,41.0,Male,North,Graduate,Salaried,147485.55,10000.0,Business,777.0,0,38,88.66,2019-10-19,0
CUST100868,42.0,Female,East,Post-Graduate,Salaried,231547.09,215220.18,Home,588.0,1,31,47.47,2021-11-01,0
CUST100869,45.0,Male,West,Graduate,Self-Employed,435918.28,230226.28,Car,702.0,1,38,41.74,2023-02-12,0
CUST100870,60.0,Male,East,Secondary,Salaried,263732.32,280784.55,Car,718.0,0,40,34.7,2025-09-29,0
CUST100871,36.0,Female,North,Graduate,Salaried,398307.78,163125.84,Home,618.0,1,33,58.5,2024-07-04,0
CUST100872,29.0,Male,East,Primary,Salaried,508988.8,59415.87,Business,792.0,1,17,,2025-01-09,0
CUST100873,23.0,Male,South,Post-Graduate,Self-Employed,1117498.66,602931.41,Home,662.0,1,22,29.82,2022-07-15,0
CUST100874,30.0,Female,South,Graduate,Self-Employed,426178.57,109152.4,Business,714.0,0,33,21.8,2020-05-11,0
CUST100875,38.0,Male,East,Graduate,Salaried,901902.2,183601.65,Car,639.0,4,28,30.5,2024-10-04,0
CUST100876,58.0,Female,West,Graduate,Salaried,1097100.63,893887.27,Home,590.0,1,29,34.01,2021-08-29,0
CUST100877,32.0,Female,South,Graduate,Salaried,1100454.35,690453.87,Business,748.0,0,31,25.29,2024-06-14,0
CUST100878,40.0,Male,South,Graduate,Unemployed,584772.64,115829.97,Education,708.0,1,33,16.86,2025-11-01,0
CUST100879,38.0,Female,South,Graduate,Salaried,169830.19,125010.02,Car,698.0,2,23,35.68,2025-12-03,0
CUST100880,51.0,Female,North,Secondary,Salaried,644233.85,114063.79,Education,659.0,1,33,45.09,2022-07-26,0
CUST100881,66.0,Male,West,Secondary,Salaried,890005.85,377192.07,Car,706.0,2,29,41.12,2022-12-31,0
CUST100882,32.0,Male,West,Secondary,Salaried,478196.24,276529.05,Business,775.0,0,32,13.57,2026-03-29,0
CUST100883,33.0,Male,South,Graduate,Self-Employed,10775638.034423657,4913539.74,Car,629.0,3,32,94.99,2021-04-27,0
CUST100884,49.0,Female,West,Primary,Salaried,802327.24,686647.74,Car,722.0,0,36,110.0,2025-07-31,0
CUST100885,46.0,Male,West,Graduate,Salaried,683453.39,192836.68,Business,695.0,0,28,52.26,2020-12-01,1
CUST100886,58.0,Female,West,Post-Graduate,Salaried,908793.13,500256.01,Home,666.0,0,33,59.44,2025-03-22,0
CUST100887,44.0,Female,North,Post-Graduate,Salaried,600619.44,461491.53,Car,557.0,2,32,40.16,2018-11-16,0
CUST100888,34.0,Female,West,Graduate,Unemployed,126920.68,93842.82,Car,679.0,0,37,43.43,2026-05-17,1
CUST100889,44.0,Male,South,Graduate,Salaried,379965.96,98173.23,Other,730.0,11,32,7.64,2022-08-08,0
CUST100890,50.0,Male,South,Primary,Self-Employed,965890.54,307097.8,Other,704.0,1,40,31.81,2019-03-21,0
CUST100891,,Female,North,Graduate,Self-Employed,320676.51,120916.27,Business,572.0,1,35,32.16,2021-10-29,0
CUST100892,44.0,Male,East,Post-Graduate,Salaried,442171.68,390416.53,Education,774.0,1,27,107.82,2018-10-13,0
CUST100893,50.0,Male,North,Secondary,Salaried,281448.12,246912.19,Business,804.0,0,21,27.45,2024-01-28,1
CUST100894,51.0,Male,South,Graduate,Salaried,1333770.97,1034995.97,Car,672.0,0,34,93.97,2024-04-29,0
CUST100895,53.0,Male,South,Post-Graduate,Self-Employed,1260708.26,929082.65,Car,850.0,0,35,34.65,2026-03-09,0
CUST100896,45.0,Female,West,Post-Graduate,Salaried,307501.57,137856.49,Other,618.0,0,29,24.61,2023-01-02,0
CUST100897,36.0,Male,West,Secondary,Salaried,542192.98,376324.92,Home,585.0,1,36,8.1,2023-12-30,0
CUST100898,40.0,Male,South,Graduate,Salaried,343895.0,333198.07,Car,604.0,3,29,42.95,2022-01-03,0
CUST100899,51.0,Male,West,Secondary,Self-Employed,701224.19,297655.79,Other,698.0,2,31,18.82,2025-04-29,0
CUST100900,29.0,Female,West,Secondary,Salaried,661780.41,336501.11,Business,547.0,1,27,9.14,2019-08-16,0
CUST100901,42.0,Female,West,Post-Graduate,Salaried,781367.95,415044.52,Home,657.0,1,36,52.03,2019-02-20,0
CUST100902,34.0,Male,North,Post-Graduate,Salaried,600140.17,225448.86,Home,850.0,1,35,44.13,2023-09-04,0
CUST100903,38.0,Female,East,Graduate,Salaried,2512620.5,461229.95,Education,567.0,0,21,46.79,2025-04-28,0
CUST100904,52.0,Female,West,Primary,Self-Employed,,502112.89,Education,639.0,0,32,34.43,2018-04-04,0
CUST100905,40.0,Female,East,Post-Graduate,Salaried,195151.51,107235.47,Car,602.0,0,36,20.27,2024-06-10,0
CUST100906,39.0,Female,South,Graduate,Self-Employed,402787.24,81512.81,Car,659.0,1,27,15.04,2024-02-11,0
CUST100907,23.0,Male,East,Graduate,Self-Employed,211075.22,45120.61,Other,654.0,11,24,86.53,2024-05-19,0
CUST100908,46.0,Male,East,Graduate,Salaried,220027.79,157104.05,Car,630.0,2,36,54.94,2021-03-24,1
CUST100909,45.0,Male,East,Secondary,Self-Employed,288266.4,120384.67,Education,668.0,1,39,64.58,2019-11-17,0
CUST100910,62.0,Male,North,Graduate,Salaried,301088.49,52065.26,Car,727.0,0,26,30.75,2020-05-12,0
CUST100911,35.0,Other,South,Graduate,Salaried,295765.86,91763.97,Home,784.0,1,28,18.33,2019-11-16,0
CUST100912,40.0,Male,West,Secondary,Self-Employed,664894.59,407370.08,Home,659.0,3,30,16.77,2025-06-06,0
CUST100913,41.0,Male,West,Secondary,Salaried,378495.47,334976.62,Other,680.0,1,29,36.2,2020-11-03,0
CUST100914,55.0,Female,North,Secondary,Self-Employed,452992.28,165308.09,Business,715.0,3,35,18.95,2026-01-16,0
CUST100915,37.0,Female,West,Primary,Salaried,817651.43,160298.61,Home,587.0,0,40,6.87,2025-11-03,0
CUST100916,41.0,Male,South,Graduate,Unemployed,328038.41,225864.13,Other,669.0,2,38,50.27,2018-12-07,1
CUST100917,45.0,Male,East,Post-Graduate,Salaried,432294.84,66456.95,Home,642.0,1,31,64.56,2019-08-27,0
CUST100918,40.0,Male,West,Primary,Salaried,611415.09,352358.07,Business,751.0,5,31,446.26360850637496,2022-12-12,1
CUST100919,33.0,Female,West,Primary,Salaried,171871.28,122961.43,Home,811.0,4,25,8.8,2020-01-04,0
CUST100920,40.0,Male,West,Graduate,Self-Employed,134681.14,127753.76,Other,622.0,0,30,38.52,2022-02-05,0
CUST100921,50.0,Male,South,Post-Graduate,Self-Employed,604845.24,344400.55,Home,776.0,0,22,30.48,2025-11-06,0
CUST100922,27.0,Female,West,Secondary,Salaried,655380.48,180099.68,Education,571.0,3,37,25.85,2026-02-02,0
CUST100923,39.0,Male,North,Graduate,Self-Employed,1556086.31,1252476.53,Business,695.0,1,33,46.15,2021-02-05,0
CUST100924,30.0,Female,West,Graduate,Salaried,545422.26,50201.33,Home,699.0,2,26,37.13,2021-09-16,0
CUST100925,51.0,Male,West,Secondary,Salaried,784828.28,566411.04,Car,569.0,3,27,44.95,2019-06-24,0
CUST100926,21.0,Male,East,Primary,Self-Employed,449033.79,346249.81,Home,618.0,2,20,35.95,2024-10-22,0
CUST100927,32.0,Female,South,Graduate,Self-Employed,588797.94,251576.77,Business,611.0,8,27,18.92,2022-09-29,1
CUST100928,42.0,Female,West,Graduate,Self-Employed,1250875.97,864100.39,Car,582.0,1,23,17.83,2026-04-24,0
CUST100929,55.0,Male,North,Graduate,Self-Employed,155463.67,23531.91,Education,480.0,0,33,34.47,2022-10-02,0
CUST100930,37.0,,North,Graduate,Salaried,627721.78,364930.66,Other,664.0,2,33,61.55,2025-06-06,0
CUST100931,32.0,Female,West,Graduate,Self-Employed,1618379.79,915129.61,Car,673.0,0,29,36.59,2024-08-28,0
CUST100932,59.0,Female,South,Secondary,Salaried,583898.36,119388.38,Home,673.0,1,28,20.74,2025-03-14,1
CUST100933,22.0,Male,West,Graduate,Salaried,11374776.849925147,4891062.71,Business,737.0,1,31,38.4,2024-01-17,0
CUST100934,18.0,Female,South,Secondary,Salaried,353732.66,228350.45,Business,535.0,3,31,39.49,2024-10-15,0
CUST100935,43.0,Male,North,Secondary,Salaried,491264.15,366343.47,Other,651.0,3,36,19.07,2021-11-20,0
CUST100936,32.0,Male,West,Graduate,Salaried,509304.81,45739.22,Home,850.0,1,33,109.0,2023-06-13,0
CUST100937,,Male,East,Post-Graduate,Salaried,147663.05,62927.45,Car,747.0,1,35,59.5,2019-09-07,0
CUST100938,46.0,Male,North,Post-Graduate,Salaried,262988.5,168284.9,Business,747.0,1,35,30.85,2019-05-03,0
CUST100939,41.0,Female,West,Graduate,Salaried,273506.89,224038.7,Business,604.0,0,31,103.85,2021-04-27,1
CUST100940,32.0,Male,East,Secondary,Salaried,785833.11,214597.06,Business,665.0,0,40,43.1,2021-12-12,0
CUST100941,24.0,Male,East,Secondary,Salaried,807782.07,449875.51,Car,508.0,2,30,40.69,2024-07-18,1
CUST100942,48.0,Female,South,Post-Graduate,Salaried,597544.13,175593.59,Car,724.0,1,44,81.07,2021-10-16,0
CUST100943,45.0,Male,West,Graduate,Self-Employed,786713.93,450853.41,Home,785.0,3,33,59.79,2023-11-27,0
CUST100944,37.0,Male,West,Graduate,Self-Employed,456836.67,341153.29,Other,571.0,2,31,47.36,2020-04-28,0
CUST100945,58.0,Male,West,Graduate,Self-Employed,968424.49,684922.99,Home,593.0,1,42,25.28,2018-10-28,0
CUST100946,26.0,Male,North,Graduate,Salaried,502422.67,347536.43,Education,678.0,1,32,34.11,2021-10-23,0
CUST100947,21.0,Male,West,Post-Graduate,Self-Employed,516168.53,205059.14,Education,691.0,2,37,30.46,2021-09-01,0
CUST100948,30.0,Female,East,Primary,Salaried,432046.04,364859.78,Car,639.0,1,29,,2019-12-06,0
CUST100949,37.0,Male,East,Graduate,Salaried,728549.71,451251.38,Car,619.0,4,28,131.52,2026-08-09,1
CUST100950,41.0,Male,South,Post-Graduate,Salaried,396608.14,380191.74,Business,,1,28,60.12,2018-09-26,1
CUST100951,35.0,Female,West,Secondary,Self-Employed,855465.15,523774.06,Car,676.0,0,37,29.62,2022-03-05,0
CUST100952,42.0,Female,West,Graduate,Salaried,268251.79,159067.74,Car,724.0,0,30,44.19,2019-04-23,0
CUST100953,24.0,Male,North,Secondary,Salaried,273200.01,26360.94,Car,676.0,1,31,30.71,2018-06-25,0
CUST100954,54.0,Female,South,Post-Graduate,Salaried,729743.29,311280.39,Business,669.0,3,37,18.53,2018-08-27,1
CUST100955,37.0,Male,West,Primary,Self-Employed,476233.74,106946.25,Other,548.0,0,32,6.76,2026-01-19,0
CUST100956,50.0,Male,North,Graduate,Self-Employed,389540.49,341550.31,Business,745.0,0,41,46.78,2023-05-23,0
CUST100957,42.0,Female,West,Secondary,Salaried,815776.04,551081.65,Business,676.0,3,32,34.9,2019-09-02,0
CUST100958,43.0,Male,East,Graduate,Salaried,358029.12,316429.63,Education,647.0,2,29,71.1,2025-12-16,0
CUST100959,44.0,Female,East,Secondary,Salaried,447867.49,94225.37,Business,699.0,1,31,22.83,2022-11-23,1
CUST100960,43.0,Male,South,Secondary,Self-Employed,1079424.68,438952.14,Other,617.0,0,23,71.18,2019-05-07,0
CUST100961,45.0,Female,South,Graduate,Salaried,1165769.18,919362.1,Car,649.0,0,31,76.45,2023-11-17,0
CUST100962,53.0,Male,West,Post-Graduate,Self-Employed,1187288.14,502225.92,Home,688.0,2,31,64.92,2018-11-25,0
CUST100963,40.0,Female,South,Secondary,,428135.15,171696.71,Other,629.0,1,32,58.03,2019-03-21,0
CUST100964,46.0,Female,West,Secondary,Self-Employed,983870.91,689889.62,Business,557.0,3,25,32.52,2022-08-17,0
CUST100965,37.0,Female,South,Graduate,Salaried,296688.88,97523.53,Car,544.0,1,34,70.37,2020-09-24,0
CUST100966,54.0,Male,North,Graduate,Salaried,303630.5,36241.52,Other,713.0,0,34,63.12,2024-05-31,0
CUST100967,31.0,Female,North,Post-Graduate,Salaried,137257.32,120342.57,Car,678.0,1,27,37.52,2019-03-18,0
CUST100968,58.0,Female,East,Secondary,Salaried,1254742.45,214589.95,Car,675.0,3,37,9.21,2020-03-05,1
CUST100969,38.0,Female,West,Graduate,,310883.79,225191.76,Education,593.0,0,30,28.58,2023-01-06,0
CUST100970,22.0,Female,South,Secondary,Self-Employed,466386.73,123275.28,Car,678.0,2,23,65.51,2020-06-09,0
CUST100971,39.0,Female,South,Secondary,Salaried,303059.67,277172.16,Business,650.0,7,18,42.6,2023-09-10,0
CUST100972,31.0,Male,South,Graduate,Self-Employed,732855.82,105532.48,Home,635.0,0,35,24.63,2021-02-28,0
CUST100973,47.0,Male,East,Graduate,Self-Employed,406673.07,228325.12,Home,674.0,1,34,35.8,2022-10-18,0
CUST100974,31.0,,South,Graduate,Salaried,243948.91,10000.0,Education,702.0,0,40,37.44,2024-10-21,0
CUST100975,33.0,Male,West,Secondary,Self-Employed,637479.75,470240.24,Education,811.0,2,39,18.01,2021-09-11,0
CUST100976,18.0,Female,East,Graduate,Self-Employed,227251.33,101827.14,Home,722.0,2,30,24.04,2024-05-22,0
CUST100977,33.0,Female,East,Graduate,Salaried,315460.96,112595.4,Other,744.0,2,36,470.6382158712753,2018-10-18,1
CUST100978,18.0,Female,North,Post-Graduate,Self-Employed,156933.02,96845.63,Education,763.0,1,28,2.53,2019-01-03,0
CUST100979,21.0,Male,West,Secondary,Salaried,228475.99,83119.67,Home,623.0,1,30,35.51,2019-05-01,0
CUST100980,46.0,Female,South,Secondary,Salaried,551586.76,166099.7,Car,656.0,2,35,65.51,2025-02-15,0
CUST100981,47.0,Female,North,Graduate,Self-Employed,169713.76,55172.35,Business,612.0,4,25,35.09,2018-06-17,0
CUST100982,43.0,Female,East,Graduate,Salaried,221401.53,17105.59,Education,629.0,0,31,22.14,2023-02-28,0
CUST100983,27.0,Female,East,Secondary,Salaried,499348.97,155178.1,Home,648.0,1,29,27.03,2022-11-26,0
CUST100984,37.0,Male,South,Post-Graduate,Salaried,370785.71,145374.74,Home,627.0,2,24,105.8,2025-09-19,1
CUST100985,38.0,Female,South,Secondary,Self-Employed,,195938.1,Car,697.0,0,37,53.71,2018-03-19,1
CUST100986,25.0,Female,West,Post-Graduate,Unemployed,1370939.02,763937.02,Car,712.0,4,38,51.56,2025-12-08,0
CUST100987,55.0,Male,North,Secondary,Salaried,310210.39,145298.88,Business,582.0,0,31,32.4,2021-01-13,0
CUST100988,48.0,Male,West,Graduate,Self-Employed,679280.25,193838.96,Other,657.0,2,35,41.03,2020-06-10,0
CUST100989,36.0,Female,East,Post-Graduate,Unemployed,754996.8,576152.24,Car,657.0,0,36,15.73,2019-10-23,0
CUST100990,38.0,Female,South,Secondary,Salaried,359960.65,308968.36,Business,570.0,2,23,109.74,2021-05-09,0
CUST100991,40.0,Other,South,Post-Graduate,Salaried,219655.47,70267.93,Other,623.0,2,35,56.09,2019-08-12,0
CUST100992,18.0,Female,South,Graduate,Self-Employed,496629.34,557971.3146671853,Other,746.0,1,32,35.31,2025-09-10,0
CUST100993,35.0,Male,West,Post-Graduate,Self-Employed,454656.86,326338.9,Other,745.0,2,34,39.04,2019-07-19,0
CUST100994,30.0,Male,East,Graduate,Self-Employed,393443.56,202553.03,Business,558.0,0,36,48.64,2025-10-30,1
CUST100995,27.0,Male,South,Secondary,Salaried,637709.2,247513.99,Education,715.0,0,37,15.61,2018-10-29,0
CUST100996,35.0,Male,East,Secondary,Salaried,330863.8,431794.28728425823,Car,570.0,0,35,28.11,2024-05-29,0
CUST100997,58.0,Male,West,Secondary,Salaried,265339.32,183106.29,Education,650.0,2,37,16.04,2018-10-21,0
CUST100998,45.0,Male,South,Secondary,Salaried,530915.96,172911.16,Other,673.0,2,35,55.85,2018-04-19,0
CUST100999,32.0,Male,West,Secondary,Salaried,618249.22,405625.81,Car,736.0,2,24,11.87,2024-08-09,0
CUST101000,44.0,Female,South,Secondary,Self-Employed,261766.63,54204.58,Home,667.0,1,27,16.92,2025-04-01,0
