Student_ID,Name,Math,Science,English,Computer,Social_Science,Total,Percentage,Result
1,Student_0001,49,38,70,66,63,286,57.2,Pass
2,Student_0002,52,48,46,89,39,274,54.8,Pass
3,Student_0003,38,46,62,64,99,309,61.8,Pass
4,Student_0004,38,60,88,63,92,341,68.2,Pass
5,Student_0005,70,35,55,89,78,327,65.4,Pass
6,Student_0006,70,54,62,78,48,312,62.4,Pass
7,Student_0007,46,83,47,80,79,335,67.0,Pass
8,Student_0008,68,40,93,50,83,334,66.8,Pass
9,Student_0009,45,72,81,59,43,300,60.0,Pass
10,Student_0010,40,64,72,45,64,285,57.0,Pass
11,Student_0011,47,83,70,93,81,374,74.8,Pass
12,Student_0012,55,82,80,61,69,347,69.4,Pass
13,Student_0013,44,56,66,55,94,315,63.0,Pass
14,Student_0014,83,69,63,76,42,333,66.6,Pass
15,Student_0015,64,39,75,86,69,333,66.6,Pass
16,Student_0016,43,62,75,62,98,340,68.0,Pass
17,Student_0017,85,93,53,68,52,351,70.2,Pass
18,Student_0018,66,68,89,86,81,390,78.0,Pass
19,Student_0019,63,52,100,98,46,359,71.8,Pass
20,Student_0020,41,49,54,55,89,288,57.6,Pass
21,Student_0021,43,84,83,94,67,371,74.2,Pass
22,Student_0022,36,49,69,78,49,281,56.2,Pass
23,Student_0023,72,90,55,93,35,345,69.0,Pass
24,Student_0024,68,99,57,99,48,371,74.2,Pass
25,Student_0025,73,99,60,54,82,368,73.6,Pass
26,Student_0026,55,35,76,97,37,300,60.0,Pass
27,Student_0027,49,81,74,65,42,311,62.2,Pass
28,Student_0028,65,45,45,97,43,295,59.0,Pass
29,Student_0029,51,51,95,56,68,321,64.2,Pass
30,Student_0030,89,62,60,74,86,371,74.2,Pass
31,Student_0031,82,91,92,50,66,381,76.2,Pass
32,Student_0032,63,43,78,37,64,285,57.0,Pass
33,Student_0033,63,35,44,42,64,248,49.6,Pass
34,Student_0034,43,39,77,44,100,303,60.6,Pass
35,Student_0035,65,70,97,62,51,345,69.0,Pass
36,Student_0036,95,66,95,87,59,402,80.4,Pass
37,Student_0037,47,47,90,80,89,353,70.6,Pass
38,Student_0038,87,94,41,47,42,311,62.2,Pass
39,Student_0039,86,78,48,66,59,337,67.4,Pass
40,Student_0040,59,92,52,89,58,350,70.0,Pass
41,Student_0041,70,94,66,44,91,365,73.0,Pass
42,Student_0042,47,41,36,46,65,235,47.0,Pass
43,Student_0043,56,87,97,96,62,398,79.6,Pass
44,Student_0044,86,42,56,83,35,302,60.4,Pass
45,Student_0045,84,68,93,71,89,405,81.0,Pass
46,Student_0046,97,54,59,72,62,344,68.8,Pass
47,Student_0047,42,42,75,42,41,242,48.4,Pass
48,Student_0048,96,99,55,42,100,392,78.4,Pass
49,Student_0049,45,58,43,43,65,254,50.8,Pass
50,Student_0050,86,50,66,40,45,287,57.4,Pass
51,Student_0051,88,75,68,61,75,367,73.4,Pass
52,Student_0052,65,68,85,51,73,342,68.4,Pass
53,Student_0053,93,75,44,36,93,341,68.2,Pass
54,Student_0054,47,44,62,99,68,320,64.0,Pass
55,Student_0055,51,79,43,66,82,321,64.2,Pass
56,Student_0056,71,55,91,73,36,326,65.2,Pass
57,Student_0057,73,48,52,68,49,290,58.0,Pass
58,Student_0058,48,54,69,71,61,303,60.6,Pass
59,Student_0059,78,61,68,99,97,403,80.6,Pass
60,Student_0060,67,41,46,89,70,313,62.6,Pass
61,Student_0061,40,35,77,51,68,271,54.2,Pass
62,Student_0062,55,91,89,36,49,320,64.0,Pass
63,Student_0063,44,54,39,82,53,272,54.4,Pass
64,Student_0064,90,51,40,74,81,336,67.2,Pass
65,Student_0065,40,80,61,66,48,295,59.0,Pass
66,Student_0066,80,87,54,65,55,341,68.2,Pass
67,Student_0067,57,87,38,57,77,316,63.2,Pass
68,Student_0068,87,66,69,55,48,325,65.0,Pass
69,Student_0069,83,39,95,63,60,340,68.0,Pass
70,Student_0070,93,79,74,64,63,373,74.6,Pass
71,Student_0071,38,59,86,77,70,330,66.0,Pass
72,Student_0072,43,70,79,100,86,378,75.6,Pass
73,Student_0073,77,38,49,68,57,289,57.8,Pass
74,Student_0074,68,39,48,90,79,324,64.8,Pass
75,Student_0075,75,90,100,49,84,398,79.6,Pass
76,Student_0076,59,67,40,90,35,291,58.2,Pass
77,Student_0077,60,81,90,43,77,351,70.2,Pass
78,Student_0078,75,50,73,99,74,371,74.2,Pass
79,Student_0079,87,76,86,72,51,372,74.4,Pass
80,Student_0080,59,88,83,57,73,360,72.0,Pass
81,Student_0081,86,35,73,71,61,326,65.2,Pass
82,Student_0082,90,76,94,91,91,442,88.4,Pass
83,Student_0083,62,100,95,56,45,358,71.6,Pass
84,Student_0084,71,100,77,46,65,359,71.8,Pass
85,Student_0085,74,63,60,53,38,288,57.6,Pass
86,Student_0086,40,66,95,44,93,338,67.6,Pass
87,Student_0087,88,59,84,98,86,415,83.0,Pass
88,Student_0088,66,53,35,48,89,291,58.2,Pass
89,Student_0089,63,57,94,41,66,321,64.2,Pass
90,Student_0090,50,93,52,94,75,364,72.8,Pass
91,Student_0091,91,99,89,92,55,426,85.2,Pass
92,Student_0092,95,92,68,66,70,391,78.2,Pass
93,Student_0093,97,65,70,91,44,367,73.4,Pass
94,Student_0094,71,65,69,77,75,357,71.4,Pass
95,Student_0095,45,52,54,64,84,299,59.8,Pass
96,Student_0096,54,62,43,88,87,334,66.8,Pass
97,Student_0097,77,94,88,42,61,362,72.4,Pass
98,Student_0098,88,84,37,83,96,388,77.6,Pass
99,Student_0099,35,80,73,84,88,360,72.0,Pass
100,Student_0100,63,97,63,69,90,382,76.4,Pass
101,Student_0101,97,38,84,78,86,383,76.6,Pass
102,Student_0102,56,94,51,38,85,324,64.8,Pass
103,Student_0103,38,45,89,52,94,318,63.6,Pass
104,Student_0104,58,41,68,83,76,326,65.2,Pass
105,Student_0105,62,93,76,78,83,392,78.4,Pass
106,Student_0106,70,88,67,45,95,365,73.0,Pass
107,Student_0107,37,41,79,63,43,263,52.6,Pass
108,Student_0108,40,38,66,60,37,241,48.2,Pass
109,Student_0109,54,65,51,95,49,314,62.8,Pass
110,Student_0110,62,94,67,82,56,361,72.2,Pass
111,Student_0111,49,55,74,48,38,264,52.8,Pass
112,Student_0112,74,83,85,60,44,346,69.2,Pass
113,Student_0113,66,48,73,50,40,277,55.4,Pass
114,Student_0114,79,89,82,43,99,392,78.4,Pass
115,Student_0115,78,36,88,97,48,347,69.4,Pass
116,Student_0116,90,81,93,54,90,408,81.6,Pass
117,Student_0117,57,69,96,94,90,406,81.2,Pass
118,Student_0118,69,76,66,46,70,327,65.4,Pass
119,Student_0119,92,66,94,83,78,413,82.6,Pass
120,Student_0120,38,98,76,58,97,367,73.4,Pass
121,Student_0121,62,80,68,78,70,358,71.6,Pass
122,Student_0122,70,36,59,45,65,275,55.0,Pass
123,Student_0123,87,97,65,95,97,441,88.2,Pass
124,Student_0124,92,37,46,72,63,310,62.0,Pass
125,Student_0125,86,66,74,82,95,403,80.6,Pass
126,Student_0126,79,89,77,80,93,418,83.6,Pass
127,Student_0127,69,74,67,64,50,324,64.8,Pass
128,Student_0128,59,75,50,58,59,301,60.2,Pass
129,Student_0129,62,96,70,71,47,346,69.2,Pass
130,Student_0130,59,72,64,81,57,333,66.6,Pass
131,Student_0131,73,36,51,70,40,270,54.0,Pass
132,Student_0132,41,72,51,97,48,309,61.8,Pass
133,Student_0133,36,71,95,96,91,389,77.8,Pass
134,Student_0134,78,58,41,67,96,340,68.0,Pass
135,Student_0135,49,43,86,97,44,319,63.8,Pass
136,Student_0136,41,54,54,73,45,267,53.4,Pass
137,Student_0137,66,50,88,63,83,350,70.0,Pass
138,Student_0138,92,91,73,89,74,419,83.8,Pass
139,Student_0139,42,47,61,62,68,280,56.0,Pass
140,Student_0140,45,55,65,57,44,266,53.2,Pass
141,Student_0141,55,35,87,92,95,364,72.8,Pass
142,Student_0142,72,39,64,71,71,317,63.4,Pass
143,Student_0143,93,44,64,68,60,329,65.8,Pass
144,Student_0144,89,49,63,54,69,324,64.8,Pass
145,Student_0145,53,44,42,56,74,269,53.8,Pass
146,Student_0146,71,91,50,94,73,379,75.8,Pass
147,Student_0147,86,69,99,98,91,443,88.6,Pass
148,Student_0148,45,40,90,76,67,318,63.6,Pass
149,Student_0149,38,46,64,37,69,254,50.8,Pass
150,Student_0150,40,57,95,91,70,353,70.6,Pass
151,Student_0151,58,90,97,46,95,386,77.2,Pass
152,Student_0152,79,87,77,76,48,367,73.4,Pass
153,Student_0153,55,77,87,98,71,388,77.6,Pass
154,Student_0154,86,39,93,46,75,339,67.8,Pass
155,Student_0155,67,76,49,86,100,378,75.6,Pass
156,Student_0156,35,94,87,41,59,316,63.2,Pass
157,Student_0157,81,98,91,41,61,372,74.4,Pass
158,Student_0158,69,51,71,91,97,379,75.8,Pass
159,Student_0159,50,38,65,55,74,282,56.4,Pass
160,Student_0160,36,87,46,63,49,281,56.2,Pass
161,Student_0161,94,50,54,98,72,368,73.6,Pass
162,Student_0162,100,69,88,96,95,448,89.6,Pass
163,Student_0163,66,93,53,84,59,355,71.0,Pass
164,Student_0164,100,52,43,70,88,353,70.6,Pass
165,Student_0165,78,99,69,35,71,352,70.4,Pass
166,Student_0166,73,97,54,92,96,412,82.4,Pass
167,Student_0167,79,77,83,93,76,408,81.6,Pass
168,Student_0168,59,65,84,64,87,359,71.8,Pass
169,Student_0169,40,75,95,83,84,377,75.4,Pass
170,Student_0170,54,98,39,51,99,341,68.2,Pass
171,Student_0171,77,47,91,47,93,355,71.0,Pass
172,Student_0172,36,53,87,54,44,274,54.8,Pass
173,Student_0173,95,68,78,85,45,371,74.2,Pass
174,Student_0174,77,83,75,97,39,371,74.2,Pass
175,Student_0175,43,65,71,64,46,289,57.8,Pass
176,Student_0176,90,47,47,91,56,331,66.2,Pass
177,Student_0177,73,38,40,76,42,269,53.8,Pass
178,Student_0178,72,80,82,90,53,377,75.4,Pass
179,Student_0179,66,87,58,56,57,324,64.8,Pass
180,Student_0180,45,83,65,98,53,344,68.8,Pass
181,Student_0181,64,94,67,93,67,385,77.0,Pass
182,Student_0182,36,94,71,55,44,300,60.0,Pass
183,Student_0183,91,79,73,89,67,399,79.8,Pass
184,Student_0184,93,73,60,84,96,406,81.2,Pass
185,Student_0185,48,65,83,80,72,348,69.6,Pass
186,Student_0186,72,37,85,70,36,300,60.0,Pass
187,Student_0187,41,98,71,64,80,354,70.8,Pass
188,Student_0188,63,59,67,52,47,288,57.6,Pass
189,Student_0189,40,74,91,39,81,325,65.0,Pass
190,Student_0190,51,46,72,76,88,333,66.6,Pass
191,Student_0191,57,60,51,81,99,348,69.6,Pass
192,Student_0192,69,56,67,96,72,360,72.0,Pass
193,Student_0193,78,49,94,44,53,318,63.6,Pass
194,Student_0194,63,85,81,46,85,360,72.0,Pass
195,Student_0195,36,68,50,93,82,329,65.8,Pass
196,Student_0196,68,83,82,48,64,345,69.0,Pass
197,Student_0197,95,38,76,63,43,315,63.0,Pass
198,Student_0198,94,73,87,49,52,355,71.0,Pass
199,Student_0199,40,39,73,98,49,299,59.8,Pass
200,Student_0200,47,65,52,84,93,341,68.2,Pass
201,Student_0201,82,88,54,88,47,359,71.8,Pass
202,Student_0202,97,87,70,39,82,375,75.0,Pass
203,Student_0203,62,91,91,65,81,390,78.0,Pass
204,Student_0204,47,82,80,42,85,336,67.2,Pass
205,Student_0205,70,59,50,93,46,318,63.6,Pass
206,Student_0206,62,37,41,77,66,283,56.6,Pass
207,Student_0207,51,61,43,61,62,278,55.6,Pass
208,Student_0208,64,77,53,35,70,299,59.8,Pass
209,Student_0209,53,51,67,57,49,277,55.4,Pass
210,Student_0210,38,51,36,80,65,270,54.0,Pass
211,Student_0211,76,37,57,68,41,279,55.8,Pass
212,Student_0212,51,88,49,43,95,326,65.2,Pass
213,Student_0213,92,81,100,48,92,413,82.6,Pass
214,Student_0214,99,63,40,73,93,368,73.6,Pass
215,Student_0215,38,42,96,86,89,351,70.2,Pass
216,Student_0216,48,97,91,44,45,325,65.0,Pass
217,Student_0217,76,53,43,51,70,293,58.6,Pass
218,Student_0218,76,83,72,93,99,423,84.6,Pass
219,Student_0219,90,47,49,62,90,338,67.6,Pass
220,Student_0220,92,64,87,78,93,414,82.8,Pass
221,Student_0221,86,88,47,75,89,385,77.0,Pass
222,Student_0222,75,67,82,54,95,373,74.6,Pass
223,Student_0223,43,46,45,46,90,270,54.0,Pass
224,Student_0224,47,82,51,42,77,299,59.8,Pass
225,Student_0225,50,87,80,89,41,347,69.4,Pass
226,Student_0226,71,74,80,48,99,372,74.4,Pass
227,Student_0227,62,54,96,63,48,323,64.6,Pass
228,Student_0228,79,82,49,70,63,343,68.6,Pass
229,Student_0229,89,38,69,38,58,292,58.4,Pass
230,Student_0230,69,74,78,79,35,335,67.0,Pass
231,Student_0231,58,53,86,43,53,293,58.6,Pass
232,Student_0232,38,46,62,83,88,317,63.4,Pass
233,Student_0233,93,78,55,82,74,382,76.4,Pass
234,Student_0234,76,45,41,54,55,271,54.2,Pass
235,Student_0235,41,45,69,91,89,335,67.0,Pass
236,Student_0236,97,91,88,69,62,407,81.4,Pass
237,Student_0237,100,49,79,90,49,367,73.4,Pass
238,Student_0238,71,97,74,40,63,345,69.0,Pass
239,Student_0239,85,42,35,61,73,296,59.2,Pass
240,Student_0240,62,52,67,72,76,329,65.8,Pass
241,Student_0241,50,35,98,90,57,330,66.0,Pass
242,Student_0242,51,83,64,99,80,377,75.4,Pass
243,Student_0243,44,85,40,90,37,296,59.2,Pass
244,Student_0244,93,44,75,89,86,387,77.4,Pass
245,Student_0245,88,72,49,86,37,332,66.4,Pass
246,Student_0246,76,56,93,81,46,352,70.4,Pass
247,Student_0247,90,48,66,90,86,380,76.0,Pass
248,Student_0248,45,85,74,78,63,345,69.0,Pass
249,Student_0249,77,56,44,100,49,326,65.2,Pass
250,Student_0250,100,59,79,79,53,370,74.0,Pass
251,Student_0251,65,48,53,67,60,293,58.6,Pass
252,Student_0252,57,54,44,57,98,310,62.0,Pass
253,Student_0253,94,92,76,75,54,391,78.2,Pass
254,Student_0254,91,43,95,91,73,393,78.6,Pass
255,Student_0255,70,42,80,99,44,335,67.0,Pass
256,Student_0256,74,94,92,39,42,341,68.2,Pass
257,Student_0257,82,71,44,46,99,342,68.4,Pass
258,Student_0258,84,94,40,92,59,369,73.8,Pass
259,Student_0259,76,95,99,54,42,366,73.2,Pass
260,Student_0260,92,48,78,45,99,362,72.4,Pass
261,Student_0261,57,40,66,91,91,345,69.0,Pass
262,Student_0262,55,81,82,71,84,373,74.6,Pass
263,Student_0263,87,78,41,77,43,326,65.2,Pass
264,Student_0264,77,47,84,71,67,346,69.2,Pass
265,Student_0265,54,77,45,53,79,308,61.6,Pass
266,Student_0266,74,85,51,45,74,329,65.8,Pass
267,Student_0267,83,77,51,46,89,346,69.2,Pass
268,Student_0268,100,81,37,81,74,373,74.6,Pass
269,Student_0269,58,62,78,97,59,354,70.8,Pass
270,Student_0270,63,52,54,44,72,285,57.0,Pass
271,Student_0271,47,99,39,78,51,314,62.8,Pass
272,Student_0272,83,54,55,58,56,306,61.2,Pass
273,Student_0273,91,40,87,81,65,364,72.8,Pass
274,Student_0274,91,71,92,64,65,383,76.6,Pass
275,Student_0275,74,95,59,82,91,401,80.2,Pass
276,Student_0276,94,71,83,99,88,435,87.0,Pass
277,Student_0277,55,60,52,67,41,275,55.0,Pass
278,Student_0278,96,82,48,50,71,347,69.4,Pass
279,Student_0279,45,55,69,92,100,361,72.2,Pass
280,Student_0280,53,90,46,63,92,344,68.8,Pass
281,Student_0281,79,38,88,41,85,331,66.2,Pass
282,Student_0282,99,82,65,84,45,375,75.0,Pass
283,Student_0283,82,63,38,75,47,305,61.0,Pass
284,Student_0284,77,53,52,39,71,292,58.4,Pass
285,Student_0285,95,52,95,92,35,369,73.8,Pass
286,Student_0286,45,37,67,62,54,265,53.0,Pass
287,Student_0287,89,49,71,65,73,347,69.4,Pass
288,Student_0288,50,41,65,88,93,337,67.4,Pass
289,Student_0289,43,49,98,37,100,327,65.4,Pass
290,Student_0290,65,53,72,89,35,314,62.8,Pass
291,Student_0291,80,65,88,58,45,336,67.2,Pass
292,Student_0292,81,43,99,99,37,359,71.8,Pass
293,Student_0293,84,95,40,84,82,385,77.0,Pass
294,Student_0294,67,37,80,43,79,306,61.2,Pass
295,Student_0295,65,48,77,52,40,282,56.4,Pass
296,Student_0296,80,78,57,94,96,405,81.0,Pass
297,Student_0297,58,52,43,93,39,285,57.0,Pass
298,Student_0298,72,60,40,60,40,272,54.4,Pass
299,Student_0299,75,74,100,85,95,429,85.8,Pass
300,Student_0300,67,39,59,71,80,316,63.2,Pass
301,Student_0301,41,77,69,50,82,319,63.8,Pass
302,Student_0302,90,86,91,84,78,429,85.8,Pass
303,Student_0303,58,98,98,82,69,405,81.0,Pass
304,Student_0304,45,89,45,90,58,327,65.4,Pass
305,Student_0305,72,76,48,45,76,317,63.4,Pass
306,Student_0306,72,74,92,89,56,383,76.6,Pass
307,Student_0307,91,79,92,40,80,382,76.4,Pass
308,Student_0308,90,70,42,44,86,332,66.4,Pass
309,Student_0309,81,100,55,38,53,327,65.4,Pass
310,Student_0310,91,39,51,43,65,289,57.8,Pass
311,Student_0311,81,81,84,39,54,339,67.8,Pass
312,Student_0312,92,82,82,91,44,391,78.2,Pass
313,Student_0313,52,81,85,75,70,363,72.6,Pass
314,Student_0314,66,49,38,58,98,309,61.8,Pass
315,Student_0315,84,50,68,68,92,362,72.4,Pass
316,Student_0316,62,71,97,60,50,340,68.0,Pass
317,Student_0317,52,44,92,57,91,336,67.2,Pass
318,Student_0318,46,75,79,43,72,315,63.0,Pass
319,Student_0319,73,55,57,81,100,366,73.2,Pass
320,Student_0320,63,50,60,52,65,290,58.0,Pass
321,Student_0321,98,38,81,82,94,393,78.6,Pass
322,Student_0322,51,46,43,74,85,299,59.8,Pass
323,Student_0323,96,87,87,44,51,365,73.0,Pass
324,Student_0324,75,44,92,94,79,384,76.8,Pass
325,Student_0325,51,58,51,90,99,349,69.8,Pass
326,Student_0326,42,50,54,73,56,275,55.0,Pass
327,Student_0327,55,76,63,79,71,344,68.8,Pass
328,Student_0328,45,67,60,70,51,293,58.6,Pass
329,Student_0329,73,46,99,56,54,328,65.6,Pass
330,Student_0330,56,78,40,38,45,257,51.4,Pass
331,Student_0331,40,68,61,88,38,295,59.0,Pass
332,Student_0332,98,72,73,96,66,405,81.0,Pass
333,Student_0333,86,73,93,44,42,338,67.6,Pass
334,Student_0334,55,91,88,96,94,424,84.8,Pass
335,Student_0335,61,78,53,75,75,342,68.4,Pass
336,Student_0336,79,86,51,82,100,398,79.6,Pass
337,Student_0337,48,75,65,94,50,332,66.4,Pass
338,Student_0338,69,92,66,53,47,327,65.4,Pass
339,Student_0339,41,72,84,88,66,351,70.2,Pass
340,Student_0340,55,76,75,59,55,320,64.0,Pass
341,Student_0341,98,100,94,98,74,464,92.8,Pass
342,Student_0342,98,37,46,85,99,365,73.0,Pass
343,Student_0343,93,65,62,80,41,341,68.2,Pass
344,Student_0344,41,71,98,95,71,376,75.2,Pass
345,Student_0345,36,48,90,52,68,294,58.8,Pass
346,Student_0346,81,86,81,40,86,374,74.8,Pass
347,Student_0347,41,59,81,71,44,296,59.2,Pass
348,Student_0348,84,99,92,70,50,395,79.0,Pass
349,Student_0349,51,47,85,82,78,343,68.6,Pass
350,Student_0350,81,53,60,100,86,380,76.0,Pass
351,Student_0351,99,40,40,39,52,270,54.0,Pass
352,Student_0352,77,95,93,54,100,419,83.8,Pass
353,Student_0353,52,76,75,55,85,343,68.6,Pass
354,Student_0354,73,78,99,100,97,447,89.4,Pass
355,Student_0355,73,95,37,82,77,364,72.8,Pass
356,Student_0356,49,88,74,38,95,344,68.8,Pass
357,Student_0357,68,64,41,96,56,325,65.0,Pass
358,Student_0358,83,53,66,39,49,290,58.0,Pass
359,Student_0359,59,37,91,75,88,350,70.0,Pass
360,Student_0360,54,87,61,87,99,388,77.6,Pass
361,Student_0361,95,42,52,61,76,326,65.2,Pass
362,Student_0362,96,83,75,57,93,404,80.8,Pass
363,Student_0363,78,80,68,96,59,381,76.2,Pass
364,Student_0364,66,70,73,63,73,345,69.0,Pass
365,Student_0365,71,61,97,75,96,400,80.0,Pass
366,Student_0366,79,70,71,50,83,353,70.6,Pass
367,Student_0367,85,79,53,72,40,329,65.8,Pass
368,Student_0368,71,45,79,91,67,353,70.6,Pass
369,Student_0369,96,62,60,69,69,356,71.2,Pass
370,Student_0370,52,48,65,66,41,272,54.4,Pass
371,Student_0371,63,64,41,47,87,302,60.4,Pass
372,Student_0372,77,95,47,52,35,306,61.2,Pass
373,Student_0373,55,87,95,96,60,393,78.6,Pass
374,Student_0374,71,76,71,42,46,306,61.2,Pass
375,Student_0375,64,39,57,88,57,305,61.0,Pass
376,Student_0376,39,85,98,58,72,352,70.4,Pass
377,Student_0377,39,36,73,48,77,273,54.6,Pass
378,Student_0378,71,93,98,52,99,413,82.6,Pass
379,Student_0379,94,69,59,49,77,348,69.6,Pass
380,Student_0380,55,93,67,58,36,309,61.8,Pass
381,Student_0381,78,72,59,57,86,352,70.4,Pass
382,Student_0382,89,100,76,46,86,397,79.4,Pass
383,Student_0383,47,58,52,96,76,329,65.8,Pass
384,Student_0384,66,35,68,84,65,318,63.6,Pass
385,Student_0385,92,69,77,73,36,347,69.4,Pass
386,Student_0386,68,81,65,42,50,306,61.2,Pass
387,Student_0387,94,74,55,86,99,408,81.6,Pass
388,Student_0388,74,50,72,82,63,341,68.2,Pass
389,Student_0389,63,52,96,54,93,358,71.6,Pass
390,Student_0390,82,88,95,62,66,393,78.6,Pass
391,Student_0391,45,92,81,44,49,311,62.2,Pass
392,Student_0392,42,99,60,54,56,311,62.2,Pass
393,Student_0393,76,91,49,61,97,374,74.8,Pass
394,Student_0394,46,100,92,42,93,373,74.6,Pass
395,Student_0395,51,100,88,93,42,374,74.8,Pass
396,Student_0396,94,74,37,85,67,357,71.4,Pass
397,Student_0397,35,62,44,40,89,270,54.0,Pass
398,Student_0398,79,43,42,43,95,302,60.4,Pass
399,Student_0399,39,71,87,58,52,307,61.4,Pass
400,Student_0400,88,82,83,92,83,428,85.6,Pass
401,Student_0401,83,45,52,79,50,309,61.8,Pass
402,Student_0402,57,85,51,63,35,291,58.2,Pass
403,Student_0403,37,73,94,89,83,376,75.2,Pass
404,Student_0404,64,66,93,79,54,356,71.2,Pass
405,Student_0405,70,59,49,39,88,305,61.0,Pass
406,Student_0406,37,65,61,43,47,253,50.6,Pass
407,Student_0407,39,92,41,66,40,278,55.6,Pass
408,Student_0408,86,91,64,62,42,345,69.0,Pass
409,Student_0409,52,99,72,64,75,362,72.4,Pass
410,Student_0410,76,65,73,53,63,330,66.0,Pass
411,Student_0411,87,73,70,42,57,329,65.8,Pass
412,Student_0412,89,98,41,79,83,390,78.0,Pass
413,Student_0413,75,88,87,54,73,377,75.4,Pass
414,Student_0414,83,58,95,65,63,364,72.8,Pass
415,Student_0415,73,53,94,42,87,349,69.8,Pass
416,Student_0416,88,52,84,66,67,357,71.4,Pass
417,Student_0417,61,77,45,92,82,357,71.4,Pass
418,Student_0418,46,59,41,69,83,298,59.6,Pass
419,Student_0419,40,44,59,62,96,301,60.2,Pass
420,Student_0420,61,77,73,36,62,309,61.8,Pass
421,Student_0421,59,50,96,66,61,332,66.4,Pass
422,Student_0422,85,65,76,71,83,380,76.0,Pass
423,Student_0423,94,80,74,68,81,397,79.4,Pass
424,Student_0424,100,98,94,47,95,434,86.8,Pass
425,Student_0425,75,61,82,75,87,380,76.0,Pass
426,Student_0426,40,63,53,37,68,261,52.2,Pass
427,Student_0427,88,72,54,60,77,351,70.2,Pass
428,Student_0428,64,83,66,98,78,389,77.8,Pass
429,Student_0429,67,97,97,93,56,410,82.0,Pass
430,Student_0430,80,56,52,97,58,343,68.6,Pass
431,Student_0431,42,39,44,41,35,201,40.2,Pass
432,Student_0432,87,52,64,43,54,300,60.0,Pass
433,Student_0433,36,62,99,93,82,372,74.4,Pass
434,Student_0434,42,96,97,37,35,307,61.4,Pass
435,Student_0435,87,36,37,70,71,301,60.2,Pass
436,Student_0436,37,99,90,57,48,331,66.2,Pass
437,Student_0437,47,54,65,59,67,292,58.4,Pass
438,Student_0438,80,69,85,45,82,361,72.2,Pass
439,Student_0439,86,93,66,63,73,381,76.2,Pass
440,Student_0440,45,39,46,86,83,299,59.8,Pass
441,Student_0441,83,95,42,36,56,312,62.4,Pass
442,Student_0442,45,98,90,77,47,357,71.4,Pass
443,Student_0443,40,64,62,95,69,330,66.0,Pass
444,Student_0444,40,44,70,39,57,250,50.0,Pass
445,Student_0445,75,37,61,53,85,311,62.2,Pass
446,Student_0446,44,73,55,65,84,321,64.2,Pass
447,Student_0447,77,84,52,45,99,357,71.4,Pass
448,Student_0448,79,41,47,90,64,321,64.2,Pass
449,Student_0449,44,78,85,76,38,321,64.2,Pass
450,Student_0450,69,92,97,64,80,402,80.4,Pass
451,Student_0451,83,90,58,83,45,359,71.8,Pass
452,Student_0452,72,66,44,45,69,296,59.2,Pass
453,Student_0453,54,83,54,84,75,350,70.0,Pass
454,Student_0454,81,48,46,35,74,284,56.8,Pass
455,Student_0455,91,81,69,48,51,340,68.0,Pass
456,Student_0456,46,58,90,92,100,386,77.2,Pass
457,Student_0457,87,48,38,46,80,299,59.8,Pass
458,Student_0458,46,76,84,36,72,314,62.8,Pass
459,Student_0459,87,84,45,66,56,338,67.6,Pass
460,Student_0460,83,56,52,69,73,333,66.6,Pass
461,Student_0461,69,98,53,43,56,319,63.8,Pass
462,Student_0462,90,70,88,73,96,417,83.4,Pass
463,Student_0463,44,81,67,66,98,356,71.2,Pass
464,Student_0464,60,93,48,52,73,326,65.2,Pass
465,Student_0465,35,85,77,83,77,357,71.4,Pass
466,Student_0466,91,77,90,52,73,383,76.6,Pass
467,Student_0467,76,60,96,75,57,364,72.8,Pass
468,Student_0468,85,75,72,97,66,395,79.0,Pass
469,Student_0469,76,83,70,85,81,395,79.0,Pass
470,Student_0470,49,60,58,38,94,299,59.8,Pass
471,Student_0471,61,91,72,43,87,354,70.8,Pass
472,Student_0472,98,52,73,65,67,355,71.0,Pass
473,Student_0473,54,89,83,44,92,362,72.4,Pass
474,Student_0474,96,86,99,88,39,408,81.6,Pass
475,Student_0475,81,45,48,66,80,320,64.0,Pass
476,Student_0476,56,40,86,77,90,349,69.8,Pass
477,Student_0477,48,36,47,68,63,262,52.4,Pass
478,Student_0478,100,63,92,82,85,422,84.4,Pass
479,Student_0479,94,99,54,79,38,364,72.8,Pass
480,Student_0480,96,48,72,88,45,349,69.8,Pass
481,Student_0481,49,53,79,74,78,333,66.6,Pass
482,Student_0482,93,61,96,79,95,424,84.8,Pass
483,Student_0483,47,91,92,75,43,348,69.6,Pass
484,Student_0484,73,40,49,37,78,277,55.4,Pass
485,Student_0485,48,56,66,57,55,282,56.4,Pass
486,Student_0486,77,89,94,64,86,410,82.0,Pass
487,Student_0487,58,58,90,85,38,329,65.8,Pass
488,Student_0488,60,92,89,84,35,360,72.0,Pass
489,Student_0489,62,61,70,43,48,284,56.8,Pass
490,Student_0490,58,81,76,60,93,368,73.6,Pass
491,Student_0491,49,68,97,75,84,373,74.6,Pass
492,Student_0492,85,49,79,80,93,386,77.2,Pass
493,Student_0493,57,73,45,52,75,302,60.4,Pass
494,Student_0494,50,65,74,49,58,296,59.2,Pass
495,Student_0495,82,53,100,84,88,407,81.4,Pass
496,Student_0496,52,84,89,58,97,380,76.0,Pass
497,Student_0497,57,56,97,71,52,333,66.6,Pass
498,Student_0498,58,75,92,41,80,346,69.2,Pass
499,Student_0499,36,97,52,59,84,328,65.6,Pass
500,Student_0500,99,98,87,97,88,469,93.8,Pass
501,Student_0501,91,97,56,45,38,327,65.4,Pass
502,Student_0502,63,72,39,70,63,307,61.4,Pass
503,Student_0503,71,56,93,98,100,418,83.6,Pass
504,Student_0504,49,49,69,81,40,288,57.6,Pass
505,Student_0505,91,62,89,48,66,356,71.2,Pass
506,Student_0506,73,39,92,68,79,351,70.2,Pass
507,Student_0507,46,91,50,65,61,313,62.6,Pass
508,Student_0508,79,89,56,52,61,337,67.4,Pass
509,Student_0509,61,42,79,70,56,308,61.6,Pass
510,Student_0510,76,72,72,69,100,389,77.8,Pass
511,Student_0511,47,52,87,42,70,298,59.6,Pass
512,Student_0512,51,51,66,53,76,297,59.4,Pass
513,Student_0513,66,85,97,53,69,370,74.0,Pass
514,Student_0514,88,83,92,44,46,353,70.6,Pass
515,Student_0515,86,100,70,82,93,431,86.2,Pass
516,Student_0516,97,76,35,46,93,347,69.4,Pass
517,Student_0517,80,43,85,62,89,359,71.8,Pass
518,Student_0518,62,98,69,76,71,376,75.2,Pass
519,Student_0519,78,51,97,78,41,345,69.0,Pass
520,Student_0520,40,47,93,37,50,267,53.4,Pass
521,Student_0521,55,91,93,35,89,363,72.6,Pass
522,Student_0522,60,51,73,55,70,309,61.8,Pass
523,Student_0523,46,81,67,45,82,321,64.2,Pass
524,Student_0524,56,41,85,74,64,320,64.0,Pass
525,Student_0525,89,46,47,35,62,279,55.8,Pass
526,Student_0526,96,44,51,63,91,345,69.0,Pass
527,Student_0527,36,36,78,50,89,289,57.8,Pass
528,Student_0528,51,96,44,64,84,339,67.8,Pass
529,Student_0529,46,48,48,75,82,299,59.8,Pass
530,Student_0530,73,52,83,52,53,313,62.6,Pass
531,Student_0531,43,36,56,91,79,305,61.0,Pass
532,Student_0532,62,54,87,91,62,356,71.2,Pass
533,Student_0533,46,47,52,50,84,279,55.8,Pass
534,Student_0534,79,89,75,52,66,361,72.2,Pass
535,Student_0535,70,45,66,71,38,290,58.0,Pass
536,Student_0536,73,61,100,59,85,378,75.6,Pass
537,Student_0537,72,41,65,98,84,360,72.0,Pass
538,Student_0538,49,65,98,44,36,292,58.4,Pass
539,Student_0539,81,75,51,84,88,379,75.8,Pass
540,Student_0540,81,57,95,44,37,314,62.8,Pass
541,Student_0541,43,36,68,62,40,249,49.8,Pass
542,Student_0542,42,85,99,71,99,396,79.2,Pass
543,Student_0543,88,89,86,45,54,362,72.4,Pass
544,Student_0544,70,45,74,45,100,334,66.8,Pass
545,Student_0545,61,54,76,85,43,319,63.8,Pass
546,Student_0546,74,90,65,42,66,337,67.4,Pass
547,Student_0547,46,90,49,93,42,320,64.0,Pass
548,Student_0548,74,57,50,36,52,269,53.8,Pass
549,Student_0549,36,55,98,79,68,336,67.2,Pass
550,Student_0550,56,82,51,69,50,308,61.6,Pass
551,Student_0551,38,77,89,69,43,316,63.2,Pass
552,Student_0552,68,44,98,93,100,403,80.6,Pass
553,Student_0553,81,42,98,56,82,359,71.8,Pass
554,Student_0554,55,67,48,49,64,283,56.6,Pass
555,Student_0555,100,35,40,36,66,277,55.4,Pass
556,Student_0556,40,95,81,84,54,354,70.8,Pass
557,Student_0557,57,39,88,63,76,323,64.6,Pass
558,Student_0558,66,88,75,69,44,342,68.4,Pass
559,Student_0559,82,50,99,41,57,329,65.8,Pass
560,Student_0560,63,40,86,43,94,326,65.2,Pass
561,Student_0561,71,74,76,46,93,360,72.0,Pass
562,Student_0562,36,82,60,72,73,323,64.6,Pass
563,Student_0563,66,94,82,98,60,400,80.0,Pass
564,Student_0564,66,54,35,87,38,280,56.0,Pass
565,Student_0565,64,79,36,77,35,291,58.2,Pass
566,Student_0566,83,74,48,61,65,331,66.2,Pass
567,Student_0567,88,97,42,53,70,350,70.0,Pass
568,Student_0568,46,40,64,87,82,319,63.8,Pass
569,Student_0569,93,45,47,99,52,336,67.2,Pass
570,Student_0570,85,44,42,90,51,312,62.4,Pass
571,Student_0571,65,72,68,75,85,365,73.0,Pass
572,Student_0572,76,75,92,69,64,376,75.2,Pass
573,Student_0573,44,60,52,48,54,258,51.6,Pass
574,Student_0574,48,56,92,94,75,365,73.0,Pass
575,Student_0575,87,50,80,61,92,370,74.0,Pass
576,Student_0576,74,94,68,50,46,332,66.4,Pass
577,Student_0577,55,73,40,62,76,306,61.2,Pass
578,Student_0578,53,46,66,80,85,330,66.0,Pass
579,Student_0579,100,41,73,68,57,339,67.8,Pass
580,Student_0580,38,86,92,66,47,329,65.8,Pass
581,Student_0581,94,48,52,50,36,280,56.0,Pass
582,Student_0582,42,63,51,60,86,302,60.4,Pass
583,Student_0583,82,45,68,44,37,276,55.2,Pass
584,Student_0584,43,60,91,51,46,291,58.2,Pass
585,Student_0585,77,50,40,94,41,302,60.4,Pass
586,Student_0586,56,90,85,98,38,367,73.4,Pass
587,Student_0587,83,89,57,80,62,371,74.2,Pass
588,Student_0588,58,70,70,92,54,344,68.8,Pass
589,Student_0589,39,66,72,98,87,362,72.4,Pass
590,Student_0590,96,42,46,70,84,338,67.6,Pass
591,Student_0591,52,88,60,66,37,303,60.6,Pass
592,Student_0592,83,80,96,97,79,435,87.0,Pass
593,Student_0593,99,76,84,69,58,386,77.2,Pass
594,Student_0594,38,75,63,38,70,284,56.8,Pass
595,Student_0595,42,95,80,64,55,336,67.2,Pass
596,Student_0596,47,66,65,69,42,289,57.8,Pass
597,Student_0597,63,84,80,57,57,341,68.2,Pass
598,Student_0598,65,75,80,38,80,338,67.6,Pass
599,Student_0599,53,59,98,74,57,341,68.2,Pass
600,Student_0600,97,39,46,42,64,288,57.6,Pass
601,Student_0601,63,37,96,35,77,308,61.6,Pass
602,Student_0602,60,51,78,57,76,322,64.4,Pass
603,Student_0603,42,37,53,53,49,234,46.8,Pass
604,Student_0604,81,44,82,85,47,339,67.8,Pass
605,Student_0605,78,73,76,52,55,334,66.8,Pass
606,Student_0606,90,97,75,57,80,399,79.8,Pass
607,Student_0607,63,57,83,74,72,349,69.8,Pass
608,Student_0608,51,57,35,85,39,267,53.4,Pass
609,Student_0609,58,75,63,48,98,342,68.4,Pass
610,Student_0610,53,77,44,65,79,318,63.6,Pass
611,Student_0611,75,56,46,77,92,346,69.2,Pass
612,Student_0612,36,68,61,66,43,274,54.8,Pass
613,Student_0613,79,67,48,35,41,270,54.0,Pass
614,Student_0614,84,91,88,56,87,406,81.2,Pass
615,Student_0615,98,83,79,83,47,390,78.0,Pass
616,Student_0616,96,63,55,92,44,350,70.0,Pass
617,Student_0617,39,72,37,75,68,291,58.2,Pass
618,Student_0618,48,44,78,56,83,309,61.8,Pass
619,Student_0619,55,44,46,78,96,319,63.8,Pass
620,Student_0620,38,90,56,90,55,329,65.8,Pass
621,Student_0621,41,47,77,61,59,285,57.0,Pass
622,Student_0622,87,68,71,73,65,364,72.8,Pass
623,Student_0623,47,41,85,97,54,324,64.8,Pass
624,Student_0624,41,81,35,89,46,292,58.4,Pass
625,Student_0625,72,96,60,47,38,313,62.6,Pass
626,Student_0626,61,56,72,45,95,329,65.8,Pass
627,Student_0627,49,74,85,95,97,400,80.0,Pass
628,Student_0628,68,46,84,58,82,338,67.6,Pass
629,Student_0629,83,82,58,92,40,355,71.0,Pass
630,Student_0630,68,91,94,68,63,384,76.8,Pass
631,Student_0631,69,42,54,47,45,257,51.4,Pass
632,Student_0632,79,87,64,42,84,356,71.2,Pass
633,Student_0633,88,95,65,95,73,416,83.2,Pass
634,Student_0634,45,85,39,99,53,321,64.2,Pass
635,Student_0635,50,92,57,56,62,317,63.4,Pass
636,Student_0636,59,51,40,89,45,284,56.8,Pass
637,Student_0637,90,60,53,68,75,346,69.2,Pass
638,Student_0638,43,46,84,85,76,334,66.8,Pass
639,Student_0639,70,93,36,88,49,336,67.2,Pass
640,Student_0640,88,54,53,47,48,290,58.0,Pass
641,Student_0641,47,71,79,87,68,352,70.4,Pass
642,Student_0642,84,97,95,39,57,372,74.4,Pass
643,Student_0643,70,86,53,86,39,334,66.8,Pass
644,Student_0644,85,77,65,41,95,363,72.6,Pass
645,Student_0645,69,82,37,78,73,339,67.8,Pass
646,Student_0646,74,70,97,47,64,352,70.4,Pass
647,Student_0647,52,73,91,76,69,361,72.2,Pass
648,Student_0648,88,46,59,91,62,346,69.2,Pass
649,Student_0649,87,97,82,42,100,408,81.6,Pass
650,Student_0650,55,43,74,99,86,357,71.4,Pass
651,Student_0651,52,38,57,59,60,266,53.2,Pass
652,Student_0652,42,66,39,93,41,281,56.2,Pass
653,Student_0653,81,60,70,82,94,387,77.4,Pass
654,Student_0654,99,85,50,38,65,337,67.4,Pass
655,Student_0655,82,97,92,57,95,423,84.6,Pass
656,Student_0656,79,79,55,68,46,327,65.4,Pass
657,Student_0657,71,38,84,41,55,289,57.8,Pass
658,Student_0658,62,63,63,61,69,318,63.6,Pass
659,Student_0659,87,100,37,36,95,355,71.0,Pass
660,Student_0660,51,57,36,63,67,274,54.8,Pass
661,Student_0661,74,70,89,83,79,395,79.0,Pass
662,Student_0662,93,67,62,94,73,389,77.8,Pass
663,Student_0663,85,48,35,100,82,350,70.0,Pass
664,Student_0664,71,73,48,96,43,331,66.2,Pass
665,Student_0665,78,70,76,70,68,362,72.4,Pass
666,Student_0666,73,59,54,65,42,293,58.6,Pass
667,Student_0667,86,75,52,38,98,349,69.8,Pass
668,Student_0668,72,68,88,86,84,398,79.6,Pass
669,Student_0669,39,59,78,63,95,334,66.8,Pass
670,Student_0670,80,99,73,56,58,366,73.2,Pass
671,Student_0671,72,47,95,51,68,333,66.6,Pass
672,Student_0672,58,77,46,63,80,324,64.8,Pass
673,Student_0673,63,74,88,77,82,384,76.8,Pass
674,Student_0674,68,72,94,50,95,379,75.8,Pass
675,Student_0675,41,44,95,59,99,338,67.6,Pass
676,Student_0676,50,83,73,87,41,334,66.8,Pass
677,Student_0677,54,52,60,78,87,331,66.2,Pass
678,Student_0678,93,53,75,58,45,324,64.8,Pass
679,Student_0679,97,77,57,75,42,348,69.6,Pass
680,Student_0680,35,92,70,61,56,314,62.8,Pass
681,Student_0681,55,97,46,51,90,339,67.8,Pass
682,Student_0682,89,86,89,96,84,444,88.8,Pass
683,Student_0683,35,39,60,82,36,252,50.4,Pass
684,Student_0684,76,59,37,35,66,273,54.6,Pass
685,Student_0685,63,79,74,51,48,315,63.0,Pass
686,Student_0686,84,99,74,56,43,356,71.2,Pass
687,Student_0687,40,73,72,93,78,356,71.2,Pass
688,Student_0688,90,52,78,97,80,397,79.4,Pass
689,Student_0689,59,56,86,37,64,302,60.4,Pass
690,Student_0690,63,51,62,37,99,312,62.4,Pass
691,Student_0691,56,50,81,39,83,309,61.8,Pass
692,Student_0692,67,41,41,48,37,234,46.8,Pass
693,Student_0693,41,49,88,91,83,352,70.4,Pass
694,Student_0694,50,67,95,54,61,327,65.4,Pass
695,Student_0695,36,73,88,47,69,313,62.6,Pass
696,Student_0696,52,88,48,100,50,338,67.6,Pass
697,Student_0697,71,49,48,98,60,326,65.2,Pass
698,Student_0698,60,68,60,80,87,355,71.0,Pass
699,Student_0699,72,55,40,98,61,326,65.2,Pass
700,Student_0700,96,77,65,35,36,309,61.8,Pass
701,Student_0701,46,49,98,54,46,293,58.6,Pass
702,Student_0702,100,44,47,67,64,322,64.4,Pass
703,Student_0703,93,72,68,94,41,368,73.6,Pass
704,Student_0704,47,57,40,72,81,297,59.4,Pass
705,Student_0705,75,89,49,47,40,300,60.0,Pass
706,Student_0706,36,52,56,77,80,301,60.2,Pass
707,Student_0707,91,69,46,82,78,366,73.2,Pass
708,Student_0708,58,49,86,86,93,372,74.4,Pass
709,Student_0709,69,84,96,88,56,393,78.6,Pass
710,Student_0710,49,51,42,55,48,245,49.0,Pass
711,Student_0711,88,96,91,58,83,416,83.2,Pass
712,Student_0712,80,38,51,96,97,362,72.4,Pass
713,Student_0713,49,87,91,40,43,310,62.0,Pass
714,Student_0714,68,75,36,63,78,320,64.0,Pass
715,Student_0715,47,90,66,96,79,378,75.6,Pass
716,Student_0716,84,54,41,36,55,270,54.0,Pass
717,Student_0717,99,95,98,56,44,392,78.4,Pass
718,Student_0718,97,76,65,77,70,385,77.0,Pass
719,Student_0719,41,99,63,83,86,372,74.4,Pass
720,Student_0720,65,45,93,91,92,386,77.2,Pass
721,Student_0721,46,98,92,75,50,361,72.2,Pass
722,Student_0722,98,37,48,86,87,356,71.2,Pass
723,Student_0723,39,35,46,73,100,293,58.6,Pass
724,Student_0724,61,93,78,81,41,354,70.8,Pass
725,Student_0725,63,93,77,95,81,409,81.8,Pass
726,Student_0726,92,49,47,63,35,286,57.2,Pass
727,Student_0727,78,80,72,82,48,360,72.0,Pass
728,Student_0728,40,56,98,52,87,333,66.6,Pass
729,Student_0729,48,67,60,59,50,284,56.8,Pass
730,Student_0730,85,62,93,59,78,377,75.4,Pass
731,Student_0731,48,88,40,50,92,318,63.6,Pass
732,Student_0732,93,99,52,98,35,377,75.4,Pass
733,Student_0733,41,90,96,100,57,384,76.8,Pass
734,Student_0734,57,51,48,84,76,316,63.2,Pass
735,Student_0735,99,84,88,66,70,407,81.4,Pass
736,Student_0736,85,78,72,92,52,379,75.8,Pass
737,Student_0737,52,87,100,73,75,387,77.4,Pass
738,Student_0738,62,60,61,72,79,334,66.8,Pass
739,Student_0739,51,57,99,76,49,332,66.4,Pass
740,Student_0740,80,96,88,71,89,424,84.8,Pass
741,Student_0741,36,48,38,83,53,258,51.6,Pass
742,Student_0742,41,42,60,69,55,267,53.4,Pass
743,Student_0743,71,67,53,42,72,305,61.0,Pass
744,Student_0744,61,39,80,92,48,320,64.0,Pass
745,Student_0745,63,84,65,100,71,383,76.6,Pass
746,Student_0746,41,83,84,88,75,371,74.2,Pass
747,Student_0747,41,36,67,60,91,295,59.0,Pass
748,Student_0748,63,82,60,59,72,336,67.2,Pass
749,Student_0749,92,57,44,58,57,308,61.6,Pass
750,Student_0750,100,50,83,40,89,362,72.4,Pass
751,Student_0751,70,68,51,55,67,311,62.2,Pass
752,Student_0752,35,77,94,54,40,300,60.0,Pass
753,Student_0753,54,76,41,73,97,341,68.2,Pass
754,Student_0754,80,44,75,63,58,320,64.0,Pass
755,Student_0755,43,99,55,88,86,371,74.2,Pass
756,Student_0756,46,79,63,62,77,327,65.4,Pass
757,Student_0757,77,81,72,62,95,387,77.4,Pass
758,Student_0758,36,49,79,92,65,321,64.2,Pass
759,Student_0759,66,40,76,83,49,314,62.8,Pass
760,Student_0760,84,67,71,38,82,342,68.4,Pass
761,Student_0761,100,100,92,97,40,429,85.8,Pass
762,Student_0762,72,59,76,100,45,352,70.4,Pass
763,Student_0763,47,56,35,43,61,242,48.4,Pass
764,Student_0764,62,89,48,61,90,350,70.0,Pass
765,Student_0765,44,54,38,93,77,306,61.2,Pass
766,Student_0766,39,46,44,41,57,227,45.4,Pass
767,Student_0767,67,44,64,68,87,330,66.0,Pass
768,Student_0768,84,92,86,90,75,427,85.4,Pass
769,Student_0769,37,84,50,35,43,249,49.8,Pass
770,Student_0770,40,44,80,99,48,311,62.2,Pass
771,Student_0771,72,73,46,71,91,353,70.6,Pass
772,Student_0772,83,85,38,95,55,356,71.2,Pass
773,Student_0773,63,52,85,72,53,325,65.0,Pass
774,Student_0774,73,82,36,53,50,294,58.8,Pass
775,Student_0775,40,35,85,45,74,279,55.8,Pass
776,Student_0776,61,79,62,87,100,389,77.8,Pass
777,Student_0777,53,55,58,63,67,296,59.2,Pass
778,Student_0778,59,49,58,41,94,301,60.2,Pass
779,Student_0779,44,72,43,67,47,273,54.6,Pass
780,Student_0780,60,97,77,80,51,365,73.0,Pass
781,Student_0781,65,47,71,43,59,285,57.0,Pass
782,Student_0782,75,97,92,77,74,415,83.0,Pass
783,Student_0783,54,81,75,89,56,355,71.0,Pass
784,Student_0784,35,75,66,63,90,329,65.8,Pass
785,Student_0785,70,81,52,77,96,376,75.2,Pass
786,Student_0786,94,92,80,74,97,437,87.4,Pass
787,Student_0787,48,57,45,70,52,272,54.4,Pass
788,Student_0788,60,68,44,44,37,253,50.6,Pass
789,Student_0789,99,38,86,62,39,324,64.8,Pass
790,Student_0790,68,95,54,81,85,383,76.6,Pass
791,Student_0791,63,72,52,94,99,380,76.0,Pass
792,Student_0792,100,46,85,81,99,411,82.2,Pass
793,Student_0793,36,65,56,100,52,309,61.8,Pass
794,Student_0794,92,55,57,53,96,353,70.6,Pass
795,Student_0795,80,40,63,97,64,344,68.8,Pass
796,Student_0796,43,68,82,64,40,297,59.4,Pass
797,Student_0797,61,81,84,95,93,414,82.8,Pass
798,Student_0798,40,40,76,48,70,274,54.8,Pass
799,Student_0799,68,57,83,83,81,372,74.4,Pass
800,Student_0800,44,67,83,63,86,343,68.6,Pass
801,Student_0801,80,79,97,96,35,387,77.4,Pass
802,Student_0802,99,52,91,56,64,362,72.4,Pass
803,Student_0803,44,100,70,62,54,330,66.0,Pass
804,Student_0804,58,55,81,50,64,308,61.6,Pass
805,Student_0805,88,77,49,96,96,406,81.2,Pass
806,Student_0806,96,61,55,87,37,336,67.2,Pass
807,Student_0807,66,40,51,55,52,264,52.8,Pass
808,Student_0808,100,40,53,42,56,291,58.2,Pass
809,Student_0809,68,58,86,37,71,320,64.0,Pass
810,Student_0810,45,62,92,95,96,390,78.0,Pass
811,Student_0811,56,63,87,53,58,317,63.4,Pass
812,Student_0812,100,68,56,78,93,395,79.0,Pass
813,Student_0813,43,64,83,84,51,325,65.0,Pass
814,Student_0814,48,37,60,99,88,332,66.4,Pass
815,Student_0815,54,47,57,95,39,292,58.4,Pass
816,Student_0816,99,50,46,96,51,342,68.4,Pass
817,Student_0817,35,90,88,82,40,335,67.0,Pass
818,Student_0818,89,64,96,83,79,411,82.2,Pass
819,Student_0819,47,89,52,67,96,351,70.2,Pass
820,Student_0820,64,45,71,87,67,334,66.8,Pass
821,Student_0821,59,35,35,50,35,214,42.8,Pass
822,Student_0822,83,61,75,87,81,387,77.4,Pass
823,Student_0823,48,54,89,67,68,326,65.2,Pass
824,Student_0824,89,81,70,85,61,386,77.2,Pass
825,Student_0825,87,96,57,82,96,418,83.6,Pass
826,Student_0826,67,74,79,85,52,357,71.4,Pass
827,Student_0827,50,64,92,55,47,308,61.6,Pass
828,Student_0828,62,100,86,78,41,367,73.4,Pass
829,Student_0829,55,84,35,46,53,273,54.6,Pass
830,Student_0830,95,90,46,43,68,342,68.4,Pass
831,Student_0831,63,82,45,39,84,313,62.6,Pass
832,Student_0832,86,71,42,57,98,354,70.8,Pass
833,Student_0833,91,36,60,71,59,317,63.4,Pass
834,Student_0834,39,100,64,56,39,298,59.6,Pass
835,Student_0835,81,65,35,55,46,282,56.4,Pass
836,Student_0836,70,86,80,85,86,407,81.4,Pass
837,Student_0837,60,36,43,46,71,256,51.2,Pass
838,Student_0838,79,79,70,63,59,350,70.0,Pass
839,Student_0839,93,86,35,68,57,339,67.8,Pass
840,Student_0840,87,99,48,44,99,377,75.4,Pass
841,Student_0841,72,78,49,100,67,366,73.2,Pass
842,Student_0842,67,91,83,96,66,403,80.6,Pass
843,Student_0843,78,93,93,38,96,398,79.6,Pass
844,Student_0844,49,68,43,83,63,306,61.2,Pass
845,Student_0845,64,75,87,80,36,342,68.4,Pass
846,Student_0846,68,66,71,46,86,337,67.4,Pass
847,Student_0847,78,44,57,95,75,349,69.8,Pass
848,Student_0848,80,62,69,58,59,328,65.6,Pass
849,Student_0849,98,60,65,65,68,356,71.2,Pass
850,Student_0850,61,64,60,66,80,331,66.2,Pass
851,Student_0851,54,48,50,45,98,295,59.0,Pass
852,Student_0852,35,40,96,82,75,328,65.6,Pass
853,Student_0853,98,70,97,58,100,423,84.6,Pass
854,Student_0854,70,85,63,51,41,310,62.0,Pass
855,Student_0855,89,96,39,99,79,402,80.4,Pass
856,Student_0856,85,57,93,50,93,378,75.6,Pass
857,Student_0857,75,36,36,61,83,291,58.2,Pass
858,Student_0858,47,76,81,68,58,330,66.0,Pass
859,Student_0859,68,65,69,95,78,375,75.0,Pass
860,Student_0860,81,58,98,89,61,387,77.4,Pass
861,Student_0861,88,82,81,86,70,407,81.4,Pass
862,Student_0862,92,58,51,64,47,312,62.4,Pass
863,Student_0863,69,65,90,83,60,367,73.4,Pass
864,Student_0864,53,54,95,36,57,295,59.0,Pass
865,Student_0865,88,98,52,75,97,410,82.0,Pass
866,Student_0866,73,67,41,85,47,313,62.6,Pass
867,Student_0867,55,42,62,67,95,321,64.2,Pass
868,Student_0868,47,92,77,68,81,365,73.0,Pass
869,Student_0869,81,67,79,37,87,351,70.2,Pass
870,Student_0870,50,79,60,57,71,317,63.4,Pass
871,Student_0871,80,76,100,97,92,445,89.0,Pass
872,Student_0872,45,83,71,94,53,346,69.2,Pass
873,Student_0873,56,78,88,86,44,352,70.4,Pass
874,Student_0874,45,55,78,64,75,317,63.4,Pass
875,Student_0875,75,72,69,85,69,370,74.0,Pass
876,Student_0876,91,81,92,87,56,407,81.4,Pass
877,Student_0877,58,37,51,65,67,278,55.6,Pass
878,Student_0878,45,61,56,85,48,295,59.0,Pass
879,Student_0879,47,43,95,41,38,264,52.8,Pass
880,Student_0880,85,45,48,68,54,300,60.0,Pass
881,Student_0881,45,84,74,64,66,333,66.6,Pass
882,Student_0882,71,91,51,51,56,320,64.0,Pass
883,Student_0883,38,39,80,76,95,328,65.6,Pass
884,Student_0884,94,69,91,52,57,363,72.6,Pass
885,Student_0885,93,90,74,79,96,432,86.4,Pass
886,Student_0886,64,46,91,74,81,356,71.2,Pass
887,Student_0887,87,68,54,73,36,318,63.6,Pass
888,Student_0888,35,52,79,71,95,332,66.4,Pass
889,Student_0889,36,97,96,73,36,338,67.6,Pass
890,Student_0890,90,72,64,35,82,343,68.6,Pass
891,Student_0891,59,87,90,85,66,387,77.4,Pass
892,Student_0892,55,84,83,63,68,353,70.6,Pass
893,Student_0893,45,89,65,69,71,339,67.8,Pass
894,Student_0894,69,87,59,43,58,316,63.2,Pass
895,Student_0895,52,72,49,93,92,358,71.6,Pass
896,Student_0896,69,97,59,76,37,338,67.6,Pass
897,Student_0897,54,41,37,58,48,238,47.6,Pass
898,Student_0898,71,69,51,91,36,318,63.6,Pass
899,Student_0899,64,46,54,36,98,298,59.6,Pass
900,Student_0900,62,78,88,74,98,400,80.0,Pass
901,Student_0901,82,94,39,77,45,337,67.4,Pass
902,Student_0902,53,42,69,85,44,293,58.6,Pass
903,Student_0903,95,58,59,67,83,362,72.4,Pass
904,Student_0904,36,50,66,84,91,327,65.4,Pass
905,Student_0905,66,39,60,93,47,305,61.0,Pass
906,Student_0906,61,95,84,74,76,390,78.0,Pass
907,Student_0907,55,40,50,67,96,308,61.6,Pass
908,Student_0908,73,60,81,41,62,317,63.4,Pass
909,Student_0909,49,65,90,76,36,316,63.2,Pass
910,Student_0910,56,70,50,85,66,327,65.4,Pass
911,Student_0911,36,40,95,54,82,307,61.4,Pass
912,Student_0912,46,66,55,98,46,311,62.2,Pass
913,Student_0913,78,42,42,80,54,296,59.2,Pass
914,Student_0914,48,51,97,64,75,335,67.0,Pass
915,Student_0915,79,91,59,37,83,349,69.8,Pass
916,Student_0916,80,52,67,40,97,336,67.2,Pass
917,Student_0917,91,72,97,59,58,377,75.4,Pass
918,Student_0918,79,76,94,70,55,374,74.8,Pass
919,Student_0919,43,54,92,72,68,329,65.8,Pass
920,Student_0920,81,93,35,99,83,391,78.2,Pass
921,Student_0921,58,37,81,65,76,317,63.4,Pass
922,Student_0922,43,84,59,98,54,338,67.6,Pass
923,Student_0923,71,76,87,76,49,359,71.8,Pass
924,Student_0924,47,43,40,51,57,238,47.6,Pass
925,Student_0925,39,60,48,97,59,303,60.6,Pass
926,Student_0926,47,39,84,97,67,334,66.8,Pass
927,Student_0927,41,81,63,44,36,265,53.0,Pass
928,Student_0928,61,97,45,94,42,339,67.8,Pass
929,Student_0929,81,88,82,42,69,362,72.4,Pass
930,Student_0930,40,44,73,44,62,263,52.6,Pass
931,Student_0931,47,47,64,84,59,301,60.2,Pass
932,Student_0932,59,66,57,88,48,318,63.6,Pass
933,Student_0933,80,93,89,48,56,366,73.2,Pass
934,Student_0934,58,86,99,78,55,376,75.2,Pass
935,Student_0935,91,80,75,76,82,404,80.8,Pass
936,Student_0936,87,90,76,65,62,380,76.0,Pass
937,Student_0937,83,67,81,92,92,415,83.0,Pass
938,Student_0938,85,35,39,71,37,267,53.4,Pass
939,Student_0939,52,73,35,73,63,296,59.2,Pass
940,Student_0940,62,75,37,70,100,344,68.8,Pass
941,Student_0941,54,47,39,93,80,313,62.6,Pass
942,Student_0942,54,52,68,81,66,321,64.2,Pass
943,Student_0943,64,67,73,46,86,336,67.2,Pass
944,Student_0944,62,44,76,96,57,335,67.0,Pass
945,Student_0945,97,47,73,39,83,339,67.8,Pass
946,Student_0946,45,42,77,79,90,333,66.6,Pass
947,Student_0947,88,50,64,36,83,321,64.2,Pass
948,Student_0948,41,74,40,75,54,284,56.8,Pass
949,Student_0949,76,99,63,54,41,333,66.6,Pass
950,Student_0950,85,92,99,46,63,385,77.0,Pass
951,Student_0951,90,72,85,53,51,351,70.2,Pass
952,Student_0952,78,45,95,41,86,345,69.0,Pass
953,Student_0953,68,45,86,99,90,388,77.6,Pass
954,Student_0954,51,52,96,60,97,356,71.2,Pass
955,Student_0955,85,60,66,66,44,321,64.2,Pass
956,Student_0956,69,90,76,46,49,330,66.0,Pass
957,Student_0957,87,89,81,79,59,395,79.0,Pass
958,Student_0958,76,79,38,74,56,323,64.6,Pass
959,Student_0959,79,91,53,91,40,354,70.8,Pass
960,Student_0960,64,60,82,54,45,305,61.0,Pass
961,Student_0961,49,41,66,53,71,280,56.0,Pass
962,Student_0962,36,78,49,74,92,329,65.8,Pass
963,Student_0963,95,37,77,61,62,332,66.4,Pass
964,Student_0964,61,68,96,53,37,315,63.0,Pass
965,Student_0965,83,40,67,56,42,288,57.6,Pass
966,Student_0966,71,60,69,41,94,335,67.0,Pass
967,Student_0967,36,43,84,69,81,313,62.6,Pass
968,Student_0968,48,37,72,84,64,305,61.0,Pass
969,Student_0969,83,100,47,75,97,402,80.4,Pass
970,Student_0970,46,58,60,99,93,356,71.2,Pass
971,Student_0971,37,40,66,74,77,294,58.8,Pass
972,Student_0972,97,85,55,37,79,353,70.6,Pass
973,Student_0973,80,80,73,65,99,397,79.4,Pass
974,Student_0974,70,42,67,84,38,301,60.2,Pass
975,Student_0975,70,63,54,78,85,350,70.0,Pass
976,Student_0976,52,46,83,64,88,333,66.6,Pass
977,Student_0977,65,54,89,74,77,359,71.8,Pass
978,Student_0978,92,51,61,52,60,316,63.2,Pass
979,Student_0979,52,74,52,90,53,321,64.2,Pass
980,Student_0980,55,75,43,50,58,281,56.2,Pass
981,Student_0981,75,53,38,75,87,328,65.6,Pass
982,Student_0982,87,73,91,70,54,375,75.0,Pass
983,Student_0983,59,48,51,58,38,254,50.8,Pass
984,Student_0984,69,64,64,64,38,299,59.8,Pass
985,Student_0985,80,45,96,52,99,372,74.4,Pass
986,Student_0986,95,82,58,84,97,416,83.2,Pass
987,Student_0987,95,52,55,59,63,324,64.8,Pass
988,Student_0988,39,87,36,69,87,318,63.6,Pass
989,Student_0989,63,60,61,43,57,284,56.8,Pass
990,Student_0990,91,97,76,93,66,423,84.6,Pass
991,Student_0991,89,86,40,83,75,373,74.6,Pass
992,Student_0992,85,39,48,92,93,357,71.4,Pass
993,Student_0993,40,66,85,40,84,315,63.0,Pass
994,Student_0994,41,59,72,91,85,348,69.6,Pass
995,Student_0995,73,71,94,56,89,383,76.6,Pass
996,Student_0996,72,41,53,94,92,352,70.4,Pass
997,Student_0997,46,99,49,58,52,304,60.8,Pass
998,Student_0998,85,87,76,92,38,378,75.6,Pass
999,Student_0999,57,93,60,93,46,349,69.8,Pass
1000,Student_1000,67,76,55,50,46,294,58.8,Pass
1001,Student_1001,49,92,81,45,84,351,70.2,Pass
1002,Student_1002,100,55,83,83,40,361,72.2,Pass
1003,Student_1003,56,77,54,55,53,295,59.0,Pass
1004,Student_1004,57,41,88,74,74,334,66.8,Pass
1005,Student_1005,92,71,58,50,51,322,64.4,Pass
1006,Student_1006,60,35,67,36,93,291,58.2,Pass
1007,Student_1007,98,98,35,98,65,394,78.8,Pass
1008,Student_1008,62,95,93,87,91,428,85.6,Pass
1009,Student_1009,45,35,66,70,61,277,55.4,Pass
1010,Student_1010,41,58,53,42,79,273,54.6,Pass
1011,Student_1011,39,53,39,73,77,281,56.2,Pass
1012,Student_1012,46,41,48,88,57,280,56.0,Pass
1013,Student_1013,55,71,57,93,81,357,71.4,Pass
1014,Student_1014,39,46,73,76,82,316,63.2,Pass
1015,Student_1015,83,43,89,43,72,330,66.0,Pass
1016,Student_1016,95,52,50,70,77,344,68.8,Pass
1017,Student_1017,87,61,61,42,48,299,59.8,Pass
1018,Student_1018,46,96,71,89,75,377,75.4,Pass
1019,Student_1019,68,80,51,98,98,395,79.0,Pass
1020,Student_1020,98,58,64,72,59,351,70.2,Pass
1021,Student_1021,35,50,38,94,50,267,53.4,Pass
1022,Student_1022,61,88,87,40,77,353,70.6,Pass
1023,Student_1023,79,62,36,60,71,308,61.6,Pass
1024,Student_1024,67,43,74,73,99,356,71.2,Pass
1025,Student_1025,76,35,49,77,78,315,63.0,Pass
1026,Student_1026,85,38,57,59,77,316,63.2,Pass
1027,Student_1027,78,96,95,39,52,360,72.0,Pass
1028,Student_1028,96,54,93,77,94,414,82.8,Pass
1029,Student_1029,87,42,73,75,37,314,62.8,Pass
1030,Student_1030,61,77,80,43,54,315,63.0,Pass
1031,Student_1031,70,38,78,83,56,325,65.0,Pass
1032,Student_1032,84,58,49,74,75,340,68.0,Pass
1033,Student_1033,39,69,87,46,98,339,67.8,Pass
1034,Student_1034,65,82,92,73,62,374,74.8,Pass
1035,Student_1035,73,57,49,82,39,300,60.0,Pass
1036,Student_1036,60,46,91,99,38,334,66.8,Pass
1037,Student_1037,96,99,54,59,78,386,77.2,Pass
1038,Student_1038,96,74,76,53,47,346,69.2,Pass
1039,Student_1039,51,61,39,93,84,328,65.6,Pass
1040,Student_1040,49,35,74,40,46,244,48.8,Pass
1041,Student_1041,77,94,40,48,74,333,66.6,Pass
1042,Student_1042,37,74,61,76,60,308,61.6,Pass
1043,Student_1043,59,71,70,75,91,366,73.2,Pass
1044,Student_1044,50,69,54,55,70,298,59.6,Pass
1045,Student_1045,49,36,100,48,61,294,58.8,Pass
1046,Student_1046,79,75,69,53,71,347,69.4,Pass
1047,Student_1047,66,56,44,74,78,318,63.6,Pass
1048,Student_1048,91,41,51,38,95,316,63.2,Pass
1049,Student_1049,41,48,84,41,46,260,52.0,Pass
1050,Student_1050,89,85,57,92,80,403,80.6,Pass
1051,Student_1051,74,77,60,45,94,350,70.0,Pass
1052,Student_1052,51,46,94,47,93,331,66.2,Pass
1053,Student_1053,74,94,95,64,63,390,78.0,Pass
1054,Student_1054,53,68,81,85,58,345,69.0,Pass
1055,Student_1055,77,76,93,97,38,381,76.2,Pass
1056,Student_1056,43,95,49,79,96,362,72.4,Pass
1057,Student_1057,94,56,71,79,51,351,70.2,Pass
1058,Student_1058,100,48,86,48,76,358,71.6,Pass
1059,Student_1059,44,73,94,86,87,384,76.8,Pass
1060,Student_1060,65,66,55,96,84,366,73.2,Pass
1061,Student_1061,43,78,61,90,90,362,72.4,Pass
1062,Student_1062,78,65,57,44,97,341,68.2,Pass
1063,Student_1063,49,94,76,47,91,357,71.4,Pass
1064,Student_1064,57,74,86,43,48,308,61.6,Pass
1065,Student_1065,83,76,98,42,46,345,69.0,Pass
1066,Student_1066,62,52,35,53,54,256,51.2,Pass
1067,Student_1067,92,72,84,92,60,400,80.0,Pass
1068,Student_1068,61,75,73,73,90,372,74.4,Pass
1069,Student_1069,79,46,36,100,86,347,69.4,Pass
1070,Student_1070,51,72,42,82,41,288,57.6,Pass
1071,Student_1071,35,80,49,71,38,273,54.6,Pass
1072,Student_1072,65,90,85,75,83,398,79.6,Pass
1073,Student_1073,86,83,90,62,57,378,75.6,Pass
1074,Student_1074,95,52,59,84,81,371,74.2,Pass
1075,Student_1075,88,54,71,51,52,316,63.2,Pass
1076,Student_1076,36,44,37,53,97,267,53.4,Pass
1077,Student_1077,90,52,45,52,88,327,65.4,Pass
1078,Student_1078,93,89,58,93,100,433,86.6,Pass
1079,Student_1079,89,92,84,80,63,408,81.6,Pass
1080,Student_1080,58,89,35,98,65,345,69.0,Pass
1081,Student_1081,99,69,87,81,39,375,75.0,Pass
1082,Student_1082,39,96,82,49,96,362,72.4,Pass
1083,Student_1083,45,53,70,94,45,307,61.4,Pass
1084,Student_1084,46,66,95,44,74,325,65.0,Pass
1085,Student_1085,41,78,36,95,93,343,68.6,Pass
1086,Student_1086,100,95,77,88,80,440,88.0,Pass
1087,Student_1087,72,72,56,39,73,312,62.4,Pass
1088,Student_1088,68,42,95,56,41,302,60.4,Pass
1089,Student_1089,72,38,71,97,45,323,64.6,Pass
1090,Student_1090,51,99,44,70,67,331,66.2,Pass
1091,Student_1091,51,70,70,67,36,294,58.8,Pass
1092,Student_1092,49,57,54,92,82,334,66.8,Pass
1093,Student_1093,57,68,65,97,58,345,69.0,Pass
1094,Student_1094,39,78,45,53,54,269,53.8,Pass
1095,Student_1095,98,87,84,65,91,425,85.0,Pass
1096,Student_1096,56,61,79,41,68,305,61.0,Pass
1097,Student_1097,49,41,56,94,86,326,65.2,Pass
1098,Student_1098,95,73,95,64,83,410,82.0,Pass
1099,Student_1099,84,95,68,53,90,390,78.0,Pass
1100,Student_1100,36,71,92,83,75,357,71.4,Pass
1101,Student_1101,40,47,80,90,69,326,65.2,Pass
1102,Student_1102,77,69,69,47,67,329,65.8,Pass
1103,Student_1103,85,94,65,59,78,381,76.2,Pass
1104,Student_1104,58,75,36,36,43,248,49.6,Pass
1105,Student_1105,36,87,47,48,92,310,62.0,Pass
1106,Student_1106,79,63,71,67,59,339,67.8,Pass
1107,Student_1107,39,38,46,42,62,227,45.4,Pass
1108,Student_1108,50,50,46,51,83,280,56.0,Pass
1109,Student_1109,58,49,58,67,72,304,60.8,Pass
1110,Student_1110,94,44,93,70,89,390,78.0,Pass
1111,Student_1111,76,67,55,44,70,312,62.4,Pass
1112,Student_1112,42,83,84,77,42,328,65.6,Pass
1113,Student_1113,68,68,57,91,43,327,65.4,Pass
1114,Student_1114,97,60,85,57,97,396,79.2,Pass
1115,Student_1115,48,53,90,62,48,301,60.2,Pass
1116,Student_1116,91,68,48,39,44,290,58.0,Pass
1117,Student_1117,44,67,92,37,98,338,67.6,Pass
1118,Student_1118,54,35,39,84,69,281,56.2,Pass
1119,Student_1119,54,77,85,35,100,351,70.2,Pass
1120,Student_1120,97,96,90,86,43,412,82.4,Pass
1121,Student_1121,63,35,84,96,50,328,65.6,Pass
1122,Student_1122,80,77,73,86,42,358,71.6,Pass
1123,Student_1123,46,81,78,45,93,343,68.6,Pass
1124,Student_1124,72,60,57,40,84,313,62.6,Pass
1125,Student_1125,59,73,84,48,80,344,68.8,Pass
1126,Student_1126,97,45,91,59,52,344,68.8,Pass
1127,Student_1127,39,59,38,65,97,298,59.6,Pass
1128,Student_1128,84,43,74,98,92,391,78.2,Pass
1129,Student_1129,37,39,78,42,78,274,54.8,Pass
1130,Student_1130,40,86,50,62,93,331,66.2,Pass
1131,Student_1131,54,64,44,39,53,254,50.8,Pass
1132,Student_1132,97,37,95,40,66,335,67.0,Pass
1133,Student_1133,51,36,57,41,74,259,51.8,Pass
1134,Student_1134,47,93,56,43,48,287,57.4,Pass
1135,Student_1135,49,98,63,43,60,313,62.6,Pass
1136,Student_1136,89,78,86,76,50,379,75.8,Pass
1137,Student_1137,52,76,62,40,57,287,57.4,Pass
1138,Student_1138,77,43,50,70,53,293,58.6,Pass
1139,Student_1139,88,56,82,56,91,373,74.6,Pass
1140,Student_1140,66,40,52,47,83,288,57.6,Pass
1141,Student_1141,55,37,97,45,35,269,53.8,Pass
1142,Student_1142,35,57,46,71,88,297,59.4,Pass
1143,Student_1143,95,51,61,53,69,329,65.8,Pass
1144,Student_1144,92,87,65,57,39,340,68.0,Pass
1145,Student_1145,58,98,46,73,79,354,70.8,Pass
1146,Student_1146,88,35,65,59,50,297,59.4,Pass
1147,Student_1147,47,81,99,63,94,384,76.8,Pass
1148,Student_1148,61,70,41,59,49,280,56.0,Pass
1149,Student_1149,54,95,98,57,55,359,71.8,Pass
1150,Student_1150,40,41,81,71,61,294,58.8,Pass
1151,Student_1151,90,67,77,93,40,367,73.4,Pass
1152,Student_1152,48,41,57,55,38,239,47.8,Pass
1153,Student_1153,97,100,49,44,65,355,71.0,Pass
1154,Student_1154,91,76,88,60,76,391,78.2,Pass
1155,Student_1155,64,49,76,64,47,300,60.0,Pass
1156,Student_1156,65,87,60,83,63,358,71.6,Pass
1157,Student_1157,44,95,97,41,90,367,73.4,Pass
1158,Student_1158,53,62,93,57,84,349,69.8,Pass
1159,Student_1159,82,52,93,59,80,366,73.2,Pass
1160,Student_1160,69,60,77,51,39,296,59.2,Pass
1161,Student_1161,42,70,52,49,94,307,61.4,Pass
1162,Student_1162,93,88,56,78,63,378,75.6,Pass
1163,Student_1163,72,55,56,64,46,293,58.6,Pass
1164,Student_1164,87,97,62,95,94,435,87.0,Pass
1165,Student_1165,70,36,89,66,66,327,65.4,Pass
1166,Student_1166,76,90,63,54,35,318,63.6,Pass
1167,Student_1167,88,40,40,95,99,362,72.4,Pass
1168,Student_1168,39,89,85,96,47,356,71.2,Pass
1169,Student_1169,92,98,65,45,36,336,67.2,Pass
1170,Student_1170,87,62,51,80,72,352,70.4,Pass
1171,Student_1171,65,46,37,96,74,318,63.6,Pass
1172,Student_1172,55,93,38,93,94,373,74.6,Pass
1173,Student_1173,52,86,58,82,94,372,74.4,Pass
1174,Student_1174,35,44,84,77,39,279,55.8,Pass
1175,Student_1175,72,89,69,61,45,336,67.2,Pass
1176,Student_1176,77,42,100,81,41,341,68.2,Pass
1177,Student_1177,49,84,81,94,40,348,69.6,Pass
1178,Student_1178,81,81,57,43,61,323,64.6,Pass
1179,Student_1179,52,77,65,49,96,339,67.8,Pass
1180,Student_1180,61,63,76,80,69,349,69.8,Pass
1181,Student_1181,99,89,70,41,43,342,68.4,Pass
1182,Student_1182,82,79,92,97,99,449,89.8,Pass
1183,Student_1183,50,95,72,92,82,391,78.2,Pass
1184,Student_1184,43,59,93,46,45,286,57.2,Pass
1185,Student_1185,85,57,71,44,48,305,61.0,Pass
1186,Student_1186,56,70,49,53,98,326,65.2,Pass
1187,Student_1187,54,61,37,72,88,312,62.4,Pass
1188,Student_1188,51,95,79,88,91,404,80.8,Pass
1189,Student_1189,37,72,59,43,37,248,49.6,Pass
1190,Student_1190,64,77,87,78,76,382,76.4,Pass
1191,Student_1191,97,91,93,73,51,405,81.0,Pass
1192,Student_1192,74,56,68,64,96,358,71.6,Pass
1193,Student_1193,82,71,41,53,80,327,65.4,Pass
1194,Student_1194,71,93,56,55,71,346,69.2,Pass
1195,Student_1195,58,57,54,55,65,289,57.8,Pass
1196,Student_1196,49,40,75,51,91,306,61.2,Pass
1197,Student_1197,68,82,58,61,39,308,61.6,Pass
1198,Student_1198,75,79,53,82,92,381,76.2,Pass
1199,Student_1199,55,73,50,38,86,302,60.4,Pass
1200,Student_1200,98,53,93,75,54,373,74.6,Pass
1201,Student_1201,35,99,77,72,95,378,75.6,Pass
1202,Student_1202,72,53,91,78,49,343,68.6,Pass
1203,Student_1203,96,40,52,49,74,311,62.2,Pass
1204,Student_1204,38,86,63,92,80,359,71.8,Pass
1205,Student_1205,46,76,42,59,63,286,57.2,Pass
1206,Student_1206,70,60,37,45,92,304,60.8,Pass
1207,Student_1207,46,100,85,59,97,387,77.4,Pass
1208,Student_1208,75,100,42,81,85,383,76.6,Pass
1209,Student_1209,53,89,82,84,82,390,78.0,Pass
1210,Student_1210,36,71,79,79,74,339,67.8,Pass
1211,Student_1211,92,46,62,91,88,379,75.8,Pass
1212,Student_1212,91,71,55,89,88,394,78.8,Pass
1213,Student_1213,52,46,53,61,73,285,57.0,Pass
1214,Student_1214,95,77,43,83,46,344,68.8,Pass
1215,Student_1215,35,87,69,88,57,336,67.2,Pass
1216,Student_1216,94,52,60,58,83,347,69.4,Pass
1217,Student_1217,72,97,40,73,73,355,71.0,Pass
1218,Student_1218,98,94,63,38,35,328,65.6,Pass
1219,Student_1219,54,68,73,95,50,340,68.0,Pass
1220,Student_1220,71,88,57,97,66,379,75.8,Pass
1221,Student_1221,38,50,70,98,43,299,59.8,Pass
1222,Student_1222,81,96,90,68,95,430,86.0,Pass
1223,Student_1223,50,82,100,37,68,337,67.4,Pass
1224,Student_1224,55,42,53,75,94,319,63.8,Pass
1225,Student_1225,52,80,55,41,69,297,59.4,Pass
1226,Student_1226,81,88,80,41,72,362,72.4,Pass
1227,Student_1227,72,44,100,59,58,333,66.6,Pass
1228,Student_1228,47,56,76,75,73,327,65.4,Pass
1229,Student_1229,69,81,47,80,53,330,66.0,Pass
1230,Student_1230,36,52,71,82,97,338,67.6,Pass
1231,Student_1231,87,78,55,48,62,330,66.0,Pass
1232,Student_1232,54,99,63,59,49,324,64.8,Pass
1233,Student_1233,88,93,44,49,51,325,65.0,Pass
1234,Student_1234,37,96,79,74,81,367,73.4,Pass
1235,Student_1235,52,91,78,57,73,351,70.2,Pass
1236,Student_1236,38,50,63,51,53,255,51.0,Pass
1237,Student_1237,64,74,51,61,51,301,60.2,Pass
1238,Student_1238,45,89,49,44,37,264,52.8,Pass
1239,Student_1239,96,90,40,60,48,334,66.8,Pass
1240,Student_1240,39,100,42,95,50,326,65.2,Pass
1241,Student_1241,67,40,43,73,36,259,51.8,Pass
1242,Student_1242,47,50,61,60,58,276,55.2,Pass
1243,Student_1243,79,38,46,53,70,286,57.2,Pass
1244,Student_1244,79,80,55,99,65,378,75.6,Pass
1245,Student_1245,99,43,47,36,62,287,57.4,Pass
1246,Student_1246,59,71,56,35,47,268,53.6,Pass
1247,Student_1247,62,99,95,81,58,395,79.0,Pass
1248,Student_1248,91,48,58,80,83,360,72.0,Pass
1249,Student_1249,89,62,100,64,87,402,80.4,Pass
1250,Student_1250,49,75,50,94,49,317,63.4,Pass
1251,Student_1251,52,98,81,71,40,342,68.4,Pass
1252,Student_1252,45,76,98,49,84,352,70.4,Pass
1253,Student_1253,71,93,74,91,63,392,78.4,Pass
1254,Student_1254,87,72,89,59,43,350,70.0,Pass
1255,Student_1255,95,82,57,36,97,367,73.4,Pass
1256,Student_1256,48,85,91,45,50,319,63.8,Pass
1257,Student_1257,53,85,86,48,56,328,65.6,Pass
1258,Student_1258,43,81,60,78,60,322,64.4,Pass
1259,Student_1259,86,50,64,89,98,387,77.4,Pass
1260,Student_1260,70,69,86,80,95,400,80.0,Pass
1261,Student_1261,86,97,100,70,53,406,81.2,Pass
1262,Student_1262,93,48,50,67,97,355,71.0,Pass
1263,Student_1263,98,64,52,38,47,299,59.8,Pass
1264,Student_1264,41,43,98,38,57,277,55.4,Pass
1265,Student_1265,83,76,54,73,47,333,66.6,Pass
1266,Student_1266,44,98,94,60,72,368,73.6,Pass
1267,Student_1267,98,97,99,68,78,440,88.0,Pass
1268,Student_1268,37,39,90,50,84,300,60.0,Pass
1269,Student_1269,92,75,83,91,93,434,86.8,Pass
1270,Student_1270,39,39,57,73,56,264,52.8,Pass
1271,Student_1271,97,90,52,74,84,397,79.4,Pass
1272,Student_1272,97,49,97,95,95,433,86.6,Pass
1273,Student_1273,55,99,42,85,68,349,69.8,Pass
1274,Student_1274,98,83,80,71,76,408,81.6,Pass
1275,Student_1275,42,38,40,51,81,252,50.4,Pass
1276,Student_1276,79,38,78,83,47,325,65.0,Pass
1277,Student_1277,89,79,80,87,79,414,82.8,Pass
1278,Student_1278,42,66,66,65,74,313,62.6,Pass
1279,Student_1279,45,43,74,49,78,289,57.8,Pass
1280,Student_1280,56,37,76,39,93,301,60.2,Pass
1281,Student_1281,89,100,88,69,37,383,76.6,Pass
1282,Student_1282,95,37,75,83,84,374,74.8,Pass
1283,Student_1283,76,47,97,47,61,328,65.6,Pass
1284,Student_1284,78,98,99,78,56,409,81.8,Pass
1285,Student_1285,73,81,90,60,98,402,80.4,Pass
1286,Student_1286,44,62,71,68,41,286,57.2,Pass
1287,Student_1287,73,86,63,46,47,315,63.0,Pass
1288,Student_1288,78,69,43,95,89,374,74.8,Pass
1289,Student_1289,61,79,44,73,99,356,71.2,Pass
1290,Student_1290,73,90,75,60,88,386,77.2,Pass
1291,Student_1291,86,67,100,93,58,404,80.8,Pass
1292,Student_1292,37,58,98,62,94,349,69.8,Pass
1293,Student_1293,69,90,42,60,81,342,68.4,Pass
1294,Student_1294,94,53,65,54,73,339,67.8,Pass
1295,Student_1295,90,87,75,43,61,356,71.2,Pass
1296,Student_1296,87,69,71,55,67,349,69.8,Pass
1297,Student_1297,65,86,65,49,54,319,63.8,Pass
1298,Student_1298,59,38,66,74,94,331,66.2,Pass
1299,Student_1299,97,90,89,39,60,375,75.0,Pass
1300,Student_1300,55,69,52,38,68,282,56.4,Pass
1301,Student_1301,70,57,40,97,37,301,60.2,Pass
1302,Student_1302,42,45,75,73,43,278,55.6,Pass
1303,Student_1303,87,81,46,85,52,351,70.2,Pass
1304,Student_1304,65,49,99,50,67,330,66.0,Pass
1305,Student_1305,98,46,65,50,75,334,66.8,Pass
1306,Student_1306,77,84,65,89,62,377,75.4,Pass
1307,Student_1307,53,48,57,62,70,290,58.0,Pass
1308,Student_1308,91,87,67,42,97,384,76.8,Pass
1309,Student_1309,82,49,75,89,95,390,78.0,Pass
1310,Student_1310,66,70,53,81,95,365,73.0,Pass
1311,Student_1311,82,74,37,39,41,273,54.6,Pass
1312,Student_1312,65,67,84,74,81,371,74.2,Pass
1313,Student_1313,50,65,91,84,36,326,65.2,Pass
1314,Student_1314,85,67,73,46,65,336,67.2,Pass
1315,Student_1315,73,61,55,91,75,355,71.0,Pass
1316,Student_1316,87,39,70,45,97,338,67.6,Pass
1317,Student_1317,95,87,77,89,47,395,79.0,Pass
1318,Student_1318,55,68,99,43,80,345,69.0,Pass
1319,Student_1319,88,76,93,38,41,336,67.2,Pass
1320,Student_1320,58,91,52,35,86,322,64.4,Pass
1321,Student_1321,60,74,75,45,49,303,60.6,Pass
1322,Student_1322,55,66,51,87,75,334,66.8,Pass
1323,Student_1323,92,96,52,68,57,365,73.0,Pass
1324,Student_1324,76,71,60,45,88,340,68.0,Pass
1325,Student_1325,82,58,85,83,63,371,74.2,Pass
1326,Student_1326,37,37,64,46,94,278,55.6,Pass
1327,Student_1327,60,68,56,41,86,311,62.2,Pass
1328,Student_1328,89,68,54,46,82,339,67.8,Pass
1329,Student_1329,56,50,36,90,93,325,65.0,Pass
1330,Student_1330,98,50,63,61,59,331,66.2,Pass
1331,Student_1331,69,71,98,83,51,372,74.4,Pass
1332,Student_1332,90,61,62,71,59,343,68.6,Pass
1333,Student_1333,88,58,87,53,38,324,64.8,Pass
1334,Student_1334,72,68,65,92,66,363,72.6,Pass
1335,Student_1335,82,93,45,36,95,351,70.2,Pass
1336,Student_1336,52,76,85,62,84,359,71.8,Pass
1337,Student_1337,89,67,44,47,42,289,57.8,Pass
1338,Student_1338,41,77,65,95,80,358,71.6,Pass
1339,Student_1339,40,35,67,99,83,324,64.8,Pass
1340,Student_1340,73,85,82,51,40,331,66.2,Pass
1341,Student_1341,57,68,56,99,98,378,75.6,Pass
1342,Student_1342,78,94,51,46,75,344,68.8,Pass
1343,Student_1343,90,53,68,49,75,335,67.0,Pass
1344,Student_1344,40,51,98,70,81,340,68.0,Pass
1345,Student_1345,90,71,68,68,75,372,74.4,Pass
1346,Student_1346,90,56,75,97,54,372,74.4,Pass
1347,Student_1347,91,41,59,54,41,286,57.2,Pass
1348,Student_1348,64,58,39,95,68,324,64.8,Pass
1349,Student_1349,55,94,90,49,98,386,77.2,Pass
1350,Student_1350,40,91,80,97,93,401,80.2,Pass
1351,Student_1351,98,49,53,50,79,329,65.8,Pass
1352,Student_1352,46,61,71,58,56,292,58.4,Pass
1353,Student_1353,100,69,62,35,58,324,64.8,Pass
1354,Student_1354,88,44,66,98,47,343,68.6,Pass
1355,Student_1355,77,38,71,50,85,321,64.2,Pass
1356,Student_1356,82,48,76,54,38,298,59.6,Pass
1357,Student_1357,45,93,96,93,69,396,79.2,Pass
1358,Student_1358,35,77,40,92,76,320,64.0,Pass
1359,Student_1359,51,62,41,71,76,301,60.2,Pass
1360,Student_1360,42,44,83,46,86,301,60.2,Pass
1361,Student_1361,67,57,65,86,46,321,64.2,Pass
1362,Student_1362,37,61,55,84,86,323,64.6,Pass
1363,Student_1363,71,54,50,73,97,345,69.0,Pass
1364,Student_1364,90,74,51,80,47,342,68.4,Pass
1365,Student_1365,82,100,60,97,92,431,86.2,Pass
1366,Student_1366,84,95,69,89,46,383,76.6,Pass
1367,Student_1367,89,82,58,90,89,408,81.6,Pass
1368,Student_1368,46,40,100,78,94,358,71.6,Pass
1369,Student_1369,63,54,98,45,72,332,66.4,Pass
1370,Student_1370,94,90,45,96,73,398,79.6,Pass
1371,Student_1371,54,51,73,66,89,333,66.6,Pass
1372,Student_1372,72,41,44,40,100,297,59.4,Pass
1373,Student_1373,48,100,89,87,47,371,74.2,Pass
1374,Student_1374,94,67,80,67,45,353,70.6,Pass
1375,Student_1375,99,37,49,94,57,336,67.2,Pass
1376,Student_1376,58,85,40,45,88,316,63.2,Pass
1377,Student_1377,73,75,93,92,68,401,80.2,Pass
1378,Student_1378,78,58,62,58,45,301,60.2,Pass
1379,Student_1379,68,48,90,37,35,278,55.6,Pass
1380,Student_1380,85,49,36,56,96,322,64.4,Pass
1381,Student_1381,93,86,97,73,81,430,86.0,Pass
1382,Student_1382,85,73,46,51,52,307,61.4,Pass
1383,Student_1383,36,59,49,37,59,240,48.0,Pass
1384,Student_1384,38,61,96,53,65,313,62.6,Pass
1385,Student_1385,90,59,46,73,94,362,72.4,Pass
1386,Student_1386,53,95,89,37,49,323,64.6,Pass
1387,Student_1387,56,54,91,97,95,393,78.6,Pass
1388,Student_1388,37,92,66,60,72,327,65.4,Pass
1389,Student_1389,85,41,77,36,48,287,57.4,Pass
1390,Student_1390,90,88,98,72,39,387,77.4,Pass
1391,Student_1391,97,86,97,100,97,477,95.4,Pass
1392,Student_1392,64,42,37,89,75,307,61.4,Pass
1393,Student_1393,43,69,88,95,49,344,68.8,Pass
1394,Student_1394,98,79,92,90,37,396,79.2,Pass
1395,Student_1395,55,71,59,95,79,359,71.8,Pass
1396,Student_1396,91,64,99,63,78,395,79.0,Pass
1397,Student_1397,94,51,72,84,88,389,77.8,Pass
1398,Student_1398,81,95,55,61,71,363,72.6,Pass
1399,Student_1399,46,96,51,57,60,310,62.0,Pass
1400,Student_1400,55,97,47,88,98,385,77.0,Pass
1401,Student_1401,73,65,61,41,37,277,55.4,Pass
1402,Student_1402,80,68,80,55,57,340,68.0,Pass
1403,Student_1403,99,39,43,78,90,349,69.8,Pass
1404,Student_1404,49,64,50,63,97,323,64.6,Pass
1405,Student_1405,68,78,80,40,69,335,67.0,Pass
1406,Student_1406,54,100,48,41,91,334,66.8,Pass
1407,Student_1407,93,49,48,48,40,278,55.6,Pass
1408,Student_1408,99,48,56,50,61,314,62.8,Pass
1409,Student_1409,81,55,72,91,99,398,79.6,Pass
1410,Student_1410,98,47,54,81,77,357,71.4,Pass
1411,Student_1411,52,50,60,91,88,341,68.2,Pass
1412,Student_1412,35,66,95,78,71,345,69.0,Pass
1413,Student_1413,99,56,45,69,82,351,70.2,Pass
1414,Student_1414,88,81,66,54,88,377,75.4,Pass
1415,Student_1415,64,52,89,87,87,379,75.8,Pass
1416,Student_1416,93,81,38,91,53,356,71.2,Pass
1417,Student_1417,36,43,45,78,75,277,55.4,Pass
1418,Student_1418,86,56,90,42,85,359,71.8,Pass
1419,Student_1419,39,54,42,72,88,295,59.0,Pass
1420,Student_1420,86,73,75,79,36,349,69.8,Pass
1421,Student_1421,70,53,86,92,61,362,72.4,Pass
1422,Student_1422,91,79,86,60,73,389,77.8,Pass
1423,Student_1423,45,39,77,84,51,296,59.2,Pass
1424,Student_1424,71,62,46,100,74,353,70.6,Pass
1425,Student_1425,78,55,37,38,68,276,55.2,Pass
1426,Student_1426,65,73,89,99,49,375,75.0,Pass
1427,Student_1427,42,82,68,99,80,371,74.2,Pass
1428,Student_1428,50,41,50,92,73,306,61.2,Pass
1429,Student_1429,35,93,78,65,64,335,67.0,Pass
1430,Student_1430,79,73,71,52,83,358,71.6,Pass
1431,Student_1431,66,48,76,59,81,330,66.0,Pass
1432,Student_1432,93,47,53,89,87,369,73.8,Pass
1433,Student_1433,45,46,42,89,51,273,54.6,Pass
1434,Student_1434,95,62,92,44,82,375,75.0,Pass
1435,Student_1435,86,85,68,98,89,426,85.2,Pass
1436,Student_1436,91,97,88,55,53,384,76.8,Pass
1437,Student_1437,99,51,97,93,51,391,78.2,Pass
1438,Student_1438,100,50,62,93,95,400,80.0,Pass
1439,Student_1439,39,55,82,50,87,313,62.6,Pass
1440,Student_1440,49,50,82,72,40,293,58.6,Pass
1441,Student_1441,54,50,82,74,82,342,68.4,Pass
1442,Student_1442,73,72,97,38,53,333,66.6,Pass
1443,Student_1443,53,88,41,74,71,327,65.4,Pass
1444,Student_1444,62,58,97,35,50,302,60.4,Pass
1445,Student_1445,79,43,40,88,96,346,69.2,Pass
1446,Student_1446,74,92,78,83,95,422,84.4,Pass
1447,Student_1447,51,52,99,93,92,387,77.4,Pass
1448,Student_1448,92,54,76,46,87,355,71.0,Pass
1449,Student_1449,84,64,85,78,40,351,70.2,Pass
1450,Student_1450,91,70,46,56,38,301,60.2,Pass
1451,Student_1451,74,50,45,59,41,269,53.8,Pass
1452,Student_1452,59,95,99,37,50,340,68.0,Pass
1453,Student_1453,58,37,70,61,66,292,58.4,Pass
1454,Student_1454,91,45,76,86,40,338,67.6,Pass
1455,Student_1455,97,37,78,90,58,360,72.0,Pass
1456,Student_1456,88,38,75,83,67,351,70.2,Pass
1457,Student_1457,46,49,47,56,71,269,53.8,Pass
1458,Student_1458,53,58,67,46,54,278,55.6,Pass
1459,Student_1459,74,87,56,42,76,335,67.0,Pass
1460,Student_1460,58,38,42,73,84,295,59.0,Pass
1461,Student_1461,47,75,53,87,76,338,67.6,Pass
1462,Student_1462,68,83,50,41,60,302,60.4,Pass
1463,Student_1463,65,65,98,100,99,427,85.4,Pass
1464,Student_1464,84,49,69,42,75,319,63.8,Pass
1465,Student_1465,94,87,43,96,38,358,71.6,Pass
1466,Student_1466,87,64,37,69,47,304,60.8,Pass
1467,Student_1467,66,51,73,87,92,369,73.8,Pass
1468,Student_1468,45,99,61,53,82,340,68.0,Pass
1469,Student_1469,56,66,89,92,40,343,68.6,Pass
1470,Student_1470,35,94,72,56,35,292,58.4,Pass
1471,Student_1471,42,96,69,67,83,357,71.4,Pass
1472,Student_1472,79,62,100,71,40,352,70.4,Pass
1473,Student_1473,55,43,73,46,85,302,60.4,Pass
1474,Student_1474,50,52,70,90,61,323,64.6,Pass
1475,Student_1475,99,75,78,68,92,412,82.4,Pass
1476,Student_1476,69,66,76,78,61,350,70.0,Pass
1477,Student_1477,93,77,37,52,35,294,58.8,Pass
1478,Student_1478,95,35,36,57,87,310,62.0,Pass
1479,Student_1479,97,85,45,44,38,309,61.8,Pass
1480,Student_1480,91,50,80,83,80,384,76.8,Pass
1481,Student_1481,84,57,36,50,94,321,64.2,Pass
1482,Student_1482,82,59,91,36,63,331,66.2,Pass
1483,Student_1483,37,70,80,59,46,292,58.4,Pass
1484,Student_1484,73,63,64,98,81,379,75.8,Pass
1485,Student_1485,39,70,98,61,35,303,60.6,Pass
1486,Student_1486,60,85,49,70,99,363,72.6,Pass
1487,Student_1487,98,56,59,57,43,313,62.6,Pass
1488,Student_1488,51,43,51,68,64,277,55.4,Pass
1489,Student_1489,70,59,37,67,93,326,65.2,Pass
1490,Student_1490,35,89,41,76,90,331,66.2,Pass
1491,Student_1491,87,70,50,94,98,399,79.8,Pass
1492,Student_1492,81,40,63,41,70,295,59.0,Pass
1493,Student_1493,88,92,75,35,85,375,75.0,Pass
1494,Student_1494,59,77,45,38,63,282,56.4,Pass
1495,Student_1495,89,44,66,60,56,315,63.0,Pass
1496,Student_1496,77,74,43,47,38,279,55.8,Pass
1497,Student_1497,96,90,38,77,67,368,73.6,Pass
1498,Student_1498,66,48,95,65,78,352,70.4,Pass
1499,Student_1499,41,77,65,44,91,318,63.6,Pass
1500,Student_1500,47,92,50,45,42,276,55.2,Pass
1501,Student_1501,39,83,75,43,51,291,58.2,Pass
1502,Student_1502,42,91,42,73,90,338,67.6,Pass
1503,Student_1503,43,48,42,41,72,246,49.2,Pass
1504,Student_1504,83,86,47,87,64,367,73.4,Pass
1505,Student_1505,36,93,84,94,89,396,79.2,Pass
1506,Student_1506,47,78,38,93,77,333,66.6,Pass
1507,Student_1507,59,48,48,36,43,234,46.8,Pass
1508,Student_1508,59,51,100,67,80,357,71.4,Pass
1509,Student_1509,88,96,91,58,66,399,79.8,Pass
1510,Student_1510,52,40,42,51,74,259,51.8,Pass
1511,Student_1511,90,100,80,74,53,397,79.4,Pass
1512,Student_1512,53,95,74,78,72,372,74.4,Pass
1513,Student_1513,82,36,53,42,65,278,55.6,Pass
1514,Student_1514,99,41,89,79,60,368,73.6,Pass
1515,Student_1515,60,60,43,78,59,300,60.0,Pass
1516,Student_1516,95,94,77,77,73,416,83.2,Pass
1517,Student_1517,88,77,55,48,93,361,72.2,Pass
1518,Student_1518,40,98,63,35,63,299,59.8,Pass
1519,Student_1519,64,94,62,65,96,381,76.2,Pass
1520,Student_1520,77,83,61,86,58,365,73.0,Pass
1521,Student_1521,35,81,36,44,80,276,55.2,Pass
1522,Student_1522,38,49,53,72,91,303,60.6,Pass
1523,Student_1523,59,81,40,38,60,278,55.6,Pass
1524,Student_1524,60,71,57,63,68,319,63.8,Pass
1525,Student_1525,57,78,66,57,60,318,63.6,Pass
1526,Student_1526,37,57,68,47,37,246,49.2,Pass
1527,Student_1527,52,83,49,78,61,323,64.6,Pass
1528,Student_1528,74,93,65,82,82,396,79.2,Pass
1529,Student_1529,56,90,43,50,53,292,58.4,Pass
1530,Student_1530,51,59,59,83,82,334,66.8,Pass
1531,Student_1531,75,89,66,40,59,329,65.8,Pass
1532,Student_1532,72,54,76,66,41,309,61.8,Pass
1533,Student_1533,70,51,100,97,61,379,75.8,Pass
1534,Student_1534,45,95,43,56,100,339,67.8,Pass
1535,Student_1535,84,100,82,98,94,458,91.6,Pass
1536,Student_1536,57,76,82,96,98,409,81.8,Pass
1537,Student_1537,95,69,86,39,61,350,70.0,Pass
1538,Student_1538,63,60,92,65,85,365,73.0,Pass
1539,Student_1539,62,74,89,83,55,363,72.6,Pass
1540,Student_1540,82,67,45,52,45,291,58.2,Pass
1541,Student_1541,72,91,80,64,40,347,69.4,Pass
1542,Student_1542,94,100,78,89,92,453,90.6,Pass
1543,Student_1543,94,90,87,82,98,451,90.2,Pass
1544,Student_1544,75,69,83,38,57,322,64.4,Pass
1545,Student_1545,91,64,68,44,80,347,69.4,Pass
1546,Student_1546,45,72,99,100,45,361,72.2,Pass
1547,Student_1547,70,64,47,50,44,275,55.0,Pass
1548,Student_1548,81,39,60,77,60,317,63.4,Pass
1549,Student_1549,77,67,73,70,59,346,69.2,Pass
1550,Student_1550,52,68,36,73,71,300,60.0,Pass
1551,Student_1551,79,86,86,36,95,382,76.4,Pass
1552,Student_1552,100,54,85,64,64,367,73.4,Pass
1553,Student_1553,61,95,64,94,94,408,81.6,Pass
1554,Student_1554,78,45,75,59,89,346,69.2,Pass
1555,Student_1555,88,61,91,92,38,370,74.0,Pass
1556,Student_1556,82,52,51,74,36,295,59.0,Pass
1557,Student_1557,98,80,78,63,88,407,81.4,Pass
1558,Student_1558,89,86,73,76,37,361,72.2,Pass
1559,Student_1559,39,52,54,77,85,307,61.4,Pass
1560,Student_1560,83,61,85,43,84,356,71.2,Pass
1561,Student_1561,59,95,48,77,92,371,74.2,Pass
1562,Student_1562,73,46,56,48,57,280,56.0,Pass
1563,Student_1563,39,97,38,58,60,292,58.4,Pass
1564,Student_1564,43,84,71,61,64,323,64.6,Pass
1565,Student_1565,72,43,93,42,82,332,66.4,Pass
1566,Student_1566,36,56,76,87,85,340,68.0,Pass
1567,Student_1567,55,49,51,88,96,339,67.8,Pass
1568,Student_1568,43,84,61,51,61,300,60.0,Pass
1569,Student_1569,74,90,95,55,74,388,77.6,Pass
1570,Student_1570,60,99,93,70,60,382,76.4,Pass
1571,Student_1571,35,53,92,43,86,309,61.8,Pass
1572,Student_1572,66,77,97,93,94,427,85.4,Pass
1573,Student_1573,40,46,71,93,79,329,65.8,Pass
1574,Student_1574,73,85,57,88,66,369,73.8,Pass
1575,Student_1575,57,90,93,84,58,382,76.4,Pass
1576,Student_1576,47,85,40,65,55,292,58.4,Pass
1577,Student_1577,70,72,43,62,98,345,69.0,Pass
1578,Student_1578,87,50,82,44,48,311,62.2,Pass
1579,Student_1579,99,76,87,92,56,410,82.0,Pass
1580,Student_1580,67,61,99,40,94,361,72.2,Pass
1581,Student_1581,38,44,94,83,78,337,67.4,Pass
1582,Student_1582,86,59,85,39,36,305,61.0,Pass
1583,Student_1583,67,49,52,76,94,338,67.6,Pass
1584,Student_1584,97,94,43,45,66,345,69.0,Pass
1585,Student_1585,91,52,95,70,55,363,72.6,Pass
1586,Student_1586,56,37,47,57,72,269,53.8,Pass
1587,Student_1587,50,85,56,44,36,271,54.2,Pass
1588,Student_1588,69,54,91,80,57,351,70.2,Pass
1589,Student_1589,62,39,62,91,41,295,59.0,Pass
1590,Student_1590,48,84,74,91,41,338,67.6,Pass
1591,Student_1591,35,41,83,60,66,285,57.0,Pass
1592,Student_1592,82,65,60,46,37,290,58.0,Pass
1593,Student_1593,88,38,36,78,59,299,59.8,Pass
1594,Student_1594,43,63,47,56,56,265,53.0,Pass
1595,Student_1595,40,88,100,48,76,352,70.4,Pass
1596,Student_1596,76,59,61,85,89,370,74.0,Pass
1597,Student_1597,50,64,62,48,80,304,60.8,Pass
1598,Student_1598,76,57,36,86,75,330,66.0,Pass
1599,Student_1599,36,84,62,93,63,338,67.6,Pass
1600,Student_1600,43,70,82,40,43,278,55.6,Pass
1601,Student_1601,62,87,73,98,48,368,73.6,Pass
1602,Student_1602,56,67,47,76,84,330,66.0,Pass
1603,Student_1603,52,77,57,75,96,357,71.4,Pass
1604,Student_1604,43,77,37,92,83,332,66.4,Pass
1605,Student_1605,100,64,99,36,64,363,72.6,Pass
1606,Student_1606,37,50,74,65,89,315,63.0,Pass
1607,Student_1607,66,45,42,52,82,287,57.4,Pass
1608,Student_1608,98,72,60,54,83,367,73.4,Pass
1609,Student_1609,61,39,65,91,77,333,66.6,Pass
1610,Student_1610,52,70,75,40,88,325,65.0,Pass
1611,Student_1611,71,38,64,77,78,328,65.6,Pass
1612,Student_1612,66,61,41,66,63,297,59.4,Pass
1613,Student_1613,83,76,58,91,35,343,68.6,Pass
1614,Student_1614,43,97,43,59,41,283,56.6,Pass
1615,Student_1615,53,61,51,46,57,268,53.6,Pass
1616,Student_1616,61,65,99,45,89,359,71.8,Pass
1617,Student_1617,94,74,56,60,66,350,70.0,Pass
1618,Student_1618,89,57,66,73,71,356,71.2,Pass
1619,Student_1619,92,60,69,96,45,362,72.4,Pass
1620,Student_1620,81,85,83,56,95,400,80.0,Pass
1621,Student_1621,91,89,99,90,54,423,84.6,Pass
1622,Student_1622,96,37,83,89,45,350,70.0,Pass
1623,Student_1623,73,54,57,67,83,334,66.8,Pass
1624,Student_1624,94,74,93,71,83,415,83.0,Pass
1625,Student_1625,96,44,77,52,95,364,72.8,Pass
1626,Student_1626,60,54,59,35,36,244,48.8,Pass
1627,Student_1627,99,82,97,86,88,452,90.4,Pass
1628,Student_1628,85,82,84,97,74,422,84.4,Pass
1629,Student_1629,44,87,39,50,84,304,60.8,Pass
1630,Student_1630,55,59,90,67,79,350,70.0,Pass
1631,Student_1631,100,97,82,42,84,405,81.0,Pass
1632,Student_1632,89,66,66,96,39,356,71.2,Pass
1633,Student_1633,81,38,53,68,93,333,66.6,Pass
1634,Student_1634,53,67,66,55,36,277,55.4,Pass
1635,Student_1635,49,46,84,85,45,309,61.8,Pass
1636,Student_1636,59,89,56,89,67,360,72.0,Pass
1637,Student_1637,73,99,83,74,87,416,83.2,Pass
1638,Student_1638,46,48,79,53,69,295,59.0,Pass
1639,Student_1639,61,85,74,35,56,311,62.2,Pass
1640,Student_1640,97,35,47,43,88,310,62.0,Pass
1641,Student_1641,88,71,90,56,57,362,72.4,Pass
1642,Student_1642,82,58,52,60,97,349,69.8,Pass
1643,Student_1643,58,99,49,92,62,360,72.0,Pass
1644,Student_1644,58,60,42,58,59,277,55.4,Pass
1645,Student_1645,68,87,91,48,56,350,70.0,Pass
1646,Student_1646,45,72,45,83,50,295,59.0,Pass
1647,Student_1647,70,43,78,38,65,294,58.8,Pass
1648,Student_1648,96,97,47,36,42,318,63.6,Pass
1649,Student_1649,69,35,40,47,62,253,50.6,Pass
1650,Student_1650,35,83,69,97,95,379,75.8,Pass
1651,Student_1651,78,89,78,82,78,405,81.0,Pass
1652,Student_1652,75,65,81,86,83,390,78.0,Pass
1653,Student_1653,42,80,77,47,35,281,56.2,Pass
1654,Student_1654,93,86,52,38,50,319,63.8,Pass
1655,Student_1655,70,66,82,92,95,405,81.0,Pass
1656,Student_1656,100,87,59,35,76,357,71.4,Pass
1657,Student_1657,37,81,40,76,91,325,65.0,Pass
1658,Student_1658,64,97,86,45,79,371,74.2,Pass
1659,Student_1659,89,95,47,84,72,387,77.4,Pass
1660,Student_1660,59,53,99,39,51,301,60.2,Pass
1661,Student_1661,98,46,73,94,56,367,73.4,Pass
1662,Student_1662,92,49,96,65,66,368,73.6,Pass
1663,Student_1663,62,56,46,48,90,302,60.4,Pass
1664,Student_1664,38,55,76,84,70,323,64.6,Pass
1665,Student_1665,63,67,95,50,52,327,65.4,Pass
1666,Student_1666,97,46,77,63,43,326,65.2,Pass
1667,Student_1667,78,83,83,90,64,398,79.6,Pass
1668,Student_1668,63,68,49,72,46,298,59.6,Pass
1669,Student_1669,49,46,78,59,49,281,56.2,Pass
1670,Student_1670,82,51,75,83,35,326,65.2,Pass
1671,Student_1671,74,42,59,84,89,348,69.6,Pass
1672,Student_1672,75,81,51,63,48,318,63.6,Pass
1673,Student_1673,85,36,93,75,53,342,68.4,Pass
1674,Student_1674,72,63,98,93,53,379,75.8,Pass
1675,Student_1675,71,53,39,75,74,312,62.4,Pass
1676,Student_1676,99,50,70,96,62,377,75.4,Pass
1677,Student_1677,98,72,83,42,77,372,74.4,Pass
1678,Student_1678,54,61,63,41,57,276,55.2,Pass
1679,Student_1679,97,85,73,55,37,347,69.4,Pass
1680,Student_1680,85,78,89,95,79,426,85.2,Pass
1681,Student_1681,85,85,44,71,71,356,71.2,Pass
1682,Student_1682,59,85,47,51,76,318,63.6,Pass
1683,Student_1683,41,73,93,55,52,314,62.8,Pass
1684,Student_1684,91,96,72,53,61,373,74.6,Pass
1685,Student_1685,62,60,36,81,48,287,57.4,Pass
1686,Student_1686,53,83,89,56,42,323,64.6,Pass
1687,Student_1687,47,80,95,57,41,320,64.0,Pass
1688,Student_1688,50,100,78,90,54,372,74.4,Pass
1689,Student_1689,86,66,39,50,65,306,61.2,Pass
1690,Student_1690,85,97,73,57,83,395,79.0,Pass
1691,Student_1691,46,94,83,70,91,384,76.8,Pass
1692,Student_1692,82,36,50,49,45,262,52.4,Pass
1693,Student_1693,50,97,100,63,37,347,69.4,Pass
1694,Student_1694,96,70,47,58,84,355,71.0,Pass
1695,Student_1695,96,90,73,51,47,357,71.4,Pass
1696,Student_1696,76,43,58,86,37,300,60.0,Pass
1697,Student_1697,85,97,43,50,61,336,67.2,Pass
1698,Student_1698,50,58,58,35,92,293,58.6,Pass
1699,Student_1699,75,50,40,51,61,277,55.4,Pass
1700,Student_1700,55,46,67,39,45,252,50.4,Pass
1701,Student_1701,50,99,73,81,56,359,71.8,Pass
1702,Student_1702,89,35,66,73,40,303,60.6,Pass
1703,Student_1703,72,91,52,97,75,387,77.4,Pass
1704,Student_1704,80,100,61,47,40,328,65.6,Pass
1705,Student_1705,65,39,59,53,73,289,57.8,Pass
1706,Student_1706,62,52,62,80,70,326,65.2,Pass
1707,Student_1707,51,89,44,67,68,319,63.8,Pass
1708,Student_1708,83,55,86,93,45,362,72.4,Pass
1709,Student_1709,67,89,53,61,44,314,62.8,Pass
1710,Student_1710,69,59,82,100,55,365,73.0,Pass
1711,Student_1711,88,54,75,90,83,390,78.0,Pass
1712,Student_1712,38,66,44,69,50,267,53.4,Pass
1713,Student_1713,49,87,43,77,46,302,60.4,Pass
1714,Student_1714,81,77,69,53,63,343,68.6,Pass
1715,Student_1715,70,36,47,83,63,299,59.8,Pass
1716,Student_1716,83,48,50,57,74,312,62.4,Pass
1717,Student_1717,97,47,79,71,69,363,72.6,Pass
1718,Student_1718,47,41,56,75,84,303,60.6,Pass
1719,Student_1719,58,79,86,96,51,370,74.0,Pass
1720,Student_1720,68,36,100,54,51,309,61.8,Pass
1721,Student_1721,53,83,69,41,82,328,65.6,Pass
1722,Student_1722,66,88,93,58,91,396,79.2,Pass
1723,Student_1723,80,94,99,71,70,414,82.8,Pass
1724,Student_1724,89,64,74,46,74,347,69.4,Pass
1725,Student_1725,87,75,46,45,44,297,59.4,Pass
1726,Student_1726,65,46,56,42,45,254,50.8,Pass
1727,Student_1727,71,98,36,89,100,394,78.8,Pass
1728,Student_1728,52,96,98,100,50,396,79.2,Pass
1729,Student_1729,86,36,59,35,89,305,61.0,Pass
1730,Student_1730,79,66,40,92,56,333,66.6,Pass
1731,Student_1731,63,57,44,81,52,297,59.4,Pass
1732,Student_1732,100,80,41,89,98,408,81.6,Pass
1733,Student_1733,83,56,82,49,78,348,69.6,Pass
1734,Student_1734,66,50,72,73,96,357,71.4,Pass
1735,Student_1735,72,68,62,35,85,322,64.4,Pass
1736,Student_1736,62,74,100,39,94,369,73.8,Pass
1737,Student_1737,97,42,80,35,93,347,69.4,Pass
1738,Student_1738,77,73,80,48,35,313,62.6,Pass
1739,Student_1739,79,58,86,80,36,339,67.8,Pass
1740,Student_1740,47,90,97,60,45,339,67.8,Pass
1741,Student_1741,100,54,87,50,97,388,77.6,Pass
1742,Student_1742,35,54,67,63,95,314,62.8,Pass
1743,Student_1743,85,82,73,81,89,410,82.0,Pass
1744,Student_1744,58,69,48,91,91,357,71.4,Pass
1745,Student_1745,55,52,80,90,35,312,62.4,Pass
1746,Student_1746,80,60,49,59,71,319,63.8,Pass
1747,Student_1747,40,52,85,88,77,342,68.4,Pass
1748,Student_1748,39,55,60,96,69,319,63.8,Pass
1749,Student_1749,50,88,97,98,51,384,76.8,Pass
1750,Student_1750,76,86,99,84,51,396,79.2,Pass
1751,Student_1751,49,48,37,51,54,239,47.8,Pass
1752,Student_1752,79,99,36,65,41,320,64.0,Pass
1753,Student_1753,78,89,36,90,96,389,77.8,Pass
1754,Student_1754,72,71,97,45,89,374,74.8,Pass
1755,Student_1755,66,54,100,58,66,344,68.8,Pass
1756,Student_1756,70,49,68,66,89,342,68.4,Pass
1757,Student_1757,60,95,48,99,58,360,72.0,Pass
1758,Student_1758,59,54,64,50,51,278,55.6,Pass
1759,Student_1759,86,39,70,59,53,307,61.4,Pass
1760,Student_1760,89,37,60,46,41,273,54.6,Pass
1761,Student_1761,83,87,74,64,63,371,74.2,Pass
1762,Student_1762,78,89,96,42,100,405,81.0,Pass
1763,Student_1763,89,41,73,49,69,321,64.2,Pass
1764,Student_1764,81,70,79,88,66,384,76.8,Pass
1765,Student_1765,75,41,58,40,35,249,49.8,Pass
1766,Student_1766,41,76,62,71,95,345,69.0,Pass
1767,Student_1767,70,47,90,58,67,332,66.4,Pass
1768,Student_1768,97,81,77,73,49,377,75.4,Pass
1769,Student_1769,47,36,51,77,81,292,58.4,Pass
1770,Student_1770,81,82,65,70,61,359,71.8,Pass
1771,Student_1771,84,46,48,51,50,279,55.8,Pass
1772,Student_1772,40,59,59,92,47,297,59.4,Pass
1773,Student_1773,44,78,73,95,60,350,70.0,Pass
1774,Student_1774,54,40,51,59,88,292,58.4,Pass
1775,Student_1775,67,79,81,92,50,369,73.8,Pass
1776,Student_1776,90,43,96,88,99,416,83.2,Pass
1777,Student_1777,37,56,70,51,72,286,57.2,Pass
1778,Student_1778,40,42,59,85,98,324,64.8,Pass
1779,Student_1779,100,44,56,91,100,391,78.2,Pass
1780,Student_1780,84,84,86,69,61,384,76.8,Pass
1781,Student_1781,58,35,55,62,36,246,49.2,Pass
1782,Student_1782,100,93,99,68,73,433,86.6,Pass
1783,Student_1783,63,72,69,50,56,310,62.0,Pass
1784,Student_1784,63,40,65,72,40,280,56.0,Pass
1785,Student_1785,53,70,52,69,41,285,57.0,Pass
1786,Student_1786,66,61,49,35,79,290,58.0,Pass
1787,Student_1787,82,76,45,68,52,323,64.6,Pass
1788,Student_1788,87,72,76,42,36,313,62.6,Pass
1789,Student_1789,80,63,70,57,67,337,67.4,Pass
1790,Student_1790,37,48,83,67,61,296,59.2,Pass
1791,Student_1791,91,63,76,69,61,360,72.0,Pass
1792,Student_1792,85,54,92,64,90,385,77.0,Pass
1793,Student_1793,82,53,96,46,98,375,75.0,Pass
1794,Student_1794,58,93,58,57,59,325,65.0,Pass
1795,Student_1795,97,58,71,37,74,337,67.4,Pass
1796,Student_1796,55,57,85,59,43,299,59.8,Pass
1797,Student_1797,53,44,89,66,93,345,69.0,Pass
1798,Student_1798,86,47,52,36,47,268,53.6,Pass
1799,Student_1799,83,84,37,49,36,289,57.8,Pass
1800,Student_1800,40,51,66,45,69,271,54.2,Pass
1801,Student_1801,53,36,36,48,78,251,50.2,Pass
1802,Student_1802,45,60,52,96,91,344,68.8,Pass
1803,Student_1803,55,74,77,96,54,356,71.2,Pass
1804,Student_1804,66,42,69,50,37,264,52.8,Pass
1805,Student_1805,40,48,72,48,100,308,61.6,Pass
1806,Student_1806,88,53,35,63,38,277,55.4,Pass
1807,Student_1807,64,89,84,53,80,370,74.0,Pass
1808,Student_1808,71,63,84,49,97,364,72.8,Pass
1809,Student_1809,56,49,63,48,71,287,57.4,Pass
1810,Student_1810,80,44,77,50,81,332,66.4,Pass
1811,Student_1811,45,40,54,57,89,285,57.0,Pass
1812,Student_1812,77,58,89,54,73,351,70.2,Pass
1813,Student_1813,71,79,48,69,98,365,73.0,Pass
1814,Student_1814,82,68,44,35,54,283,56.6,Pass
1815,Student_1815,53,75,53,84,92,357,71.4,Pass
1816,Student_1816,96,43,49,89,70,347,69.4,Pass
1817,Student_1817,53,46,76,51,58,284,56.8,Pass
1818,Student_1818,84,80,75,98,89,426,85.2,Pass
1819,Student_1819,96,87,77,52,66,378,75.6,Pass
1820,Student_1820,84,88,98,98,64,432,86.4,Pass
1821,Student_1821,84,45,88,63,46,326,65.2,Pass
1822,Student_1822,65,81,35,61,37,279,55.8,Pass
1823,Student_1823,81,95,52,49,42,319,63.8,Pass
1824,Student_1824,79,81,52,72,93,377,75.4,Pass
1825,Student_1825,53,88,66,61,63,331,66.2,Pass
1826,Student_1826,42,52,50,53,83,280,56.0,Pass
1827,Student_1827,38,89,82,41,48,298,59.6,Pass
1828,Student_1828,44,96,55,38,53,286,57.2,Pass
1829,Student_1829,81,53,45,66,44,289,57.8,Pass
1830,Student_1830,36,88,54,58,95,331,66.2,Pass
1831,Student_1831,52,73,95,87,78,385,77.0,Pass
1832,Student_1832,91,36,71,49,54,301,60.2,Pass
1833,Student_1833,42,39,57,99,55,292,58.4,Pass
1834,Student_1834,36,85,89,93,68,371,74.2,Pass
1835,Student_1835,99,74,64,89,55,381,76.2,Pass
1836,Student_1836,69,46,83,51,62,311,62.2,Pass
1837,Student_1837,86,42,63,85,58,334,66.8,Pass
1838,Student_1838,44,94,96,75,86,395,79.0,Pass
1839,Student_1839,83,56,41,82,89,351,70.2,Pass
1840,Student_1840,59,69,48,48,44,268,53.6,Pass
1841,Student_1841,81,77,38,65,71,332,66.4,Pass
1842,Student_1842,55,48,43,62,36,244,48.8,Pass
1843,Student_1843,74,59,60,39,65,297,59.4,Pass
1844,Student_1844,69,45,40,96,40,290,58.0,Pass
1845,Student_1845,41,75,46,74,36,272,54.4,Pass
1846,Student_1846,80,71,85,99,59,394,78.8,Pass
1847,Student_1847,75,85,80,51,47,338,67.6,Pass
1848,Student_1848,77,87,99,47,99,409,81.8,Pass
1849,Student_1849,54,38,83,96,39,310,62.0,Pass
1850,Student_1850,72,55,54,94,45,320,64.0,Pass
1851,Student_1851,46,64,62,53,55,280,56.0,Pass
1852,Student_1852,99,78,92,51,78,398,79.6,Pass
1853,Student_1853,72,81,90,40,84,367,73.4,Pass
1854,Student_1854,65,61,44,54,98,322,64.4,Pass
1855,Student_1855,47,36,53,74,46,256,51.2,Pass
1856,Student_1856,98,47,93,75,56,369,73.8,Pass
1857,Student_1857,72,55,43,70,81,321,64.2,Pass
1858,Student_1858,80,46,44,57,93,320,64.0,Pass
1859,Student_1859,68,95,67,91,52,373,74.6,Pass
1860,Student_1860,50,97,40,81,71,339,67.8,Pass
1861,Student_1861,86,87,51,91,81,396,79.2,Pass
1862,Student_1862,100,75,82,45,87,389,77.8,Pass
1863,Student_1863,99,92,68,40,42,341,68.2,Pass
1864,Student_1864,66,36,54,48,72,276,55.2,Pass
1865,Student_1865,83,55,86,44,63,331,66.2,Pass
1866,Student_1866,84,94,46,79,94,397,79.4,Pass
1867,Student_1867,94,94,48,45,58,339,67.8,Pass
1868,Student_1868,48,85,90,60,86,369,73.8,Pass
1869,Student_1869,77,43,75,78,97,370,74.0,Pass
1870,Student_1870,62,95,49,70,93,369,73.8,Pass
1871,Student_1871,39,54,95,53,62,303,60.6,Pass
1872,Student_1872,75,39,83,42,81,320,64.0,Pass
1873,Student_1873,90,95,62,41,62,350,70.0,Pass
1874,Student_1874,37,89,69,67,57,319,63.8,Pass
1875,Student_1875,45,53,43,70,86,297,59.4,Pass
1876,Student_1876,45,73,92,88,62,360,72.0,Pass
1877,Student_1877,68,58,41,46,89,302,60.4,Pass
1878,Student_1878,78,73,56,60,79,346,69.2,Pass
1879,Student_1879,88,96,95,55,90,424,84.8,Pass
1880,Student_1880,80,84,36,60,44,304,60.8,Pass
1881,Student_1881,53,76,75,36,54,294,58.8,Pass
1882,Student_1882,93,53,98,75,49,368,73.6,Pass
1883,Student_1883,87,68,35,92,51,333,66.6,Pass
1884,Student_1884,92,47,39,62,59,299,59.8,Pass
1885,Student_1885,88,56,83,62,79,368,73.6,Pass
1886,Student_1886,61,59,36,82,81,319,63.8,Pass
1887,Student_1887,37,73,74,99,50,333,66.6,Pass
1888,Student_1888,98,93,87,87,80,445,89.0,Pass
1889,Student_1889,80,89,77,49,57,352,70.4,Pass
1890,Student_1890,93,89,82,57,55,376,75.2,Pass
1891,Student_1891,90,83,71,90,71,405,81.0,Pass
1892,Student_1892,47,46,48,46,37,224,44.8,Pass
1893,Student_1893,87,48,98,47,91,371,74.2,Pass
1894,Student_1894,99,39,72,88,62,360,72.0,Pass
1895,Student_1895,63,93,83,49,60,348,69.6,Pass
1896,Student_1896,95,50,79,94,87,405,81.0,Pass
1897,Student_1897,85,35,82,63,99,364,72.8,Pass
1898,Student_1898,71,69,68,74,88,370,74.0,Pass
1899,Student_1899,65,35,88,39,36,263,52.6,Pass
1900,Student_1900,38,54,82,75,77,326,65.2,Pass
1901,Student_1901,56,90,65,85,59,355,71.0,Pass
1902,Student_1902,85,41,89,51,84,350,70.0,Pass
1903,Student_1903,57,86,75,55,90,363,72.6,Pass
1904,Student_1904,64,47,51,99,50,311,62.2,Pass
1905,Student_1905,85,68,55,76,61,345,69.0,Pass
1906,Student_1906,46,46,38,90,36,256,51.2,Pass
1907,Student_1907,54,38,45,83,38,258,51.6,Pass
1908,Student_1908,51,93,80,58,65,347,69.4,Pass
1909,Student_1909,63,73,59,66,83,344,68.8,Pass
1910,Student_1910,68,41,70,45,53,277,55.4,Pass
1911,Student_1911,37,48,49,93,50,277,55.4,Pass
1912,Student_1912,48,53,71,68,58,298,59.6,Pass
1913,Student_1913,46,44,98,81,61,330,66.0,Pass
1914,Student_1914,85,47,97,37,87,353,70.6,Pass
1915,Student_1915,44,97,44,61,88,334,66.8,Pass
1916,Student_1916,83,75,92,55,58,363,72.6,Pass
1917,Student_1917,73,36,57,39,50,255,51.0,Pass
1918,Student_1918,78,79,96,35,55,343,68.6,Pass
1919,Student_1919,67,50,59,38,37,251,50.2,Pass
1920,Student_1920,100,54,62,81,49,346,69.2,Pass
1921,Student_1921,62,38,76,52,63,291,58.2,Pass
1922,Student_1922,45,51,69,70,96,331,66.2,Pass
1923,Student_1923,60,46,79,72,94,351,70.2,Pass
1924,Student_1924,98,90,100,86,59,433,86.6,Pass
1925,Student_1925,67,57,60,70,85,339,67.8,Pass
1926,Student_1926,48,74,56,61,97,336,67.2,Pass
1927,Student_1927,90,92,89,69,75,415,83.0,Pass
1928,Student_1928,48,84,89,60,80,361,72.2,Pass
1929,Student_1929,82,43,92,56,39,312,62.4,Pass
1930,Student_1930,100,67,87,72,80,406,81.2,Pass
1931,Student_1931,85,38,49,58,76,306,61.2,Pass
1932,Student_1932,89,58,80,66,44,337,67.4,Pass
1933,Student_1933,62,82,82,53,75,354,70.8,Pass
1934,Student_1934,50,36,75,36,77,274,54.8,Pass
1935,Student_1935,62,94,76,64,43,339,67.8,Pass
1936,Student_1936,84,71,62,62,48,327,65.4,Pass
1937,Student_1937,70,44,88,90,75,367,73.4,Pass
1938,Student_1938,75,60,60,41,98,334,66.8,Pass
1939,Student_1939,98,40,70,88,50,346,69.2,Pass
1940,Student_1940,50,92,56,76,84,358,71.6,Pass
1941,Student_1941,65,37,71,37,35,245,49.0,Pass
1942,Student_1942,94,71,51,86,39,341,68.2,Pass
1943,Student_1943,40,78,37,43,95,293,58.6,Pass
1944,Student_1944,47,88,73,70,75,353,70.6,Pass
1945,Student_1945,79,86,45,75,98,383,76.6,Pass
1946,Student_1946,41,85,73,93,98,390,78.0,Pass
1947,Student_1947,50,82,48,38,63,281,56.2,Pass
1948,Student_1948,41,36,52,48,76,253,50.6,Pass
1949,Student_1949,90,63,56,46,59,314,62.8,Pass
1950,Student_1950,82,35,41,68,40,266,53.2,Pass
1951,Student_1951,49,41,73,44,68,275,55.0,Pass
1952,Student_1952,77,83,69,56,52,337,67.4,Pass
1953,Student_1953,93,50,51,75,53,322,64.4,Pass
1954,Student_1954,87,92,50,65,96,390,78.0,Pass
1955,Student_1955,97,70,76,96,63,402,80.4,Pass
1956,Student_1956,46,68,72,45,80,311,62.2,Pass
1957,Student_1957,66,61,44,44,98,313,62.6,Pass
1958,Student_1958,42,62,36,62,94,296,59.2,Pass
1959,Student_1959,84,59,97,48,78,366,73.2,Pass
1960,Student_1960,61,100,75,74,93,403,80.6,Pass
1961,Student_1961,54,99,48,51,63,315,63.0,Pass
1962,Student_1962,81,84,92,100,60,417,83.4,Pass
1963,Student_1963,86,59,43,70,89,347,69.4,Pass
1964,Student_1964,56,74,48,53,94,325,65.0,Pass
1965,Student_1965,48,49,65,37,93,292,58.4,Pass
1966,Student_1966,58,69,38,95,92,352,70.4,Pass
1967,Student_1967,80,68,50,45,80,323,64.6,Pass
1968,Student_1968,90,62,54,85,99,390,78.0,Pass
1969,Student_1969,90,100,77,41,91,399,79.8,Pass
1970,Student_1970,69,82,47,41,83,322,64.4,Pass
1971,Student_1971,89,59,72,59,86,365,73.0,Pass
1972,Student_1972,57,70,98,90,48,363,72.6,Pass
1973,Student_1973,41,66,49,63,49,268,53.6,Pass
1974,Student_1974,41,39,69,65,43,257,51.4,Pass
1975,Student_1975,47,70,63,86,85,351,70.2,Pass
1976,Student_1976,85,47,63,69,98,362,72.4,Pass
1977,Student_1977,61,56,61,79,71,328,65.6,Pass
1978,Student_1978,71,35,47,58,99,310,62.0,Pass
1979,Student_1979,96,74,65,56,75,366,73.2,Pass
1980,Student_1980,43,56,58,77,93,327,65.4,Pass
1981,Student_1981,53,36,95,89,77,350,70.0,Pass
1982,Student_1982,37,57,68,44,56,262,52.4,Pass
1983,Student_1983,36,80,95,35,97,343,68.6,Pass
1984,Student_1984,66,95,49,40,37,287,57.4,Pass
1985,Student_1985,72,64,99,56,53,344,68.8,Pass
1986,Student_1986,47,47,73,77,92,336,67.2,Pass
1987,Student_1987,97,79,67,97,67,407,81.4,Pass
1988,Student_1988,81,93,36,80,73,363,72.6,Pass
1989,Student_1989,77,96,49,69,37,328,65.6,Pass
1990,Student_1990,53,87,63,53,80,336,67.2,Pass
1991,Student_1991,98,38,66,90,81,373,74.6,Pass
1992,Student_1992,61,46,59,83,48,297,59.4,Pass
1993,Student_1993,70,92,57,68,79,366,73.2,Pass
1994,Student_1994,77,85,88,70,74,394,78.8,Pass
1995,Student_1995,59,40,78,50,90,317,63.4,Pass
1996,Student_1996,93,79,71,49,36,328,65.6,Pass
1997,Student_1997,98,53,94,54,72,371,74.2,Pass
1998,Student_1998,55,73,97,71,43,339,67.8,Pass
1999,Student_1999,72,36,93,40,62,303,60.6,Pass
2000,Student_2000,71,50,41,97,74,333,66.6,Pass
2001,Student_2001,35,90,80,35,41,281,56.2,Pass
2002,Student_2002,67,52,79,71,99,368,73.6,Pass
2003,Student_2003,54,46,69,53,60,282,56.4,Pass
2004,Student_2004,90,45,72,63,39,309,61.8,Pass
2005,Student_2005,95,80,66,84,89,414,82.8,Pass
2006,Student_2006,86,47,68,73,74,348,69.6,Pass
2007,Student_2007,57,90,76,52,60,335,67.0,Pass
2008,Student_2008,67,52,88,60,73,340,68.0,Pass
2009,Student_2009,74,45,73,94,58,344,68.8,Pass
2010,Student_2010,83,90,47,52,91,363,72.6,Pass
2011,Student_2011,75,99,80,94,80,428,85.6,Pass
2012,Student_2012,89,94,88,87,94,452,90.4,Pass
2013,Student_2013,38,38,88,46,52,262,52.4,Pass
2014,Student_2014,73,66,100,82,51,372,74.4,Pass
2015,Student_2015,72,41,85,51,86,335,67.0,Pass
2016,Student_2016,35,94,93,41,45,308,61.6,Pass
2017,Student_2017,42,69,48,77,47,283,56.6,Pass
2018,Student_2018,72,96,77,42,50,337,67.4,Pass
2019,Student_2019,100,41,61,53,98,353,70.6,Pass
2020,Student_2020,52,63,54,73,74,316,63.2,Pass
2021,Student_2021,35,97,60,49,43,284,56.8,Pass
2022,Student_2022,35,54,50,47,66,252,50.4,Pass
2023,Student_2023,61,48,95,38,99,341,68.2,Pass
2024,Student_2024,91,85,42,50,73,341,68.2,Pass
2025,Student_2025,86,96,58,65,68,373,74.6,Pass
2026,Student_2026,91,50,90,53,37,321,64.2,Pass
2027,Student_2027,58,53,65,56,100,332,66.4,Pass
2028,Student_2028,60,95,96,72,72,395,79.0,Pass
2029,Student_2029,47,98,82,70,85,382,76.4,Pass
2030,Student_2030,84,48,94,88,89,403,80.6,Pass
2031,Student_2031,53,38,71,93,50,305,61.0,Pass
2032,Student_2032,84,36,73,39,91,323,64.6,Pass
2033,Student_2033,40,80,52,94,93,359,71.8,Pass
2034,Student_2034,70,36,55,80,99,340,68.0,Pass
2035,Student_2035,99,61,79,84,100,423,84.6,Pass
2036,Student_2036,43,57,54,80,78,312,62.4,Pass
2037,Student_2037,93,52,70,73,85,373,74.6,Pass
2038,Student_2038,43,96,83,95,58,375,75.0,Pass
2039,Student_2039,99,68,51,76,79,373,74.6,Pass
2040,Student_2040,86,43,40,38,55,262,52.4,Pass
2041,Student_2041,64,47,48,98,95,352,70.4,Pass
2042,Student_2042,76,64,65,48,57,310,62.0,Pass
2043,Student_2043,84,88,43,42,67,324,64.8,Pass
2044,Student_2044,49,39,44,91,82,305,61.0,Pass
2045,Student_2045,38,57,76,48,92,311,62.2,Pass
2046,Student_2046,83,52,60,60,67,322,64.4,Pass
2047,Student_2047,97,91,71,63,60,382,76.4,Pass
2048,Student_2048,55,90,59,46,38,288,57.6,Pass
2049,Student_2049,47,61,39,52,35,234,46.8,Pass
2050,Student_2050,81,87,44,78,58,348,69.6,Pass
2051,Student_2051,98,59,61,95,99,412,82.4,Pass
2052,Student_2052,80,80,52,43,91,346,69.2,Pass
2053,Student_2053,89,83,44,45,51,312,62.4,Pass
2054,Student_2054,73,47,50,98,64,332,66.4,Pass
2055,Student_2055,41,77,37,63,72,290,58.0,Pass
2056,Student_2056,67,84,80,43,55,329,65.8,Pass
2057,Student_2057,71,44,65,99,74,353,70.6,Pass
2058,Student_2058,86,42,49,95,68,340,68.0,Pass
2059,Student_2059,38,39,78,88,68,311,62.2,Pass
2060,Student_2060,60,77,42,52,61,292,58.4,Pass
2061,Student_2061,77,42,65,98,44,326,65.2,Pass
2062,Student_2062,39,79,44,88,45,295,59.0,Pass
2063,Student_2063,96,51,69,40,48,304,60.8,Pass
2064,Student_2064,39,98,99,63,79,378,75.6,Pass
2065,Student_2065,90,96,73,64,37,360,72.0,Pass
2066,Student_2066,42,38,60,83,37,260,52.0,Pass
2067,Student_2067,96,41,84,83,51,355,71.0,Pass
2068,Student_2068,90,89,52,49,91,371,74.2,Pass
2069,Student_2069,50,82,80,59,78,349,69.8,Pass
2070,Student_2070,90,42,65,64,46,307,61.4,Pass
2071,Student_2071,36,64,87,40,36,263,52.6,Pass
2072,Student_2072,66,42,44,42,51,245,49.0,Pass
2073,Student_2073,91,58,71,40,75,335,67.0,Pass
2074,Student_2074,79,66,72,51,85,353,70.6,Pass
2075,Student_2075,96,50,44,44,67,301,60.2,Pass
2076,Student_2076,61,98,80,63,91,393,78.6,Pass
2077,Student_2077,73,81,72,66,69,361,72.2,Pass
2078,Student_2078,75,99,48,41,79,342,68.4,Pass
2079,Student_2079,87,97,70,45,61,360,72.0,Pass
2080,Student_2080,52,64,74,61,50,301,60.2,Pass
2081,Student_2081,82,53,39,65,91,330,66.0,Pass
2082,Student_2082,93,49,37,98,39,316,63.2,Pass
2083,Student_2083,69,70,84,73,45,341,68.2,Pass
2084,Student_2084,42,70,84,98,37,331,66.2,Pass
2085,Student_2085,83,84,91,40,63,361,72.2,Pass
2086,Student_2086,61,83,58,90,41,333,66.6,Pass
2087,Student_2087,74,39,79,38,78,308,61.6,Pass
2088,Student_2088,68,62,38,78,90,336,67.2,Pass
2089,Student_2089,89,42,48,84,71,334,66.8,Pass
2090,Student_2090,94,89,68,55,83,389,77.8,Pass
2091,Student_2091,94,65,51,36,70,316,63.2,Pass
2092,Student_2092,70,45,66,72,78,331,66.2,Pass
2093,Student_2093,85,39,70,81,69,344,68.8,Pass
2094,Student_2094,67,36,50,74,76,303,60.6,Pass
2095,Student_2095,68,57,91,94,37,347,69.4,Pass
2096,Student_2096,91,36,94,39,80,340,68.0,Pass
2097,Student_2097,96,62,87,42,45,332,66.4,Pass
2098,Student_2098,70,75,43,91,58,337,67.4,Pass
2099,Student_2099,68,70,68,98,51,355,71.0,Pass
2100,Student_2100,64,57,53,41,64,279,55.8,Pass
2101,Student_2101,49,39,58,99,91,336,67.2,Pass
2102,Student_2102,75,40,64,42,68,289,57.8,Pass
2103,Student_2103,67,37,80,40,65,289,57.8,Pass
2104,Student_2104,79,48,44,99,91,361,72.2,Pass
2105,Student_2105,49,100,44,65,61,319,63.8,Pass
2106,Student_2106,76,82,88,44,89,379,75.8,Pass
2107,Student_2107,71,53,38,76,81,319,63.8,Pass
2108,Student_2108,77,87,82,95,72,413,82.6,Pass
2109,Student_2109,38,55,82,40,72,287,57.4,Pass
2110,Student_2110,54,38,48,62,75,277,55.4,Pass
2111,Student_2111,100,100,79,62,83,424,84.8,Pass
2112,Student_2112,39,54,83,45,44,265,53.0,Pass
2113,Student_2113,63,99,88,50,41,341,68.2,Pass
2114,Student_2114,95,91,75,69,59,389,77.8,Pass
2115,Student_2115,72,66,77,66,81,362,72.4,Pass
2116,Student_2116,64,93,75,49,65,346,69.2,Pass
2117,Student_2117,91,87,81,45,80,384,76.8,Pass
2118,Student_2118,99,44,81,96,64,384,76.8,Pass
2119,Student_2119,92,88,64,51,66,361,72.2,Pass
2120,Student_2120,87,52,68,71,78,356,71.2,Pass
2121,Student_2121,75,50,45,87,88,345,69.0,Pass
2122,Student_2122,99,53,98,60,58,368,73.6,Pass
2123,Student_2123,93,36,56,50,88,323,64.6,Pass
2124,Student_2124,68,95,47,51,39,300,60.0,Pass
2125,Student_2125,90,38,56,44,51,279,55.8,Pass
2126,Student_2126,100,84,89,80,51,404,80.8,Pass
2127,Student_2127,86,65,72,50,78,351,70.2,Pass
2128,Student_2128,78,48,40,44,80,290,58.0,Pass
2129,Student_2129,92,87,92,90,72,433,86.6,Pass
2130,Student_2130,96,52,58,100,45,351,70.2,Pass
2131,Student_2131,54,35,82,93,83,347,69.4,Pass
2132,Student_2132,76,91,57,100,70,394,78.8,Pass
2133,Student_2133,47,64,73,98,78,360,72.0,Pass
2134,Student_2134,41,100,89,71,76,377,75.4,Pass
2135,Student_2135,84,75,57,53,40,309,61.8,Pass
2136,Student_2136,61,90,70,75,47,343,68.6,Pass
2137,Student_2137,79,71,56,50,71,327,65.4,Pass
2138,Student_2138,70,97,91,63,56,377,75.4,Pass
2139,Student_2139,71,68,48,64,70,321,64.2,Pass
2140,Student_2140,53,47,61,100,56,317,63.4,Pass
2141,Student_2141,38,40,59,35,97,269,53.8,Pass
2142,Student_2142,38,82,61,71,89,341,68.2,Pass
2143,Student_2143,91,51,93,72,49,356,71.2,Pass
2144,Student_2144,50,91,90,98,68,397,79.4,Pass
2145,Student_2145,46,52,70,49,80,297,59.4,Pass
2146,Student_2146,45,63,44,76,55,283,56.6,Pass
2147,Student_2147,99,77,70,93,100,439,87.8,Pass
2148,Student_2148,44,75,39,90,47,295,59.0,Pass
2149,Student_2149,75,59,39,36,66,275,55.0,Pass
2150,Student_2150,52,83,63,60,68,326,65.2,Pass
2151,Student_2151,95,54,97,58,98,402,80.4,Pass
2152,Student_2152,71,51,60,46,62,290,58.0,Pass
2153,Student_2153,35,90,43,97,61,326,65.2,Pass
2154,Student_2154,57,39,88,68,83,335,67.0,Pass
2155,Student_2155,65,79,96,58,73,371,74.2,Pass
2156,Student_2156,64,72,97,97,85,415,83.0,Pass
2157,Student_2157,80,96,72,47,63,358,71.6,Pass
2158,Student_2158,49,71,88,92,76,376,75.2,Pass
2159,Student_2159,66,89,49,57,94,355,71.0,Pass
2160,Student_2160,75,49,79,85,51,339,67.8,Pass
2161,Student_2161,96,97,87,65,38,383,76.6,Pass
2162,Student_2162,72,69,99,62,87,389,77.8,Pass
2163,Student_2163,42,76,68,75,87,348,69.6,Pass
2164,Student_2164,85,91,89,86,68,419,83.8,Pass
2165,Student_2165,41,69,97,63,78,348,69.6,Pass
2166,Student_2166,40,74,92,87,63,356,71.2,Pass
2167,Student_2167,56,61,49,77,51,294,58.8,Pass
2168,Student_2168,37,37,83,46,77,280,56.0,Pass
2169,Student_2169,80,43,41,61,81,306,61.2,Pass
2170,Student_2170,60,55,85,64,72,336,67.2,Pass
2171,Student_2171,55,82,77,87,62,363,72.6,Pass
2172,Student_2172,66,36,39,37,48,226,45.2,Pass
2173,Student_2173,99,85,97,40,55,376,75.2,Pass
2174,Student_2174,71,73,38,64,66,312,62.4,Pass
2175,Student_2175,39,69,50,83,86,327,65.4,Pass
2176,Student_2176,51,69,45,44,44,253,50.6,Pass
2177,Student_2177,99,88,37,36,54,314,62.8,Pass
2178,Student_2178,47,85,59,74,76,341,68.2,Pass
2179,Student_2179,89,100,37,73,70,369,73.8,Pass
2180,Student_2180,93,60,47,68,95,363,72.6,Pass
2181,Student_2181,83,72,89,46,63,353,70.6,Pass
2182,Student_2182,87,70,96,71,99,423,84.6,Pass
2183,Student_2183,66,83,37,98,85,369,73.8,Pass
2184,Student_2184,82,48,92,63,38,323,64.6,Pass
2185,Student_2185,85,64,92,82,96,419,83.8,Pass
2186,Student_2186,48,74,77,53,45,297,59.4,Pass
2187,Student_2187,47,56,61,97,66,327,65.4,Pass
2188,Student_2188,45,53,86,95,64,343,68.6,Pass
2189,Student_2189,42,98,67,87,74,368,73.6,Pass
2190,Student_2190,78,54,39,76,87,334,66.8,Pass
2191,Student_2191,35,69,61,97,98,360,72.0,Pass
2192,Student_2192,75,65,76,94,96,406,81.2,Pass
2193,Student_2193,100,45,48,89,44,326,65.2,Pass
2194,Student_2194,83,51,36,55,50,275,55.0,Pass
2195,Student_2195,56,60,91,49,39,295,59.0,Pass
2196,Student_2196,89,98,56,97,52,392,78.4,Pass
2197,Student_2197,88,86,36,72,50,332,66.4,Pass
2198,Student_2198,90,72,69,76,82,389,77.8,Pass
2199,Student_2199,56,53,72,61,82,324,64.8,Pass
2200,Student_2200,67,95,94,61,77,394,78.8,Pass
2201,Student_2201,52,56,95,36,75,314,62.8,Pass
2202,Student_2202,88,57,54,95,43,337,67.4,Pass
2203,Student_2203,35,74,59,60,47,275,55.0,Pass
2204,Student_2204,93,77,47,42,94,353,70.6,Pass
2205,Student_2205,55,43,79,63,79,319,63.8,Pass
2206,Student_2206,36,59,70,71,89,325,65.0,Pass
2207,Student_2207,74,82,86,67,60,369,73.8,Pass
2208,Student_2208,44,54,48,62,70,278,55.6,Pass
2209,Student_2209,57,68,48,51,84,308,61.6,Pass
2210,Student_2210,77,70,95,61,56,359,71.8,Pass
2211,Student_2211,35,64,62,46,53,260,52.0,Pass
2212,Student_2212,53,56,95,35,76,315,63.0,Pass
2213,Student_2213,44,41,52,100,91,328,65.6,Pass
2214,Student_2214,89,95,76,73,99,432,86.4,Pass
2215,Student_2215,50,65,85,83,84,367,73.4,Pass
2216,Student_2216,95,80,74,75,45,369,73.8,Pass
2217,Student_2217,62,56,70,53,90,331,66.2,Pass
2218,Student_2218,91,97,67,50,90,395,79.0,Pass
2219,Student_2219,79,57,38,81,94,349,69.8,Pass
2220,Student_2220,79,89,62,59,83,372,74.4,Pass
2221,Student_2221,82,57,36,60,91,326,65.2,Pass
2222,Student_2222,81,59,35,74,77,326,65.2,Pass
2223,Student_2223,47,82,67,99,36,331,66.2,Pass
2224,Student_2224,69,39,70,96,85,359,71.8,Pass
2225,Student_2225,40,67,70,42,38,257,51.4,Pass
2226,Student_2226,95,93,97,57,95,437,87.4,Pass
2227,Student_2227,48,39,82,38,54,261,52.2,Pass
2228,Student_2228,57,51,45,88,50,291,58.2,Pass
2229,Student_2229,42,91,42,75,47,297,59.4,Pass
2230,Student_2230,70,59,37,77,75,318,63.6,Pass
2231,Student_2231,56,81,36,86,88,347,69.4,Pass
2232,Student_2232,42,43,59,99,53,296,59.2,Pass
2233,Student_2233,69,45,57,91,40,302,60.4,Pass
2234,Student_2234,70,60,99,87,57,373,74.6,Pass
2235,Student_2235,35,74,70,79,50,308,61.6,Pass
2236,Student_2236,78,94,46,94,46,358,71.6,Pass
2237,Student_2237,49,46,58,46,58,257,51.4,Pass
2238,Student_2238,75,37,56,36,62,266,53.2,Pass
2239,Student_2239,82,93,45,66,74,360,72.0,Pass
2240,Student_2240,59,51,74,41,83,308,61.6,Pass
2241,Student_2241,71,57,70,52,75,325,65.0,Pass
2242,Student_2242,87,63,59,69,60,338,67.6,Pass
2243,Student_2243,57,72,68,91,68,356,71.2,Pass
2244,Student_2244,46,97,80,81,79,383,76.6,Pass
2245,Student_2245,92,56,39,84,54,325,65.0,Pass
2246,Student_2246,61,90,79,71,61,362,72.4,Pass
2247,Student_2247,78,99,69,46,100,392,78.4,Pass
2248,Student_2248,61,68,62,94,68,353,70.6,Pass
2249,Student_2249,39,49,58,95,52,293,58.6,Pass
2250,Student_2250,94,76,82,83,39,374,74.8,Pass
2251,Student_2251,76,48,80,36,55,295,59.0,Pass
2252,Student_2252,88,95,77,78,47,385,77.0,Pass
2253,Student_2253,58,80,74,55,94,361,72.2,Pass
2254,Student_2254,58,37,91,93,90,369,73.8,Pass
2255,Student_2255,86,95,66,67,82,396,79.2,Pass
2256,Student_2256,78,96,86,73,40,373,74.6,Pass
2257,Student_2257,64,99,48,88,89,388,77.6,Pass
2258,Student_2258,69,86,38,55,100,348,69.6,Pass
2259,Student_2259,56,73,60,52,51,292,58.4,Pass
2260,Student_2260,77,41,46,74,53,291,58.2,Pass
2261,Student_2261,79,93,85,56,93,406,81.2,Pass
2262,Student_2262,35,53,60,57,73,278,55.6,Pass
2263,Student_2263,74,45,58,65,61,303,60.6,Pass
2264,Student_2264,90,46,66,54,82,338,67.6,Pass
2265,Student_2265,35,96,55,79,47,312,62.4,Pass
2266,Student_2266,95,85,62,95,83,420,84.0,Pass
2267,Student_2267,94,66,47,84,51,342,68.4,Pass
2268,Student_2268,75,52,86,76,71,360,72.0,Pass
2269,Student_2269,89,85,44,79,97,394,78.8,Pass
2270,Student_2270,38,63,57,65,82,305,61.0,Pass
2271,Student_2271,81,78,99,35,85,378,75.6,Pass
2272,Student_2272,44,64,52,98,59,317,63.4,Pass
2273,Student_2273,40,62,73,90,46,311,62.2,Pass
2274,Student_2274,78,84,58,89,54,363,72.6,Pass
2275,Student_2275,71,74,84,96,39,364,72.8,Pass
2276,Student_2276,68,88,57,55,85,353,70.6,Pass
2277,Student_2277,48,94,45,79,47,313,62.6,Pass
2278,Student_2278,86,36,55,75,51,303,60.6,Pass
2279,Student_2279,99,84,93,36,97,409,81.8,Pass
2280,Student_2280,86,89,41,73,89,378,75.6,Pass
2281,Student_2281,68,49,92,99,82,390,78.0,Pass
2282,Student_2282,95,77,81,49,57,359,71.8,Pass
2283,Student_2283,89,84,45,54,35,307,61.4,Pass
2284,Student_2284,78,68,60,100,93,399,79.8,Pass
2285,Student_2285,90,41,94,71,40,336,67.2,Pass
2286,Student_2286,50,97,93,81,41,362,72.4,Pass
2287,Student_2287,82,67,89,78,72,388,77.6,Pass
2288,Student_2288,38,69,57,72,80,316,63.2,Pass
2289,Student_2289,88,37,92,76,73,366,73.2,Pass
2290,Student_2290,39,49,80,39,85,292,58.4,Pass
2291,Student_2291,66,57,45,47,51,266,53.2,Pass
2292,Student_2292,53,98,90,70,79,390,78.0,Pass
2293,Student_2293,93,66,93,40,44,336,67.2,Pass
2294,Student_2294,76,82,39,53,47,297,59.4,Pass
2295,Student_2295,83,100,45,78,73,379,75.8,Pass
2296,Student_2296,89,86,37,58,67,337,67.4,Pass
2297,Student_2297,45,90,49,59,68,311,62.2,Pass
2298,Student_2298,73,100,66,41,82,362,72.4,Pass
2299,Student_2299,95,62,90,70,58,375,75.0,Pass
2300,Student_2300,70,99,40,86,58,353,70.6,Pass
2301,Student_2301,71,69,35,87,61,323,64.6,Pass
2302,Student_2302,37,88,51,70,69,315,63.0,Pass
2303,Student_2303,94,75,47,63,63,342,68.4,Pass
2304,Student_2304,37,76,63,43,71,290,58.0,Pass
2305,Student_2305,93,88,77,84,95,437,87.4,Pass
2306,Student_2306,36,78,78,75,79,346,69.2,Pass
2307,Student_2307,91,54,94,98,61,398,79.6,Pass
2308,Student_2308,56,84,67,86,39,332,66.4,Pass
2309,Student_2309,45,97,79,45,61,327,65.4,Pass
2310,Student_2310,82,73,72,75,92,394,78.8,Pass
2311,Student_2311,94,38,54,56,80,322,64.4,Pass
2312,Student_2312,90,88,37,71,97,383,76.6,Pass
2313,Student_2313,65,83,51,83,50,332,66.4,Pass
2314,Student_2314,47,85,62,62,49,305,61.0,Pass
2315,Student_2315,72,57,55,86,87,357,71.4,Pass
2316,Student_2316,80,62,88,70,75,375,75.0,Pass
2317,Student_2317,81,48,75,99,85,388,77.6,Pass
2318,Student_2318,63,86,98,94,71,412,82.4,Pass
2319,Student_2319,92,55,57,86,71,361,72.2,Pass
2320,Student_2320,35,77,94,57,47,310,62.0,Pass
2321,Student_2321,84,88,88,87,59,406,81.2,Pass
2322,Student_2322,38,63,52,99,45,297,59.4,Pass
2323,Student_2323,87,37,76,66,56,322,64.4,Pass
2324,Student_2324,95,46,82,37,84,344,68.8,Pass
2325,Student_2325,100,59,55,93,82,389,77.8,Pass
2326,Student_2326,65,57,95,60,76,353,70.6,Pass
2327,Student_2327,51,72,43,38,61,265,53.0,Pass
2328,Student_2328,94,93,66,91,65,409,81.8,Pass
2329,Student_2329,57,94,99,49,77,376,75.2,Pass
2330,Student_2330,55,66,94,43,35,293,58.6,Pass
2331,Student_2331,39,87,95,84,44,349,69.8,Pass
2332,Student_2332,88,68,50,38,91,335,67.0,Pass
2333,Student_2333,96,42,72,85,40,335,67.0,Pass
2334,Student_2334,81,86,100,91,89,447,89.4,Pass
2335,Student_2335,50,48,53,68,49,268,53.6,Pass
2336,Student_2336,56,81,87,78,53,355,71.0,Pass
2337,Student_2337,66,96,61,68,47,338,67.6,Pass
2338,Student_2338,77,44,93,97,66,377,75.4,Pass
2339,Student_2339,68,78,72,91,77,386,77.2,Pass
2340,Student_2340,92,68,70,39,52,321,64.2,Pass
2341,Student_2341,53,71,38,63,82,307,61.4,Pass
2342,Student_2342,81,72,74,55,74,356,71.2,Pass
2343,Student_2343,95,91,72,54,51,363,72.6,Pass
2344,Student_2344,53,72,84,67,64,340,68.0,Pass
2345,Student_2345,38,62,73,53,36,262,52.4,Pass
2346,Student_2346,68,81,100,86,96,431,86.2,Pass
2347,Student_2347,56,79,54,99,75,363,72.6,Pass
2348,Student_2348,82,83,97,56,96,414,82.8,Pass
2349,Student_2349,57,96,83,36,43,315,63.0,Pass
2350,Student_2350,78,63,74,61,63,339,67.8,Pass
2351,Student_2351,54,70,50,60,80,314,62.8,Pass
2352,Student_2352,98,93,36,64,60,351,70.2,Pass
2353,Student_2353,81,39,86,47,77,330,66.0,Pass
2354,Student_2354,99,43,69,45,42,298,59.6,Pass
2355,Student_2355,92,66,66,67,58,349,69.8,Pass
2356,Student_2356,66,64,93,57,40,320,64.0,Pass
2357,Student_2357,69,70,46,59,43,287,57.4,Pass
2358,Student_2358,51,73,42,61,64,291,58.2,Pass
2359,Student_2359,66,96,94,47,41,344,68.8,Pass
2360,Student_2360,75,44,60,96,49,324,64.8,Pass
2361,Student_2361,91,45,95,60,47,338,67.6,Pass
2362,Student_2362,62,97,73,36,90,358,71.6,Pass
2363,Student_2363,49,91,59,93,35,327,65.4,Pass
2364,Student_2364,67,87,69,98,57,378,75.6,Pass
2365,Student_2365,77,99,96,100,71,443,88.6,Pass
2366,Student_2366,73,68,66,78,70,355,71.0,Pass
2367,Student_2367,99,74,91,49,58,371,74.2,Pass
2368,Student_2368,97,35,75,100,95,402,80.4,Pass
2369,Student_2369,98,55,57,43,90,343,68.6,Pass
2370,Student_2370,73,47,91,78,58,347,69.4,Pass
2371,Student_2371,59,48,64,62,74,307,61.4,Pass
2372,Student_2372,99,74,75,95,48,391,78.2,Pass
2373,Student_2373,73,61,54,76,55,319,63.8,Pass
2374,Student_2374,59,85,56,55,55,310,62.0,Pass
2375,Student_2375,76,95,88,69,64,392,78.4,Pass
2376,Student_2376,68,95,73,82,53,371,74.2,Pass
2377,Student_2377,74,77,80,75,92,398,79.6,Pass
2378,Student_2378,74,89,85,88,35,371,74.2,Pass
2379,Student_2379,86,42,87,80,52,347,69.4,Pass
2380,Student_2380,93,70,37,60,61,321,64.2,Pass
2381,Student_2381,67,72,82,38,76,335,67.0,Pass
2382,Student_2382,89,83,76,60,62,370,74.0,Pass
2383,Student_2383,99,91,70,48,44,352,70.4,Pass
2384,Student_2384,66,55,76,96,95,388,77.6,Pass
2385,Student_2385,40,84,97,66,70,357,71.4,Pass
2386,Student_2386,83,42,47,42,78,292,58.4,Pass
2387,Student_2387,70,82,91,71,49,363,72.6,Pass
2388,Student_2388,95,52,44,76,87,354,70.8,Pass
2389,Student_2389,54,54,73,60,46,287,57.4,Pass
2390,Student_2390,91,66,76,68,72,373,74.6,Pass
2391,Student_2391,37,52,43,75,81,288,57.6,Pass
2392,Student_2392,92,62,58,76,94,382,76.4,Pass
2393,Student_2393,64,93,81,77,60,375,75.0,Pass
2394,Student_2394,68,67,37,52,50,274,54.8,Pass
2395,Student_2395,87,89,85,97,41,399,79.8,Pass
2396,Student_2396,42,100,82,37,90,351,70.2,Pass
2397,Student_2397,39,99,76,97,71,382,76.4,Pass
2398,Student_2398,77,43,44,46,49,259,51.8,Pass
2399,Student_2399,55,100,46,94,59,354,70.8,Pass
2400,Student_2400,44,90,70,94,92,390,78.0,Pass
2401,Student_2401,54,77,44,58,78,311,62.2,Pass
2402,Student_2402,93,90,37,86,72,378,75.6,Pass
2403,Student_2403,35,84,37,36,63,255,51.0,Pass
2404,Student_2404,76,89,54,68,63,350,70.0,Pass
2405,Student_2405,76,93,60,80,54,363,72.6,Pass
2406,Student_2406,59,53,61,74,58,305,61.0,Pass
2407,Student_2407,47,38,40,51,79,255,51.0,Pass
2408,Student_2408,43,76,75,64,61,319,63.8,Pass
2409,Student_2409,60,73,55,89,69,346,69.2,Pass
2410,Student_2410,64,62,80,38,52,296,59.2,Pass
2411,Student_2411,91,50,83,38,91,353,70.6,Pass
2412,Student_2412,61,83,41,92,91,368,73.6,Pass
2413,Student_2413,86,60,61,83,50,340,68.0,Pass
2414,Student_2414,46,57,99,50,55,307,61.4,Pass
2415,Student_2415,61,50,97,80,75,363,72.6,Pass
2416,Student_2416,88,59,61,46,99,353,70.6,Pass
2417,Student_2417,81,96,67,100,49,393,78.6,Pass
2418,Student_2418,93,37,35,83,88,336,67.2,Pass
2419,Student_2419,86,47,80,81,74,368,73.6,Pass
2420,Student_2420,43,90,73,64,45,315,63.0,Pass
2421,Student_2421,84,95,37,70,76,362,72.4,Pass
2422,Student_2422,40,53,66,57,36,252,50.4,Pass
2423,Student_2423,51,54,52,95,39,291,58.2,Pass
2424,Student_2424,42,61,72,82,88,345,69.0,Pass
2425,Student_2425,55,88,57,57,54,311,62.2,Pass
2426,Student_2426,58,81,49,55,38,281,56.2,Pass
2427,Student_2427,98,61,74,86,82,401,80.2,Pass
2428,Student_2428,68,76,38,38,77,297,59.4,Pass
2429,Student_2429,38,95,39,53,87,312,62.4,Pass
2430,Student_2430,40,83,56,55,47,281,56.2,Pass
2431,Student_2431,36,79,63,46,88,312,62.4,Pass
2432,Student_2432,43,49,95,94,88,369,73.8,Pass
2433,Student_2433,91,52,35,74,95,347,69.4,Pass
2434,Student_2434,95,67,51,76,81,370,74.0,Pass
2435,Student_2435,47,96,98,60,51,352,70.4,Pass
2436,Student_2436,63,100,51,53,63,330,66.0,Pass
2437,Student_2437,45,47,86,71,48,297,59.4,Pass
2438,Student_2438,66,63,67,58,73,327,65.4,Pass
2439,Student_2439,77,94,69,51,76,367,73.4,Pass
2440,Student_2440,89,82,53,39,84,347,69.4,Pass
2441,Student_2441,41,60,58,36,53,248,49.6,Pass
2442,Student_2442,39,65,55,85,76,320,64.0,Pass
2443,Student_2443,36,96,96,79,59,366,73.2,Pass
2444,Student_2444,86,92,62,93,68,401,80.2,Pass
2445,Student_2445,91,50,70,100,78,389,77.8,Pass
2446,Student_2446,78,58,67,78,97,378,75.6,Pass
2447,Student_2447,93,47,78,68,43,329,65.8,Pass
2448,Student_2448,81,89,38,51,47,306,61.2,Pass
2449,Student_2449,64,93,49,50,72,328,65.6,Pass
2450,Student_2450,51,79,74,92,90,386,77.2,Pass
2451,Student_2451,45,99,58,85,100,387,77.4,Pass
2452,Student_2452,59,53,63,37,60,272,54.4,Pass
2453,Student_2453,80,54,41,81,64,320,64.0,Pass
2454,Student_2454,56,82,55,47,56,296,59.2,Pass
2455,Student_2455,63,54,89,60,70,336,67.2,Pass
2456,Student_2456,41,86,72,84,88,371,74.2,Pass
2457,Student_2457,95,94,76,52,73,390,78.0,Pass
2458,Student_2458,35,44,67,74,61,281,56.2,Pass
2459,Student_2459,43,42,87,52,53,277,55.4,Pass
2460,Student_2460,96,55,66,85,55,357,71.4,Pass
2461,Student_2461,88,85,59,66,79,377,75.4,Pass
2462,Student_2462,44,63,70,52,86,315,63.0,Pass
2463,Student_2463,50,54,61,91,53,309,61.8,Pass
2464,Student_2464,70,76,36,50,74,306,61.2,Pass
2465,Student_2465,48,95,64,91,73,371,74.2,Pass
2466,Student_2466,50,93,54,44,78,319,63.8,Pass
2467,Student_2467,69,40,83,67,49,308,61.6,Pass
2468,Student_2468,94,89,56,97,72,408,81.6,Pass
2469,Student_2469,63,48,46,81,65,303,60.6,Pass
2470,Student_2470,98,90,88,42,48,366,73.2,Pass
2471,Student_2471,70,70,67,100,77,384,76.8,Pass
2472,Student_2472,88,67,80,45,36,316,63.2,Pass
2473,Student_2473,47,97,66,98,63,371,74.2,Pass
2474,Student_2474,90,69,48,97,83,387,77.4,Pass
2475,Student_2475,83,40,48,47,47,265,53.0,Pass
2476,Student_2476,50,65,81,88,85,369,73.8,Pass
2477,Student_2477,40,79,91,93,39,342,68.4,Pass
2478,Student_2478,86,90,38,62,58,334,66.8,Pass
2479,Student_2479,38,77,47,72,87,321,64.2,Pass
2480,Student_2480,38,93,67,80,79,357,71.4,Pass
2481,Student_2481,80,66,70,92,41,349,69.8,Pass
2482,Student_2482,76,93,68,55,61,353,70.6,Pass
2483,Student_2483,76,86,79,57,98,396,79.2,Pass
2484,Student_2484,46,77,80,64,75,342,68.4,Pass
2485,Student_2485,74,47,46,86,75,328,65.6,Pass
2486,Student_2486,98,58,83,60,68,367,73.4,Pass
2487,Student_2487,97,79,78,91,81,426,85.2,Pass
2488,Student_2488,55,56,76,37,49,273,54.6,Pass
2489,Student_2489,59,74,99,72,57,361,72.2,Pass
2490,Student_2490,85,44,60,46,46,281,56.2,Pass
2491,Student_2491,86,68,53,78,80,365,73.0,Pass
2492,Student_2492,85,52,84,48,72,341,68.2,Pass
2493,Student_2493,45,76,63,91,40,315,63.0,Pass
2494,Student_2494,66,54,70,38,98,326,65.2,Pass
2495,Student_2495,63,63,66,63,91,346,69.2,Pass
2496,Student_2496,62,53,36,72,66,289,57.8,Pass
2497,Student_2497,37,96,91,88,59,371,74.2,Pass
2498,Student_2498,87,58,86,84,68,383,76.6,Pass
2499,Student_2499,81,68,90,82,81,402,80.4,Pass
2500,Student_2500,65,75,80,44,52,316,63.2,Pass
2501,Student_2501,76,66,51,47,99,339,67.8,Pass
2502,Student_2502,95,75,48,64,79,361,72.2,Pass
2503,Student_2503,63,94,69,41,93,360,72.0,Pass
2504,Student_2504,91,98,90,43,56,378,75.6,Pass
2505,Student_2505,37,92,42,79,96,346,69.2,Pass
2506,Student_2506,53,43,80,43,70,289,57.8,Pass
2507,Student_2507,67,38,97,90,52,344,68.8,Pass
2508,Student_2508,85,62,92,74,73,386,77.2,Pass
2509,Student_2509,77,64,100,87,53,381,76.2,Pass
2510,Student_2510,75,35,41,80,50,281,56.2,Pass
2511,Student_2511,44,43,87,55,59,288,57.6,Pass
2512,Student_2512,66,57,58,38,98,317,63.4,Pass
2513,Student_2513,50,77,46,47,86,306,61.2,Pass
2514,Student_2514,84,87,83,95,52,401,80.2,Pass
2515,Student_2515,78,58,47,74,80,337,67.4,Pass
2516,Student_2516,57,90,67,98,46,358,71.6,Pass
2517,Student_2517,58,68,86,60,64,336,67.2,Pass
2518,Student_2518,79,45,78,92,47,341,68.2,Pass
2519,Student_2519,67,37,42,42,82,270,54.0,Pass
2520,Student_2520,47,56,35,36,35,209,41.8,Pass
2521,Student_2521,76,84,74,38,82,354,70.8,Pass
2522,Student_2522,43,57,59,98,58,315,63.0,Pass
2523,Student_2523,62,79,47,54,82,324,64.8,Pass
2524,Student_2524,57,91,57,99,54,358,71.6,Pass
2525,Student_2525,91,38,39,50,74,292,58.4,Pass
2526,Student_2526,72,48,79,58,56,313,62.6,Pass
2527,Student_2527,47,98,59,54,78,336,67.2,Pass
2528,Student_2528,93,84,92,49,43,361,72.2,Pass
2529,Student_2529,78,66,81,53,65,343,68.6,Pass
2530,Student_2530,97,59,86,40,80,362,72.4,Pass
2531,Student_2531,42,96,47,46,76,307,61.4,Pass
2532,Student_2532,85,60,71,76,52,344,68.8,Pass
2533,Student_2533,92,60,72,89,86,399,79.8,Pass
2534,Student_2534,90,83,45,97,38,353,70.6,Pass
2535,Student_2535,97,48,76,96,84,401,80.2,Pass
2536,Student_2536,74,98,71,42,40,325,65.0,Pass
2537,Student_2537,59,46,74,57,75,311,62.2,Pass
2538,Student_2538,41,38,41,73,84,277,55.4,Pass
2539,Student_2539,59,80,41,90,100,370,74.0,Pass
2540,Student_2540,57,100,82,40,62,341,68.2,Pass
2541,Student_2541,47,93,58,63,75,336,67.2,Pass
2542,Student_2542,44,61,98,61,36,300,60.0,Pass
2543,Student_2543,40,83,61,49,72,305,61.0,Pass
2544,Student_2544,35,65,77,57,84,318,63.6,Pass
2545,Student_2545,64,82,86,40,54,326,65.2,Pass
2546,Student_2546,53,66,68,89,74,350,70.0,Pass
2547,Student_2547,61,69,87,36,88,341,68.2,Pass
2548,Student_2548,87,83,70,59,97,396,79.2,Pass
2549,Student_2549,67,36,85,40,92,320,64.0,Pass
2550,Student_2550,51,63,44,49,49,256,51.2,Pass
2551,Student_2551,55,97,43,58,76,329,65.8,Pass
2552,Student_2552,56,67,85,71,71,350,70.0,Pass
2553,Student_2553,71,68,48,50,85,322,64.4,Pass
2554,Student_2554,60,46,98,60,51,315,63.0,Pass
2555,Student_2555,39,95,96,48,49,327,65.4,Pass
2556,Student_2556,64,39,84,58,45,290,58.0,Pass
2557,Student_2557,43,65,90,82,91,371,74.2,Pass
2558,Student_2558,53,91,40,99,59,342,68.4,Pass
2559,Student_2559,61,75,40,36,54,266,53.2,Pass
2560,Student_2560,78,67,57,79,94,375,75.0,Pass
2561,Student_2561,60,42,85,83,54,324,64.8,Pass
2562,Student_2562,72,99,43,63,58,335,67.0,Pass
2563,Student_2563,59,77,91,38,91,356,71.2,Pass
2564,Student_2564,43,66,71,55,53,288,57.6,Pass
2565,Student_2565,75,42,49,43,87,296,59.2,Pass
2566,Student_2566,37,56,76,82,39,290,58.0,Pass
2567,Student_2567,53,48,64,35,83,283,56.6,Pass
2568,Student_2568,35,42,84,50,63,274,54.8,Pass
2569,Student_2569,39,44,37,95,84,299,59.8,Pass
2570,Student_2570,71,84,92,65,97,409,81.8,Pass
2571,Student_2571,67,79,93,96,54,389,77.8,Pass
2572,Student_2572,93,81,63,53,71,361,72.2,Pass
2573,Student_2573,57,84,67,55,82,345,69.0,Pass
2574,Student_2574,37,90,73,53,40,293,58.6,Pass
2575,Student_2575,93,87,64,86,51,381,76.2,Pass
2576,Student_2576,80,61,86,88,88,403,80.6,Pass
2577,Student_2577,93,92,91,84,94,454,90.8,Pass
2578,Student_2578,81,78,76,86,52,373,74.6,Pass
2579,Student_2579,61,66,62,59,59,307,61.4,Pass
2580,Student_2580,81,94,87,82,74,418,83.6,Pass
2581,Student_2581,62,85,53,95,48,343,68.6,Pass
2582,Student_2582,92,73,87,41,60,353,70.6,Pass
2583,Student_2583,62,78,55,84,90,369,73.8,Pass
2584,Student_2584,58,91,38,61,84,332,66.4,Pass
2585,Student_2585,57,69,54,86,60,326,65.2,Pass
2586,Student_2586,54,87,75,94,66,376,75.2,Pass
2587,Student_2587,51,97,75,39,47,309,61.8,Pass
2588,Student_2588,43,45,37,36,41,202,40.4,Pass
2589,Student_2589,77,46,75,80,60,338,67.6,Pass
2590,Student_2590,54,62,74,43,81,314,62.8,Pass
2591,Student_2591,75,92,95,78,57,397,79.4,Pass
2592,Student_2592,72,73,47,55,54,301,60.2,Pass
2593,Student_2593,55,88,50,87,55,335,67.0,Pass
2594,Student_2594,95,70,66,49,53,333,66.6,Pass
2595,Student_2595,91,47,40,52,83,313,62.6,Pass
2596,Student_2596,95,83,96,56,37,367,73.4,Pass
2597,Student_2597,81,91,58,92,37,359,71.8,Pass
2598,Student_2598,97,79,78,45,82,381,76.2,Pass
2599,Student_2599,43,57,52,73,85,310,62.0,Pass
2600,Student_2600,54,49,60,76,72,311,62.2,Pass
2601,Student_2601,45,80,98,37,88,348,69.6,Pass
2602,Student_2602,56,81,67,59,100,363,72.6,Pass
2603,Student_2603,70,38,97,75,56,336,67.2,Pass
2604,Student_2604,41,65,74,68,92,340,68.0,Pass
2605,Student_2605,90,78,40,69,93,370,74.0,Pass
2606,Student_2606,45,77,39,51,36,248,49.6,Pass
2607,Student_2607,37,73,83,60,95,348,69.6,Pass
2608,Student_2608,83,84,39,69,83,358,71.6,Pass
2609,Student_2609,77,81,100,89,87,434,86.8,Pass
2610,Student_2610,78,51,79,68,59,335,67.0,Pass
2611,Student_2611,97,71,69,45,92,374,74.8,Pass
2612,Student_2612,45,75,100,49,37,306,61.2,Pass
2613,Student_2613,51,48,66,44,57,266,53.2,Pass
2614,Student_2614,82,43,54,65,46,290,58.0,Pass
2615,Student_2615,44,36,36,78,44,238,47.6,Pass
2616,Student_2616,54,93,77,48,50,322,64.4,Pass
2617,Student_2617,42,52,60,45,58,257,51.4,Pass
2618,Student_2618,46,46,35,90,64,281,56.2,Pass
2619,Student_2619,61,41,45,84,76,307,61.4,Pass
2620,Student_2620,59,95,60,98,58,370,74.0,Pass
2621,Student_2621,95,71,42,91,58,357,71.4,Pass
2622,Student_2622,99,35,45,57,60,296,59.2,Pass
2623,Student_2623,68,53,59,50,44,274,54.8,Pass
2624,Student_2624,59,58,76,64,55,312,62.4,Pass
2625,Student_2625,85,72,87,99,71,414,82.8,Pass
2626,Student_2626,62,89,67,79,65,362,72.4,Pass
2627,Student_2627,35,67,71,55,43,271,54.2,Pass
2628,Student_2628,42,43,98,79,42,304,60.8,Pass
2629,Student_2629,90,45,92,36,46,309,61.8,Pass
2630,Student_2630,75,81,43,68,75,342,68.4,Pass
2631,Student_2631,92,80,96,82,98,448,89.6,Pass
2632,Student_2632,73,97,75,59,64,368,73.6,Pass
2633,Student_2633,56,40,80,87,94,357,71.4,Pass
2634,Student_2634,94,76,86,94,94,444,88.8,Pass
2635,Student_2635,92,54,53,84,88,371,74.2,Pass
2636,Student_2636,38,52,75,83,54,302,60.4,Pass
2637,Student_2637,86,81,36,90,57,350,70.0,Pass
2638,Student_2638,54,58,62,47,37,258,51.6,Pass
2639,Student_2639,85,95,54,69,78,381,76.2,Pass
2640,Student_2640,60,37,98,85,55,335,67.0,Pass
2641,Student_2641,73,70,64,59,97,363,72.6,Pass
2642,Student_2642,98,90,90,55,97,430,86.0,Pass
2643,Student_2643,42,80,48,43,76,289,57.8,Pass
2644,Student_2644,96,72,53,65,98,384,76.8,Pass
2645,Student_2645,62,88,97,36,74,357,71.4,Pass
2646,Student_2646,55,78,74,89,50,346,69.2,Pass
2647,Student_2647,51,71,78,82,51,333,66.6,Pass
2648,Student_2648,82,95,43,37,92,349,69.8,Pass
2649,Student_2649,82,88,66,61,76,373,74.6,Pass
2650,Student_2650,64,75,95,70,78,382,76.4,Pass
2651,Student_2651,77,59,51,76,64,327,65.4,Pass
2652,Student_2652,65,66,97,95,37,360,72.0,Pass
2653,Student_2653,75,100,47,84,53,359,71.8,Pass
2654,Student_2654,76,45,97,94,69,381,76.2,Pass
2655,Student_2655,43,92,84,59,70,348,69.6,Pass
2656,Student_2656,53,81,42,95,66,337,67.4,Pass
2657,Student_2657,63,35,76,80,96,350,70.0,Pass
2658,Student_2658,53,69,75,97,75,369,73.8,Pass
2659,Student_2659,60,59,50,72,42,283,56.6,Pass
2660,Student_2660,59,99,71,66,83,378,75.6,Pass
2661,Student_2661,89,36,73,68,61,327,65.4,Pass
2662,Student_2662,53,72,38,38,88,289,57.8,Pass
2663,Student_2663,45,82,94,53,92,366,73.2,Pass
2664,Student_2664,83,55,91,75,48,352,70.4,Pass
2665,Student_2665,70,93,70,60,93,386,77.2,Pass
2666,Student_2666,71,55,51,76,37,290,58.0,Pass
2667,Student_2667,50,41,76,96,82,345,69.0,Pass
2668,Student_2668,53,75,83,38,90,339,67.8,Pass
2669,Student_2669,76,85,57,76,39,333,66.6,Pass
2670,Student_2670,71,76,40,100,42,329,65.8,Pass
2671,Student_2671,51,98,43,43,52,287,57.4,Pass
2672,Student_2672,54,48,55,65,46,268,53.6,Pass
2673,Student_2673,81,80,78,45,87,371,74.2,Pass
2674,Student_2674,78,43,98,86,42,347,69.4,Pass
2675,Student_2675,88,85,54,46,61,334,66.8,Pass
2676,Student_2676,92,55,49,68,64,328,65.6,Pass
2677,Student_2677,65,42,38,41,63,249,49.8,Pass
2678,Student_2678,96,40,40,63,64,303,60.6,Pass
2679,Student_2679,54,52,99,75,76,356,71.2,Pass
2680,Student_2680,84,85,37,100,72,378,75.6,Pass
2681,Student_2681,98,38,88,43,40,307,61.4,Pass
2682,Student_2682,60,39,61,64,97,321,64.2,Pass
2683,Student_2683,35,79,45,82,100,341,68.2,Pass
2684,Student_2684,56,85,62,54,35,292,58.4,Pass
2685,Student_2685,71,69,82,100,84,406,81.2,Pass
2686,Student_2686,55,60,67,77,60,319,63.8,Pass
2687,Student_2687,76,68,85,50,71,350,70.0,Pass
2688,Student_2688,92,38,92,100,86,408,81.6,Pass
2689,Student_2689,61,58,49,40,84,292,58.4,Pass
2690,Student_2690,48,61,60,73,62,304,60.8,Pass
2691,Student_2691,73,81,94,41,64,353,70.6,Pass
2692,Student_2692,67,62,100,38,74,341,68.2,Pass
2693,Student_2693,36,62,58,77,61,294,58.8,Pass
2694,Student_2694,98,84,76,93,85,436,87.2,Pass
2695,Student_2695,56,97,96,71,66,386,77.2,Pass
2696,Student_2696,44,48,35,38,41,206,41.2,Pass
2697,Student_2697,36,70,35,73,91,305,61.0,Pass
2698,Student_2698,83,55,47,41,82,308,61.6,Pass
2699,Student_2699,62,59,89,82,44,336,67.2,Pass
2700,Student_2700,70,88,37,73,39,307,61.4,Pass
2701,Student_2701,50,73,53,68,93,337,67.4,Pass
2702,Student_2702,61,50,38,95,57,301,60.2,Pass
2703,Student_2703,36,49,46,65,93,289,57.8,Pass
2704,Student_2704,69,69,37,96,43,314,62.8,Pass
2705,Student_2705,54,62,43,85,83,327,65.4,Pass
2706,Student_2706,38,39,98,90,94,359,71.8,Pass
2707,Student_2707,87,57,36,40,43,263,52.6,Pass
2708,Student_2708,70,71,96,60,69,366,73.2,Pass
2709,Student_2709,38,69,59,65,92,323,64.6,Pass
2710,Student_2710,35,40,90,97,64,326,65.2,Pass
2711,Student_2711,41,71,81,46,82,321,64.2,Pass
2712,Student_2712,93,95,55,82,82,407,81.4,Pass
2713,Student_2713,53,76,79,87,57,352,70.4,Pass
2714,Student_2714,86,82,94,79,72,413,82.6,Pass
2715,Student_2715,53,98,87,81,90,409,81.8,Pass
2716,Student_2716,46,67,52,77,80,322,64.4,Pass
2717,Student_2717,94,92,56,40,78,360,72.0,Pass
2718,Student_2718,99,53,78,55,52,337,67.4,Pass
2719,Student_2719,61,85,45,88,49,328,65.6,Pass
2720,Student_2720,99,40,48,35,67,289,57.8,Pass
2721,Student_2721,56,64,77,97,49,343,68.6,Pass
2722,Student_2722,76,82,85,85,63,391,78.2,Pass
2723,Student_2723,79,87,48,63,93,370,74.0,Pass
2724,Student_2724,54,59,35,99,48,295,59.0,Pass
2725,Student_2725,98,53,44,74,65,334,66.8,Pass
2726,Student_2726,86,73,61,47,59,326,65.2,Pass
2727,Student_2727,38,37,38,72,50,235,47.0,Pass
2728,Student_2728,61,58,44,43,67,273,54.6,Pass
2729,Student_2729,92,50,89,80,86,397,79.4,Pass
2730,Student_2730,36,73,78,84,82,353,70.6,Pass
2731,Student_2731,61,73,89,96,40,359,71.8,Pass
2732,Student_2732,97,39,98,75,79,388,77.6,Pass
2733,Student_2733,38,67,95,84,47,331,66.2,Pass
2734,Student_2734,89,79,97,38,83,386,77.2,Pass
2735,Student_2735,39,97,46,95,67,344,68.8,Pass
2736,Student_2736,46,45,66,47,93,297,59.4,Pass
2737,Student_2737,83,78,65,95,39,360,72.0,Pass
2738,Student_2738,76,74,92,62,87,391,78.2,Pass
2739,Student_2739,47,36,51,38,99,271,54.2,Pass
2740,Student_2740,91,43,99,58,94,385,77.0,Pass
2741,Student_2741,70,84,41,67,50,312,62.4,Pass
2742,Student_2742,97,57,92,72,55,373,74.6,Pass
2743,Student_2743,40,72,77,89,49,327,65.4,Pass
2744,Student_2744,54,44,60,96,97,351,70.2,Pass
2745,Student_2745,66,35,84,57,83,325,65.0,Pass
2746,Student_2746,40,73,58,63,78,312,62.4,Pass
2747,Student_2747,98,64,91,49,47,349,69.8,Pass
2748,Student_2748,56,52,51,38,91,288,57.6,Pass
2749,Student_2749,98,81,90,37,82,388,77.6,Pass
2750,Student_2750,48,88,95,39,70,340,68.0,Pass
2751,Student_2751,90,89,43,43,46,311,62.2,Pass
2752,Student_2752,68,80,95,86,99,428,85.6,Pass
2753,Student_2753,66,52,50,38,55,261,52.2,Pass
2754,Student_2754,46,58,60,92,82,338,67.6,Pass
2755,Student_2755,68,96,43,58,87,352,70.4,Pass
2756,Student_2756,49,40,64,60,53,266,53.2,Pass
2757,Student_2757,73,52,85,36,82,328,65.6,Pass
2758,Student_2758,42,100,36,49,69,296,59.2,Pass
2759,Student_2759,36,73,52,75,66,302,60.4,Pass
2760,Student_2760,96,62,59,95,96,408,81.6,Pass
2761,Student_2761,96,62,47,57,84,346,69.2,Pass
2762,Student_2762,44,53,51,100,53,301,60.2,Pass
2763,Student_2763,43,96,100,44,56,339,67.8,Pass
2764,Student_2764,66,87,81,63,68,365,73.0,Pass
2765,Student_2765,87,42,90,40,76,335,67.0,Pass
2766,Student_2766,85,38,59,82,85,349,69.8,Pass
2767,Student_2767,92,63,51,96,100,402,80.4,Pass
2768,Student_2768,87,55,65,71,98,376,75.2,Pass
2769,Student_2769,44,90,38,88,43,303,60.6,Pass
2770,Student_2770,45,53,40,82,70,290,58.0,Pass
2771,Student_2771,85,70,94,78,73,400,80.0,Pass
2772,Student_2772,76,74,95,100,97,442,88.4,Pass
2773,Student_2773,84,52,95,78,46,355,71.0,Pass
2774,Student_2774,97,78,43,67,69,354,70.8,Pass
2775,Student_2775,69,71,100,64,75,379,75.8,Pass
2776,Student_2776,76,65,59,79,74,353,70.6,Pass
2777,Student_2777,59,77,87,70,68,361,72.2,Pass
2778,Student_2778,89,59,52,72,59,331,66.2,Pass
2779,Student_2779,81,76,61,94,57,369,73.8,Pass
2780,Student_2780,50,72,66,61,78,327,65.4,Pass
2781,Student_2781,58,98,82,66,85,389,77.8,Pass
2782,Student_2782,96,69,93,78,53,389,77.8,Pass
2783,Student_2783,67,44,67,50,83,311,62.2,Pass
2784,Student_2784,85,35,43,59,67,289,57.8,Pass
2785,Student_2785,98,93,70,100,88,449,89.8,Pass
2786,Student_2786,60,69,41,89,97,356,71.2,Pass
2787,Student_2787,48,95,90,84,75,392,78.4,Pass
2788,Student_2788,50,52,58,50,81,291,58.2,Pass
2789,Student_2789,41,40,43,70,48,242,48.4,Pass
2790,Student_2790,69,51,47,89,61,317,63.4,Pass
2791,Student_2791,40,42,36,49,78,245,49.0,Pass
2792,Student_2792,70,71,90,65,64,360,72.0,Pass
2793,Student_2793,63,69,80,65,54,331,66.2,Pass
2794,Student_2794,37,75,63,56,84,315,63.0,Pass
2795,Student_2795,61,37,55,46,69,268,53.6,Pass
2796,Student_2796,97,50,47,66,87,347,69.4,Pass
2797,Student_2797,63,65,93,56,57,334,66.8,Pass
2798,Student_2798,63,70,48,35,65,281,56.2,Pass
2799,Student_2799,74,90,84,92,62,402,80.4,Pass
2800,Student_2800,64,47,45,87,91,334,66.8,Pass
2801,Student_2801,91,54,84,83,37,349,69.8,Pass
2802,Student_2802,69,61,97,90,78,395,79.0,Pass
2803,Student_2803,76,37,98,99,84,394,78.8,Pass
2804,Student_2804,91,61,82,53,44,331,66.2,Pass
2805,Student_2805,83,56,86,61,62,348,69.6,Pass
2806,Student_2806,75,80,86,70,66,377,75.4,Pass
2807,Student_2807,72,64,83,95,38,352,70.4,Pass
2808,Student_2808,66,43,92,37,84,322,64.4,Pass
2809,Student_2809,79,81,83,37,97,377,75.4,Pass
2810,Student_2810,90,92,89,46,90,407,81.4,Pass
2811,Student_2811,67,79,64,69,81,360,72.0,Pass
2812,Student_2812,68,96,55,56,63,338,67.6,Pass
2813,Student_2813,60,39,83,81,41,304,60.8,Pass
2814,Student_2814,64,46,55,46,41,252,50.4,Pass
2815,Student_2815,67,45,67,92,54,325,65.0,Pass
2816,Student_2816,72,53,90,70,58,343,68.6,Pass
2817,Student_2817,64,87,74,56,43,324,64.8,Pass
2818,Student_2818,64,46,41,57,71,279,55.8,Pass
2819,Student_2819,95,89,56,65,37,342,68.4,Pass
2820,Student_2820,60,44,43,47,69,263,52.6,Pass
2821,Student_2821,57,50,94,82,57,340,68.0,Pass
2822,Student_2822,54,58,66,36,76,290,58.0,Pass
2823,Student_2823,56,69,100,37,99,361,72.2,Pass
2824,Student_2824,99,42,85,52,56,334,66.8,Pass
2825,Student_2825,41,95,54,51,65,306,61.2,Pass
2826,Student_2826,82,70,94,66,93,405,81.0,Pass
2827,Student_2827,57,49,66,55,40,267,53.4,Pass
2828,Student_2828,43,83,52,35,71,284,56.8,Pass
2829,Student_2829,93,97,85,86,94,455,91.0,Pass
2830,Student_2830,80,86,67,87,56,376,75.2,Pass
2831,Student_2831,99,98,51,39,61,348,69.6,Pass
2832,Student_2832,44,82,73,49,87,335,67.0,Pass
2833,Student_2833,83,83,73,82,38,359,71.8,Pass
2834,Student_2834,75,97,60,37,62,331,66.2,Pass
2835,Student_2835,90,53,92,52,73,360,72.0,Pass
2836,Student_2836,85,66,53,37,64,305,61.0,Pass
2837,Student_2837,91,67,97,86,94,435,87.0,Pass
2838,Student_2838,94,82,61,94,51,382,76.4,Pass
2839,Student_2839,88,41,66,53,47,295,59.0,Pass
2840,Student_2840,72,82,41,79,94,368,73.6,Pass
2841,Student_2841,84,90,44,72,80,370,74.0,Pass
2842,Student_2842,100,96,40,96,43,375,75.0,Pass
2843,Student_2843,80,77,59,74,99,389,77.8,Pass
2844,Student_2844,56,36,47,53,69,261,52.2,Pass
2845,Student_2845,42,38,100,62,82,324,64.8,Pass
2846,Student_2846,38,92,86,77,93,386,77.2,Pass
2847,Student_2847,79,76,71,82,41,349,69.8,Pass
2848,Student_2848,50,91,97,90,100,428,85.6,Pass
2849,Student_2849,39,99,43,54,83,318,63.6,Pass
2850,Student_2850,77,91,69,53,53,343,68.6,Pass
2851,Student_2851,60,46,84,70,85,345,69.0,Pass
2852,Student_2852,63,40,40,73,36,252,50.4,Pass
2853,Student_2853,52,59,88,59,88,346,69.2,Pass
2854,Student_2854,54,89,67,61,35,306,61.2,Pass
2855,Student_2855,43,55,39,68,96,301,60.2,Pass
2856,Student_2856,43,63,94,56,98,354,70.8,Pass
2857,Student_2857,49,45,93,78,82,347,69.4,Pass
2858,Student_2858,95,68,77,76,54,370,74.0,Pass
2859,Student_2859,70,66,63,37,90,326,65.2,Pass
2860,Student_2860,96,69,77,100,73,415,83.0,Pass
2861,Student_2861,98,86,41,73,67,365,73.0,Pass
2862,Student_2862,48,53,63,63,66,293,58.6,Pass
2863,Student_2863,94,54,47,99,81,375,75.0,Pass
2864,Student_2864,87,86,88,77,73,411,82.2,Pass
2865,Student_2865,45,66,55,96,43,305,61.0,Pass
2866,Student_2866,75,42,90,86,90,383,76.6,Pass
2867,Student_2867,54,88,95,38,77,352,70.4,Pass
2868,Student_2868,82,50,74,65,97,368,73.6,Pass
2869,Student_2869,97,85,62,86,90,420,84.0,Pass
2870,Student_2870,65,71,66,56,78,336,67.2,Pass
2871,Student_2871,55,76,83,45,47,306,61.2,Pass
2872,Student_2872,45,45,36,54,89,269,53.8,Pass
2873,Student_2873,98,46,54,41,35,274,54.8,Pass
2874,Student_2874,95,57,39,52,72,315,63.0,Pass
2875,Student_2875,81,80,46,40,56,303,60.6,Pass
2876,Student_2876,74,77,47,39,45,282,56.4,Pass
2877,Student_2877,40,35,59,56,85,275,55.0,Pass
2878,Student_2878,97,48,69,72,44,330,66.0,Pass
2879,Student_2879,71,52,43,94,68,328,65.6,Pass
2880,Student_2880,55,100,47,98,63,363,72.6,Pass
2881,Student_2881,71,39,85,78,55,328,65.6,Pass
2882,Student_2882,95,92,80,100,74,441,88.2,Pass
2883,Student_2883,72,86,88,65,74,385,77.0,Pass
2884,Student_2884,76,61,65,94,54,350,70.0,Pass
2885,Student_2885,54,39,45,42,50,230,46.0,Pass
2886,Student_2886,53,48,92,51,54,298,59.6,Pass
2887,Student_2887,44,71,77,75,65,332,66.4,Pass
2888,Student_2888,96,90,87,50,73,396,79.2,Pass
2889,Student_2889,61,95,39,81,55,331,66.2,Pass
2890,Student_2890,85,59,79,43,41,307,61.4,Pass
2891,Student_2891,39,67,84,58,98,346,69.2,Pass
2892,Student_2892,94,85,76,92,52,399,79.8,Pass
2893,Student_2893,76,89,75,58,35,333,66.6,Pass
2894,Student_2894,56,67,88,46,97,354,70.8,Pass
2895,Student_2895,77,53,40,52,65,287,57.4,Pass
2896,Student_2896,100,98,70,60,58,386,77.2,Pass
2897,Student_2897,88,39,36,81,78,322,64.4,Pass
2898,Student_2898,82,78,35,48,96,339,67.8,Pass
2899,Student_2899,99,60,62,53,77,351,70.2,Pass
2900,Student_2900,99,70,85,60,90,404,80.8,Pass
2901,Student_2901,40,93,72,93,40,338,67.6,Pass
2902,Student_2902,71,77,37,87,43,315,63.0,Pass
2903,Student_2903,95,88,94,64,75,416,83.2,Pass
2904,Student_2904,63,92,68,73,39,335,67.0,Pass
2905,Student_2905,64,67,85,68,35,319,63.8,Pass
2906,Student_2906,64,40,63,92,65,324,64.8,Pass
2907,Student_2907,85,35,90,41,44,295,59.0,Pass
2908,Student_2908,70,88,37,99,74,368,73.6,Pass
2909,Student_2909,41,98,62,71,49,321,64.2,Pass
2910,Student_2910,65,84,77,57,60,343,68.6,Pass
2911,Student_2911,36,89,45,77,66,313,62.6,Pass
2912,Student_2912,96,37,47,51,68,299,59.8,Pass
2913,Student_2913,56,72,67,88,55,338,67.6,Pass
2914,Student_2914,89,61,55,81,47,333,66.6,Pass
2915,Student_2915,71,74,43,44,54,286,57.2,Pass
2916,Student_2916,50,35,65,43,69,262,52.4,Pass
2917,Student_2917,57,49,92,78,50,326,65.2,Pass
2918,Student_2918,99,94,100,50,96,439,87.8,Pass
2919,Student_2919,70,45,80,46,80,321,64.2,Pass
2920,Student_2920,57,84,59,67,37,304,60.8,Pass
2921,Student_2921,46,43,55,53,78,275,55.0,Pass
2922,Student_2922,55,59,96,79,38,327,65.4,Pass
2923,Student_2923,78,84,90,48,100,400,80.0,Pass
2924,Student_2924,86,62,56,59,96,359,71.8,Pass
2925,Student_2925,43,64,98,93,84,382,76.4,Pass
2926,Student_2926,76,82,60,40,39,297,59.4,Pass
2927,Student_2927,92,59,35,80,37,303,60.6,Pass
2928,Student_2928,82,78,88,35,75,358,71.6,Pass
2929,Student_2929,94,45,52,47,49,287,57.4,Pass
2930,Student_2930,52,95,98,78,50,373,74.6,Pass
2931,Student_2931,39,75,66,74,89,343,68.6,Pass
2932,Student_2932,72,39,48,42,73,274,54.8,Pass
2933,Student_2933,52,68,83,54,70,327,65.4,Pass
2934,Student_2934,78,87,44,81,44,334,66.8,Pass
2935,Student_2935,98,74,73,87,37,369,73.8,Pass
2936,Student_2936,38,71,76,58,46,289,57.8,Pass
2937,Student_2937,52,47,81,49,47,276,55.2,Pass
2938,Student_2938,68,77,75,50,58,328,65.6,Pass
2939,Student_2939,62,45,64,41,70,282,56.4,Pass
2940,Student_2940,74,45,73,73,47,312,62.4,Pass
2941,Student_2941,86,40,74,88,46,334,66.8,Pass
2942,Student_2942,77,69,41,52,43,282,56.4,Pass
2943,Student_2943,47,35,48,96,40,266,53.2,Pass
2944,Student_2944,95,81,86,48,68,378,75.6,Pass
2945,Student_2945,55,66,45,77,56,299,59.8,Pass
2946,Student_2946,58,48,37,95,62,300,60.0,Pass
2947,Student_2947,51,56,100,65,87,359,71.8,Pass
2948,Student_2948,35,69,59,98,65,326,65.2,Pass
2949,Student_2949,42,90,62,84,59,337,67.4,Pass
2950,Student_2950,72,79,52,86,87,376,75.2,Pass
2951,Student_2951,71,69,66,50,88,344,68.8,Pass
2952,Student_2952,67,98,35,49,86,335,67.0,Pass
2953,Student_2953,59,67,51,58,50,285,57.0,Pass
2954,Student_2954,66,51,40,64,66,287,57.4,Pass
2955,Student_2955,40,44,85,52,62,283,56.6,Pass
2956,Student_2956,70,49,35,61,49,264,52.8,Pass
2957,Student_2957,36,87,48,78,61,310,62.0,Pass
2958,Student_2958,92,53,53,50,82,330,66.0,Pass
2959,Student_2959,76,87,83,70,91,407,81.4,Pass
2960,Student_2960,60,53,61,84,80,338,67.6,Pass
2961,Student_2961,59,66,97,97,70,389,77.8,Pass
2962,Student_2962,90,41,67,35,90,323,64.6,Pass
2963,Student_2963,94,55,42,42,93,326,65.2,Pass
2964,Student_2964,72,61,87,49,71,340,68.0,Pass
2965,Student_2965,53,71,70,57,89,340,68.0,Pass
2966,Student_2966,36,95,43,93,79,346,69.2,Pass
2967,Student_2967,73,63,92,60,70,358,71.6,Pass
2968,Student_2968,96,84,69,55,96,400,80.0,Pass
2969,Student_2969,63,91,52,37,65,308,61.6,Pass
2970,Student_2970,97,84,63,100,53,397,79.4,Pass
2971,Student_2971,49,69,82,67,47,314,62.8,Pass
2972,Student_2972,69,74,86,37,43,309,61.8,Pass
2973,Student_2973,48,65,71,67,66,317,63.4,Pass
2974,Student_2974,58,98,35,54,37,282,56.4,Pass
2975,Student_2975,76,88,78,35,96,373,74.6,Pass
2976,Student_2976,59,58,48,74,89,328,65.6,Pass
2977,Student_2977,67,69,60,86,80,362,72.4,Pass
2978,Student_2978,47,83,95,60,66,351,70.2,Pass
2979,Student_2979,76,40,78,80,95,369,73.8,Pass
2980,Student_2980,65,77,98,64,90,394,78.8,Pass
2981,Student_2981,37,44,48,52,64,245,49.0,Pass
2982,Student_2982,87,40,61,94,87,369,73.8,Pass
2983,Student_2983,44,48,91,52,63,298,59.6,Pass
2984,Student_2984,62,62,82,47,39,292,58.4,Pass
2985,Student_2985,67,36,87,50,70,310,62.0,Pass
2986,Student_2986,92,61,46,78,65,342,68.4,Pass
2987,Student_2987,50,46,67,65,40,268,53.6,Pass
2988,Student_2988,95,70,56,35,97,353,70.6,Pass
2989,Student_2989,62,87,77,47,46,319,63.8,Pass
2990,Student_2990,99,64,70,35,89,357,71.4,Pass
2991,Student_2991,79,80,92,56,38,345,69.0,Pass
2992,Student_2992,47,37,70,59,57,270,54.0,Pass
2993,Student_2993,55,64,40,57,60,276,55.2,Pass
2994,Student_2994,61,60,51,72,93,337,67.4,Pass
2995,Student_2995,42,92,63,52,39,288,57.6,Pass
2996,Student_2996,50,61,81,73,90,355,71.0,Pass
2997,Student_2997,54,43,55,95,83,330,66.0,Pass
2998,Student_2998,35,56,82,39,57,269,53.8,Pass
2999,Student_2999,88,48,45,55,62,298,59.6,Pass
3000,Student_3000,44,54,88,48,90,324,64.8,Pass
3001,Student_3001,64,56,69,77,92,358,71.6,Pass
3002,Student_3002,55,62,92,89,57,355,71.0,Pass
3003,Student_3003,91,70,75,68,62,366,73.2,Pass
3004,Student_3004,37,60,86,72,83,338,67.6,Pass
3005,Student_3005,94,46,49,51,41,281,56.2,Pass
3006,Student_3006,64,49,96,85,52,346,69.2,Pass
3007,Student_3007,41,58,64,51,65,279,55.8,Pass
3008,Student_3008,41,100,44,65,45,295,59.0,Pass
3009,Student_3009,78,46,68,68,77,337,67.4,Pass
3010,Student_3010,52,57,40,89,97,335,67.0,Pass
3011,Student_3011,61,52,63,46,53,275,55.0,Pass
3012,Student_3012,91,44,89,45,76,345,69.0,Pass
3013,Student_3013,93,56,70,78,38,335,67.0,Pass
3014,Student_3014,39,36,38,38,38,189,37.8,Pass
3015,Student_3015,45,76,56,45,45,267,53.4,Pass
3016,Student_3016,59,96,47,91,82,375,75.0,Pass
3017,Student_3017,42,38,54,80,75,289,57.8,Pass
3018,Student_3018,83,49,99,72,72,375,75.0,Pass
3019,Student_3019,68,55,45,53,96,317,63.4,Pass
3020,Student_3020,71,97,44,54,57,323,64.6,Pass
3021,Student_3021,71,99,40,75,83,368,73.6,Pass
3022,Student_3022,95,40,99,90,94,418,83.6,Pass
3023,Student_3023,38,40,41,35,68,222,44.4,Pass
3024,Student_3024,66,83,79,78,46,352,70.4,Pass
3025,Student_3025,81,70,54,86,83,374,74.8,Pass
3026,Student_3026,50,65,87,54,69,325,65.0,Pass
3027,Student_3027,100,64,76,82,41,363,72.6,Pass
3028,Student_3028,81,74,56,83,40,334,66.8,Pass
3029,Student_3029,40,95,41,87,61,324,64.8,Pass
3030,Student_3030,65,87,93,80,37,362,72.4,Pass
3031,Student_3031,58,51,43,42,69,263,52.6,Pass
3032,Student_3032,41,50,85,67,50,293,58.6,Pass
3033,Student_3033,35,68,68,57,95,323,64.6,Pass
3034,Student_3034,98,66,59,83,59,365,73.0,Pass
3035,Student_3035,43,86,69,66,54,318,63.6,Pass
3036,Student_3036,43,53,86,72,56,310,62.0,Pass
3037,Student_3037,74,87,73,55,37,326,65.2,Pass
3038,Student_3038,66,88,51,82,90,377,75.4,Pass
3039,Student_3039,62,48,74,67,45,296,59.2,Pass
3040,Student_3040,94,40,84,72,84,374,74.8,Pass
3041,Student_3041,55,80,82,72,40,329,65.8,Pass
3042,Student_3042,58,86,64,82,78,368,73.6,Pass
3043,Student_3043,58,72,59,37,45,271,54.2,Pass
3044,Student_3044,95,83,74,87,70,409,81.8,Pass
3045,Student_3045,72,100,99,37,63,371,74.2,Pass
3046,Student_3046,48,82,65,99,57,351,70.2,Pass
3047,Student_3047,70,77,52,94,42,335,67.0,Pass
3048,Student_3048,78,39,72,42,72,303,60.6,Pass
3049,Student_3049,65,61,62,61,80,329,65.8,Pass
3050,Student_3050,59,67,75,50,85,336,67.2,Pass
3051,Student_3051,63,53,48,46,47,257,51.4,Pass
3052,Student_3052,93,94,50,41,60,338,67.6,Pass
3053,Student_3053,65,46,60,98,62,331,66.2,Pass
3054,Student_3054,52,86,76,63,40,317,63.4,Pass
3055,Student_3055,87,39,44,45,99,314,62.8,Pass
3056,Student_3056,98,76,84,47,94,399,79.8,Pass
3057,Student_3057,99,87,36,36,58,316,63.2,Pass
3058,Student_3058,61,38,38,48,77,262,52.4,Pass
3059,Student_3059,88,49,51,36,66,290,58.0,Pass
3060,Student_3060,83,77,95,98,68,421,84.2,Pass
3061,Student_3061,71,50,88,35,62,306,61.2,Pass
3062,Student_3062,85,82,79,52,42,340,68.0,Pass
3063,Student_3063,44,74,44,50,71,283,56.6,Pass
3064,Student_3064,48,72,63,64,85,332,66.4,Pass
3065,Student_3065,96,78,38,52,87,351,70.2,Pass
3066,Student_3066,59,56,55,62,99,331,66.2,Pass
3067,Student_3067,53,44,65,92,70,324,64.8,Pass
3068,Student_3068,77,78,88,44,46,333,66.6,Pass
3069,Student_3069,67,39,72,51,87,316,63.2,Pass
3070,Student_3070,40,81,37,78,65,301,60.2,Pass
3071,Student_3071,98,85,89,90,40,402,80.4,Pass
3072,Student_3072,47,49,51,89,37,273,54.6,Pass
3073,Student_3073,40,59,42,61,81,283,56.6,Pass
3074,Student_3074,84,85,46,38,84,337,67.4,Pass
3075,Student_3075,54,93,44,76,62,329,65.8,Pass
3076,Student_3076,47,57,62,67,78,311,62.2,Pass
3077,Student_3077,80,41,90,100,58,369,73.8,Pass
3078,Student_3078,90,48,97,97,89,421,84.2,Pass
3079,Student_3079,53,61,68,72,40,294,58.8,Pass
3080,Student_3080,49,65,73,35,92,314,62.8,Pass
3081,Student_3081,59,78,73,65,96,371,74.2,Pass
3082,Student_3082,52,87,40,62,64,305,61.0,Pass
3083,Student_3083,82,50,41,48,82,303,60.6,Pass
3084,Student_3084,92,37,41,99,82,351,70.2,Pass
3085,Student_3085,43,72,71,58,37,281,56.2,Pass
3086,Student_3086,92,67,56,86,88,389,77.8,Pass
3087,Student_3087,83,72,93,46,72,366,73.2,Pass
3088,Student_3088,53,81,84,66,53,337,67.4,Pass
3089,Student_3089,77,48,72,37,99,333,66.6,Pass
3090,Student_3090,74,59,57,59,48,297,59.4,Pass
3091,Student_3091,58,63,72,53,90,336,67.2,Pass
3092,Student_3092,86,42,87,37,95,347,69.4,Pass
3093,Student_3093,54,85,50,93,88,370,74.0,Pass
3094,Student_3094,38,91,57,62,74,322,64.4,Pass
3095,Student_3095,64,63,76,81,66,350,70.0,Pass
3096,Student_3096,52,37,71,35,79,274,54.8,Pass
3097,Student_3097,87,50,53,90,78,358,71.6,Pass
3098,Student_3098,38,53,86,80,53,310,62.0,Pass
3099,Student_3099,90,69,46,83,83,371,74.2,Pass
3100,Student_3100,79,87,44,62,36,308,61.6,Pass
3101,Student_3101,96,89,47,53,59,344,68.8,Pass
3102,Student_3102,75,78,50,67,59,329,65.8,Pass
3103,Student_3103,69,86,54,65,74,348,69.6,Pass
3104,Student_3104,100,69,40,38,56,303,60.6,Pass
3105,Student_3105,96,63,35,35,100,329,65.8,Pass
3106,Student_3106,90,85,84,43,42,344,68.8,Pass
3107,Student_3107,49,84,99,60,44,336,67.2,Pass
3108,Student_3108,45,59,77,38,41,260,52.0,Pass
3109,Student_3109,43,83,42,70,45,283,56.6,Pass
3110,Student_3110,72,44,76,41,93,326,65.2,Pass
3111,Student_3111,87,57,60,91,87,382,76.4,Pass
3112,Student_3112,53,41,82,63,70,309,61.8,Pass
3113,Student_3113,69,37,98,91,91,386,77.2,Pass
3114,Student_3114,71,85,55,42,92,345,69.0,Pass
3115,Student_3115,52,86,87,51,52,328,65.6,Pass
3116,Student_3116,79,37,46,97,95,354,70.8,Pass
3117,Student_3117,84,41,55,43,68,291,58.2,Pass
3118,Student_3118,37,85,68,43,59,292,58.4,Pass
3119,Student_3119,60,60,93,64,46,323,64.6,Pass
3120,Student_3120,51,75,80,56,60,322,64.4,Pass
3121,Student_3121,79,86,48,94,45,352,70.4,Pass
3122,Student_3122,94,36,61,56,48,295,59.0,Pass
3123,Student_3123,45,55,35,83,49,267,53.4,Pass
3124,Student_3124,63,89,65,100,75,392,78.4,Pass
3125,Student_3125,51,94,98,79,83,405,81.0,Pass
3126,Student_3126,50,59,62,92,44,307,61.4,Pass
3127,Student_3127,72,74,68,41,56,311,62.2,Pass
3128,Student_3128,76,41,53,85,72,327,65.4,Pass
3129,Student_3129,100,40,47,90,70,347,69.4,Pass
3130,Student_3130,71,41,65,92,61,330,66.0,Pass
3131,Student_3131,67,48,85,95,48,343,68.6,Pass
3132,Student_3132,53,94,98,100,56,401,80.2,Pass
3133,Student_3133,58,44,36,55,46,239,47.8,Pass
3134,Student_3134,97,58,48,59,68,330,66.0,Pass
3135,Student_3135,88,56,78,97,91,410,82.0,Pass
3136,Student_3136,64,89,64,66,49,332,66.4,Pass
3137,Student_3137,100,57,75,87,38,357,71.4,Pass
3138,Student_3138,78,64,92,37,98,369,73.8,Pass
3139,Student_3139,89,86,50,93,96,414,82.8,Pass
3140,Student_3140,42,86,98,65,86,377,75.4,Pass
3141,Student_3141,53,36,81,35,83,288,57.6,Pass
3142,Student_3142,53,45,56,58,63,275,55.0,Pass
3143,Student_3143,79,76,55,46,85,341,68.2,Pass
3144,Student_3144,81,36,77,92,48,334,66.8,Pass
3145,Student_3145,68,86,54,44,57,309,61.8,Pass
3146,Student_3146,44,52,76,85,93,350,70.0,Pass
3147,Student_3147,40,69,65,90,71,335,67.0,Pass
3148,Student_3148,37,55,51,39,77,259,51.8,Pass
3149,Student_3149,39,64,90,67,99,359,71.8,Pass
3150,Student_3150,72,51,73,78,100,374,74.8,Pass
3151,Student_3151,43,45,71,79,92,330,66.0,Pass
3152,Student_3152,99,93,39,91,46,368,73.6,Pass
3153,Student_3153,80,57,65,86,92,380,76.0,Pass
3154,Student_3154,84,96,60,58,38,336,67.2,Pass
3155,Student_3155,92,70,83,44,43,332,66.4,Pass
3156,Student_3156,94,98,98,84,54,428,85.6,Pass
3157,Student_3157,90,99,98,54,51,392,78.4,Pass
3158,Student_3158,75,60,98,39,75,347,69.4,Pass
3159,Student_3159,35,86,58,65,82,326,65.2,Pass
3160,Student_3160,41,69,38,81,84,313,62.6,Pass
3161,Student_3161,83,77,93,39,38,330,66.0,Pass
3162,Student_3162,50,56,70,57,78,311,62.2,Pass
3163,Student_3163,82,69,67,58,85,361,72.2,Pass
3164,Student_3164,93,85,60,52,80,370,74.0,Pass
3165,Student_3165,72,58,66,52,69,317,63.4,Pass
3166,Student_3166,85,63,59,48,78,333,66.6,Pass
3167,Student_3167,86,56,68,45,76,331,66.2,Pass
3168,Student_3168,58,78,96,57,78,367,73.4,Pass
3169,Student_3169,84,56,56,86,63,345,69.0,Pass
3170,Student_3170,63,78,82,48,63,334,66.8,Pass
3171,Student_3171,99,48,85,82,81,395,79.0,Pass
3172,Student_3172,38,97,68,84,76,363,72.6,Pass
3173,Student_3173,37,76,97,71,68,349,69.8,Pass
3174,Student_3174,63,35,59,74,50,281,56.2,Pass
3175,Student_3175,100,44,49,96,96,385,77.0,Pass
3176,Student_3176,56,41,60,77,65,299,59.8,Pass
3177,Student_3177,69,39,46,81,61,296,59.2,Pass
3178,Student_3178,85,74,46,76,72,353,70.6,Pass
3179,Student_3179,93,48,76,76,60,353,70.6,Pass
3180,Student_3180,48,62,57,81,62,310,62.0,Pass
3181,Student_3181,88,95,47,65,89,384,76.8,Pass
3182,Student_3182,92,75,40,37,69,313,62.6,Pass
3183,Student_3183,54,48,71,46,39,258,51.6,Pass
3184,Student_3184,80,57,93,84,50,364,72.8,Pass
3185,Student_3185,95,42,51,96,35,319,63.8,Pass
3186,Student_3186,69,81,51,65,100,366,73.2,Pass
3187,Student_3187,79,86,55,52,77,349,69.8,Pass
3188,Student_3188,89,88,42,76,99,394,78.8,Pass
3189,Student_3189,88,92,91,70,73,414,82.8,Pass
3190,Student_3190,56,52,98,78,100,384,76.8,Pass
3191,Student_3191,78,70,78,89,81,396,79.2,Pass
3192,Student_3192,75,71,57,99,51,353,70.6,Pass
3193,Student_3193,73,50,45,89,77,334,66.8,Pass
3194,Student_3194,38,52,35,40,40,205,41.0,Pass
3195,Student_3195,54,74,82,64,64,338,67.6,Pass
3196,Student_3196,44,65,51,49,76,285,57.0,Pass
3197,Student_3197,75,43,61,35,76,290,58.0,Pass
3198,Student_3198,78,96,39,61,89,363,72.6,Pass
3199,Student_3199,58,47,71,73,71,320,64.0,Pass
3200,Student_3200,84,84,97,53,98,416,83.2,Pass
3201,Student_3201,63,89,92,91,72,407,81.4,Pass
3202,Student_3202,87,54,35,51,81,308,61.6,Pass
3203,Student_3203,100,56,82,71,61,370,74.0,Pass
3204,Student_3204,43,62,57,48,52,262,52.4,Pass
3205,Student_3205,59,43,51,60,53,266,53.2,Pass
3206,Student_3206,35,74,46,42,83,280,56.0,Pass
3207,Student_3207,36,46,66,88,68,304,60.8,Pass
3208,Student_3208,97,55,61,94,79,386,77.2,Pass
3209,Student_3209,38,56,95,86,46,321,64.2,Pass
3210,Student_3210,93,57,58,79,96,383,76.6,Pass
3211,Student_3211,94,76,68,81,69,388,77.6,Pass
3212,Student_3212,96,52,83,54,39,324,64.8,Pass
3213,Student_3213,76,53,46,100,93,368,73.6,Pass
3214,Student_3214,83,65,48,85,41,322,64.4,Pass
3215,Student_3215,58,91,50,95,57,351,70.2,Pass
3216,Student_3216,43,93,62,60,91,349,69.8,Pass
3217,Student_3217,62,58,38,76,58,292,58.4,Pass
3218,Student_3218,57,54,62,87,56,316,63.2,Pass
3219,Student_3219,47,89,76,44,73,329,65.8,Pass
3220,Student_3220,65,53,65,56,76,315,63.0,Pass
3221,Student_3221,81,66,61,75,74,357,71.4,Pass
3222,Student_3222,69,88,50,97,94,398,79.6,Pass
3223,Student_3223,98,63,55,85,72,373,74.6,Pass
3224,Student_3224,66,37,77,68,67,315,63.0,Pass
3225,Student_3225,98,49,58,92,91,388,77.6,Pass
3226,Student_3226,35,58,57,91,43,284,56.8,Pass
3227,Student_3227,55,42,77,66,94,334,66.8,Pass
3228,Student_3228,98,49,62,97,76,382,76.4,Pass
3229,Student_3229,52,66,51,54,38,261,52.2,Pass
3230,Student_3230,47,52,81,85,41,306,61.2,Pass
3231,Student_3231,59,57,39,40,68,263,52.6,Pass
3232,Student_3232,97,94,99,99,91,480,96.0,Pass
3233,Student_3233,79,61,82,100,80,402,80.4,Pass
3234,Student_3234,58,65,85,42,40,290,58.0,Pass
3235,Student_3235,60,37,70,73,65,305,61.0,Pass
3236,Student_3236,84,45,76,49,93,347,69.4,Pass
3237,Student_3237,43,79,55,61,46,284,56.8,Pass
3238,Student_3238,37,54,56,79,38,264,52.8,Pass
3239,Student_3239,46,73,60,96,70,345,69.0,Pass
3240,Student_3240,100,59,42,60,35,296,59.2,Pass
3241,Student_3241,88,95,45,61,98,387,77.4,Pass
3242,Student_3242,46,49,53,85,41,274,54.8,Pass
3243,Student_3243,54,54,49,61,55,273,54.6,Pass
3244,Student_3244,50,93,87,94,52,376,75.2,Pass
3245,Student_3245,41,49,46,49,49,234,46.8,Pass
3246,Student_3246,83,86,48,51,58,326,65.2,Pass
3247,Student_3247,40,50,39,92,52,273,54.6,Pass
3248,Student_3248,78,91,66,60,62,357,71.4,Pass
3249,Student_3249,39,72,59,90,83,343,68.6,Pass
3250,Student_3250,78,61,36,57,93,325,65.0,Pass
3251,Student_3251,73,48,54,71,57,303,60.6,Pass
3252,Student_3252,47,46,71,37,85,286,57.2,Pass
3253,Student_3253,52,78,36,76,52,294,58.8,Pass
3254,Student_3254,54,71,83,51,37,296,59.2,Pass
3255,Student_3255,59,81,79,83,43,345,69.0,Pass
3256,Student_3256,35,62,79,51,98,325,65.0,Pass
3257,Student_3257,37,47,64,93,50,291,58.2,Pass
3258,Student_3258,53,70,59,89,80,351,70.2,Pass
3259,Student_3259,76,81,84,74,51,366,73.2,Pass
3260,Student_3260,62,38,68,44,54,266,53.2,Pass
3261,Student_3261,38,53,96,41,89,317,63.4,Pass
3262,Student_3262,50,81,55,96,64,346,69.2,Pass
3263,Student_3263,98,70,42,56,42,308,61.6,Pass
3264,Student_3264,91,45,90,89,37,352,70.4,Pass
3265,Student_3265,87,64,51,51,71,324,64.8,Pass
3266,Student_3266,48,78,75,68,55,324,64.8,Pass
3267,Student_3267,35,63,71,39,66,274,54.8,Pass
3268,Student_3268,42,50,37,81,86,296,59.2,Pass
3269,Student_3269,98,92,82,89,74,435,87.0,Pass
3270,Student_3270,43,82,91,79,82,377,75.4,Pass
3271,Student_3271,71,89,57,66,67,350,70.0,Pass
3272,Student_3272,96,48,52,67,94,357,71.4,Pass
3273,Student_3273,90,35,49,40,42,256,51.2,Pass
3274,Student_3274,50,100,50,39,61,300,60.0,Pass
3275,Student_3275,38,87,64,47,92,328,65.6,Pass
3276,Student_3276,86,70,46,97,55,354,70.8,Pass
3277,Student_3277,89,40,36,47,81,293,58.6,Pass
3278,Student_3278,92,48,53,38,48,279,55.8,Pass
3279,Student_3279,78,42,94,45,60,319,63.8,Pass
3280,Student_3280,100,40,87,92,48,367,73.4,Pass
3281,Student_3281,66,41,94,64,77,342,68.4,Pass
3282,Student_3282,45,41,71,81,70,308,61.6,Pass
3283,Student_3283,97,73,60,86,57,373,74.6,Pass
3284,Student_3284,49,60,38,37,90,274,54.8,Pass
3285,Student_3285,58,79,80,92,89,398,79.6,Pass
3286,Student_3286,89,67,98,38,61,353,70.6,Pass
3287,Student_3287,50,35,77,60,60,282,56.4,Pass
3288,Student_3288,86,55,91,67,90,389,77.8,Pass
3289,Student_3289,85,90,54,45,80,354,70.8,Pass
3290,Student_3290,43,65,52,95,37,292,58.4,Pass
3291,Student_3291,39,42,69,86,88,324,64.8,Pass
3292,Student_3292,89,47,74,77,38,325,65.0,Pass
3293,Student_3293,43,49,41,92,97,322,64.4,Pass
3294,Student_3294,94,50,67,39,37,287,57.4,Pass
3295,Student_3295,68,65,43,69,35,280,56.0,Pass
3296,Student_3296,75,66,43,75,57,316,63.2,Pass
3297,Student_3297,40,67,99,39,73,318,63.6,Pass
3298,Student_3298,98,85,98,63,43,387,77.4,Pass
3299,Student_3299,60,94,91,50,88,383,76.6,Pass
3300,Student_3300,83,72,48,87,83,373,74.6,Pass
3301,Student_3301,47,54,62,97,71,331,66.2,Pass
3302,Student_3302,41,97,96,69,66,369,73.8,Pass
3303,Student_3303,64,57,76,90,58,345,69.0,Pass
3304,Student_3304,61,100,72,49,92,374,74.8,Pass
3305,Student_3305,36,43,68,56,90,293,58.6,Pass
3306,Student_3306,52,38,62,94,41,287,57.4,Pass
3307,Student_3307,100,93,56,48,46,343,68.6,Pass
3308,Student_3308,87,42,55,38,68,290,58.0,Pass
3309,Student_3309,47,45,65,82,100,339,67.8,Pass
3310,Student_3310,99,92,53,49,45,338,67.6,Pass
3311,Student_3311,91,37,99,72,100,399,79.8,Pass
3312,Student_3312,38,44,86,68,73,309,61.8,Pass
3313,Student_3313,52,55,50,92,80,329,65.8,Pass
3314,Student_3314,100,64,91,99,82,436,87.2,Pass
3315,Student_3315,91,36,57,42,38,264,52.8,Pass
3316,Student_3316,68,40,88,95,75,366,73.2,Pass
3317,Student_3317,95,46,58,59,83,341,68.2,Pass
3318,Student_3318,45,73,86,46,45,295,59.0,Pass
3319,Student_3319,55,100,98,69,56,378,75.6,Pass
3320,Student_3320,89,99,54,94,85,421,84.2,Pass
3321,Student_3321,96,41,69,40,80,326,65.2,Pass
3322,Student_3322,64,50,68,46,89,317,63.4,Pass
3323,Student_3323,49,80,89,40,98,356,71.2,Pass
3324,Student_3324,66,57,97,71,63,354,70.8,Pass
3325,Student_3325,77,83,80,48,93,381,76.2,Pass
3326,Student_3326,85,58,72,40,88,343,68.6,Pass
3327,Student_3327,71,83,84,66,68,372,74.4,Pass
3328,Student_3328,89,38,69,92,100,388,77.6,Pass
3329,Student_3329,74,54,43,91,36,298,59.6,Pass
3330,Student_3330,54,78,48,84,53,317,63.4,Pass
3331,Student_3331,55,80,66,87,70,358,71.6,Pass
3332,Student_3332,51,35,99,63,69,317,63.4,Pass
3333,Student_3333,86,99,64,40,90,379,75.8,Pass
3334,Student_3334,52,68,85,96,54,355,71.0,Pass
3335,Student_3335,91,43,89,37,43,303,60.6,Pass
3336,Student_3336,46,73,44,62,49,274,54.8,Pass
3337,Student_3337,66,80,55,61,87,349,69.8,Pass
3338,Student_3338,48,64,62,95,87,356,71.2,Pass
3339,Student_3339,35,78,58,66,40,277,55.4,Pass
3340,Student_3340,67,76,100,47,86,376,75.2,Pass
3341,Student_3341,77,37,56,81,70,321,64.2,Pass
3342,Student_3342,73,98,53,68,50,342,68.4,Pass
3343,Student_3343,47,89,75,39,59,309,61.8,Pass
3344,Student_3344,72,70,38,88,86,354,70.8,Pass
3345,Student_3345,43,95,96,43,51,328,65.6,Pass
3346,Student_3346,68,40,35,86,94,323,64.6,Pass
3347,Student_3347,53,47,69,45,91,305,61.0,Pass
3348,Student_3348,69,87,48,63,76,343,68.6,Pass
3349,Student_3349,58,85,83,68,89,383,76.6,Pass
3350,Student_3350,66,85,91,74,99,415,83.0,Pass
3351,Student_3351,83,74,46,76,78,357,71.4,Pass
3352,Student_3352,68,75,41,49,50,283,56.6,Pass
3353,Student_3353,52,58,42,96,81,329,65.8,Pass
3354,Student_3354,66,83,40,79,49,317,63.4,Pass
3355,Student_3355,44,95,45,89,42,315,63.0,Pass
3356,Student_3356,64,85,61,88,75,373,74.6,Pass
3357,Student_3357,66,87,51,47,100,351,70.2,Pass
3358,Student_3358,68,76,82,42,83,351,70.2,Pass
3359,Student_3359,97,35,41,38,73,284,56.8,Pass
3360,Student_3360,52,73,67,57,41,290,58.0,Pass
3361,Student_3361,72,83,83,70,90,398,79.6,Pass
3362,Student_3362,90,98,87,41,76,392,78.4,Pass
3363,Student_3363,90,68,55,36,74,323,64.6,Pass
3364,Student_3364,75,89,81,97,91,433,86.6,Pass
3365,Student_3365,78,38,92,74,75,357,71.4,Pass
3366,Student_3366,63,59,99,38,89,348,69.6,Pass
3367,Student_3367,51,66,82,68,86,353,70.6,Pass
3368,Student_3368,83,51,58,88,78,358,71.6,Pass
3369,Student_3369,72,41,48,85,77,323,64.6,Pass
3370,Student_3370,79,64,41,36,89,309,61.8,Pass
3371,Student_3371,55,58,50,57,54,274,54.8,Pass
3372,Student_3372,72,58,92,89,96,407,81.4,Pass
3373,Student_3373,95,74,86,52,75,382,76.4,Pass
3374,Student_3374,43,84,38,48,45,258,51.6,Pass
3375,Student_3375,57,70,47,46,82,302,60.4,Pass
3376,Student_3376,99,67,84,42,35,327,65.4,Pass
3377,Student_3377,36,48,95,85,96,360,72.0,Pass
3378,Student_3378,98,51,60,45,57,311,62.2,Pass
3379,Student_3379,80,91,36,69,92,368,73.6,Pass
3380,Student_3380,52,87,68,56,89,352,70.4,Pass
3381,Student_3381,44,53,49,56,41,243,48.6,Pass
3382,Student_3382,61,67,64,96,78,366,73.2,Pass
3383,Student_3383,64,90,79,84,41,358,71.6,Pass
3384,Student_3384,94,79,56,82,68,379,75.8,Pass
3385,Student_3385,100,57,74,51,50,332,66.4,Pass
3386,Student_3386,64,99,76,67,81,387,77.4,Pass
3387,Student_3387,69,41,39,89,67,305,61.0,Pass
3388,Student_3388,74,82,71,94,78,399,79.8,Pass
3389,Student_3389,53,60,44,49,52,258,51.6,Pass
3390,Student_3390,59,54,92,71,97,373,74.6,Pass
3391,Student_3391,45,92,91,85,61,374,74.8,Pass
3392,Student_3392,66,72,56,97,56,347,69.4,Pass
3393,Student_3393,38,59,83,56,44,280,56.0,Pass
3394,Student_3394,95,80,36,42,43,296,59.2,Pass
3395,Student_3395,84,66,40,67,77,334,66.8,Pass
3396,Student_3396,59,39,84,64,76,322,64.4,Pass
3397,Student_3397,99,53,69,64,77,362,72.4,Pass
3398,Student_3398,64,74,36,39,48,261,52.2,Pass
3399,Student_3399,100,43,85,91,95,414,82.8,Pass
3400,Student_3400,99,71,100,43,89,402,80.4,Pass
3401,Student_3401,79,57,70,67,67,340,68.0,Pass
3402,Student_3402,81,68,68,89,41,347,69.4,Pass
3403,Student_3403,61,81,43,95,62,342,68.4,Pass
3404,Student_3404,92,48,36,76,65,317,63.4,Pass
3405,Student_3405,50,53,93,99,100,395,79.0,Pass
3406,Student_3406,67,84,89,100,54,394,78.8,Pass
3407,Student_3407,42,74,75,96,52,339,67.8,Pass
3408,Student_3408,96,48,70,92,52,358,71.6,Pass
3409,Student_3409,67,83,64,39,46,299,59.8,Pass
3410,Student_3410,83,67,57,69,51,327,65.4,Pass
3411,Student_3411,61,63,92,55,65,336,67.2,Pass
3412,Student_3412,65,48,54,49,98,314,62.8,Pass
3413,Student_3413,38,85,55,61,57,296,59.2,Pass
3414,Student_3414,100,41,62,56,53,312,62.4,Pass
3415,Student_3415,50,40,49,36,58,233,46.6,Pass
3416,Student_3416,64,57,35,37,43,236,47.2,Pass
3417,Student_3417,84,94,90,83,49,400,80.0,Pass
3418,Student_3418,40,38,100,96,84,358,71.6,Pass
3419,Student_3419,50,36,45,72,59,262,52.4,Pass
3420,Student_3420,82,84,46,71,42,325,65.0,Pass
3421,Student_3421,65,72,75,66,45,323,64.6,Pass
3422,Student_3422,100,41,96,70,88,395,79.0,Pass
3423,Student_3423,52,59,75,74,87,347,69.4,Pass
3424,Student_3424,75,47,39,35,60,256,51.2,Pass
3425,Student_3425,37,93,86,58,35,309,61.8,Pass
3426,Student_3426,82,70,77,83,91,403,80.6,Pass
3427,Student_3427,44,77,37,40,90,288,57.6,Pass
3428,Student_3428,90,84,89,69,46,378,75.6,Pass
3429,Student_3429,44,36,85,82,73,320,64.0,Pass
3430,Student_3430,46,46,63,71,35,261,52.2,Pass
3431,Student_3431,92,76,47,86,69,370,74.0,Pass
3432,Student_3432,95,40,36,82,59,312,62.4,Pass
3433,Student_3433,90,88,60,72,53,363,72.6,Pass
3434,Student_3434,83,86,55,84,93,401,80.2,Pass
3435,Student_3435,36,64,90,50,95,335,67.0,Pass
3436,Student_3436,97,44,81,38,82,342,68.4,Pass
3437,Student_3437,89,58,81,93,44,365,73.0,Pass
3438,Student_3438,93,83,37,65,51,329,65.8,Pass
3439,Student_3439,37,46,51,90,80,304,60.8,Pass
3440,Student_3440,93,58,83,36,73,343,68.6,Pass
3441,Student_3441,45,35,82,52,44,258,51.6,Pass
3442,Student_3442,94,81,77,100,75,427,85.4,Pass
3443,Student_3443,50,93,97,93,72,405,81.0,Pass
3444,Student_3444,46,52,97,72,84,351,70.2,Pass
3445,Student_3445,58,44,47,53,70,272,54.4,Pass
3446,Student_3446,46,86,52,90,69,343,68.6,Pass
3447,Student_3447,57,55,53,96,77,338,67.6,Pass
3448,Student_3448,100,44,92,41,68,345,69.0,Pass
3449,Student_3449,81,69,51,48,79,328,65.6,Pass
3450,Student_3450,72,82,97,40,75,366,73.2,Pass
3451,Student_3451,90,99,51,35,53,328,65.6,Pass
3452,Student_3452,51,81,98,35,37,302,60.4,Pass
3453,Student_3453,41,43,86,63,78,311,62.2,Pass
3454,Student_3454,87,70,41,93,56,347,69.4,Pass
3455,Student_3455,62,52,70,95,57,336,67.2,Pass
3456,Student_3456,99,55,76,70,35,335,67.0,Pass
3457,Student_3457,42,46,97,58,55,298,59.6,Pass
3458,Student_3458,68,92,65,46,52,323,64.6,Pass
3459,Student_3459,88,44,84,82,35,333,66.6,Pass
3460,Student_3460,96,43,42,79,42,302,60.4,Pass
3461,Student_3461,46,49,82,35,57,269,53.8,Pass
3462,Student_3462,94,48,46,75,58,321,64.2,Pass
3463,Student_3463,89,45,40,81,64,319,63.8,Pass
3464,Student_3464,91,41,52,60,40,284,56.8,Pass
3465,Student_3465,39,94,44,90,75,342,68.4,Pass
3466,Student_3466,36,35,96,67,46,280,56.0,Pass
3467,Student_3467,99,74,76,72,64,385,77.0,Pass
3468,Student_3468,53,94,87,62,87,383,76.6,Pass
3469,Student_3469,79,51,67,70,95,362,72.4,Pass
3470,Student_3470,49,87,46,100,53,335,67.0,Pass
3471,Student_3471,95,60,74,45,62,336,67.2,Pass
3472,Student_3472,44,39,68,77,40,268,53.6,Pass
3473,Student_3473,54,80,86,63,58,341,68.2,Pass
3474,Student_3474,43,94,72,62,81,352,70.4,Pass
3475,Student_3475,91,67,65,78,54,355,71.0,Pass
3476,Student_3476,88,42,86,69,90,375,75.0,Pass
3477,Student_3477,39,89,92,59,63,342,68.4,Pass
3478,Student_3478,67,73,99,59,73,371,74.2,Pass
3479,Student_3479,57,75,64,83,73,352,70.4,Pass
3480,Student_3480,86,52,41,77,77,333,66.6,Pass
3481,Student_3481,41,92,91,70,41,335,67.0,Pass
3482,Student_3482,85,81,92,77,80,415,83.0,Pass
3483,Student_3483,45,81,85,55,61,327,65.4,Pass
3484,Student_3484,58,36,39,77,76,286,57.2,Pass
3485,Student_3485,48,40,98,74,38,298,59.6,Pass
3486,Student_3486,48,64,47,45,47,251,50.2,Pass
3487,Student_3487,94,99,84,47,37,361,72.2,Pass
3488,Student_3488,53,77,72,91,84,377,75.4,Pass
3489,Student_3489,41,57,56,38,86,278,55.6,Pass
3490,Student_3490,82,64,75,69,45,335,67.0,Pass
3491,Student_3491,57,35,45,52,58,247,49.4,Pass
3492,Student_3492,91,75,80,42,36,324,64.8,Pass
3493,Student_3493,55,88,41,45,75,304,60.8,Pass
3494,Student_3494,49,78,62,58,79,326,65.2,Pass
3495,Student_3495,68,91,78,39,91,367,73.4,Pass
3496,Student_3496,71,40,98,47,91,347,69.4,Pass
3497,Student_3497,59,51,94,41,80,325,65.0,Pass
3498,Student_3498,81,38,64,43,41,267,53.4,Pass
3499,Student_3499,36,85,71,62,73,327,65.4,Pass
3500,Student_3500,36,61,50,35,70,252,50.4,Pass
3501,Student_3501,79,51,39,62,89,320,64.0,Pass
3502,Student_3502,40,99,71,43,44,297,59.4,Pass
3503,Student_3503,73,47,63,78,57,318,63.6,Pass
3504,Student_3504,80,79,66,82,78,385,77.0,Pass
3505,Student_3505,53,40,81,84,44,302,60.4,Pass
3506,Student_3506,39,42,87,97,36,301,60.2,Pass
3507,Student_3507,37,85,89,42,44,297,59.4,Pass
3508,Student_3508,84,91,96,68,40,379,75.8,Pass
3509,Student_3509,65,96,99,69,51,380,76.0,Pass
3510,Student_3510,62,59,71,74,82,348,69.6,Pass
3511,Student_3511,63,37,35,85,97,317,63.4,Pass
3512,Student_3512,93,83,55,77,76,384,76.8,Pass
3513,Student_3513,36,62,55,79,36,268,53.6,Pass
3514,Student_3514,44,98,62,83,75,362,72.4,Pass
3515,Student_3515,67,51,85,58,71,332,66.4,Pass
3516,Student_3516,48,93,67,58,42,308,61.6,Pass
3517,Student_3517,58,54,63,63,74,312,62.4,Pass
3518,Student_3518,77,47,43,36,39,242,48.4,Pass
3519,Student_3519,40,88,40,80,66,314,62.8,Pass
3520,Student_3520,35,87,100,67,66,355,71.0,Pass
3521,Student_3521,36,54,49,46,84,269,53.8,Pass
3522,Student_3522,85,91,63,52,35,326,65.2,Pass
3523,Student_3523,71,77,93,77,92,410,82.0,Pass
3524,Student_3524,76,58,46,56,89,325,65.0,Pass
3525,Student_3525,74,56,85,40,64,319,63.8,Pass
3526,Student_3526,65,88,57,36,53,299,59.8,Pass
3527,Student_3527,93,82,80,58,44,357,71.4,Pass
3528,Student_3528,67,94,94,38,51,344,68.8,Pass
3529,Student_3529,35,91,49,46,79,300,60.0,Pass
3530,Student_3530,55,63,35,58,59,270,54.0,Pass
3531,Student_3531,90,56,47,56,43,292,58.4,Pass
3532,Student_3532,80,50,97,35,81,343,68.6,Pass
3533,Student_3533,47,90,48,49,99,333,66.6,Pass
3534,Student_3534,90,62,82,77,45,356,71.2,Pass
3535,Student_3535,75,94,95,56,47,367,73.4,Pass
3536,Student_3536,83,40,41,78,65,307,61.4,Pass
3537,Student_3537,96,62,43,83,54,338,67.6,Pass
3538,Student_3538,100,96,57,100,70,423,84.6,Pass
3539,Student_3539,77,74,41,47,100,339,67.8,Pass
3540,Student_3540,52,56,96,55,35,294,58.8,Pass
3541,Student_3541,41,57,62,72,51,283,56.6,Pass
3542,Student_3542,64,52,54,42,67,279,55.8,Pass
3543,Student_3543,46,70,70,97,70,353,70.6,Pass
3544,Student_3544,62,51,49,43,88,293,58.6,Pass
3545,Student_3545,81,60,36,51,36,264,52.8,Pass
3546,Student_3546,51,39,61,41,70,262,52.4,Pass
3547,Student_3547,54,63,51,51,91,310,62.0,Pass
3548,Student_3548,98,80,51,48,66,343,68.6,Pass
3549,Student_3549,82,59,40,51,99,331,66.2,Pass
3550,Student_3550,46,88,77,41,87,339,67.8,Pass
3551,Student_3551,67,85,60,35,42,289,57.8,Pass
3552,Student_3552,79,64,91,93,93,420,84.0,Pass
3553,Student_3553,80,85,47,63,51,326,65.2,Pass
3554,Student_3554,44,37,55,46,88,270,54.0,Pass
3555,Student_3555,44,95,73,83,40,335,67.0,Pass
3556,Student_3556,55,62,50,38,68,273,54.6,Pass
3557,Student_3557,66,70,43,84,85,348,69.6,Pass
3558,Student_3558,55,54,45,60,50,264,52.8,Pass
3559,Student_3559,88,97,36,99,42,362,72.4,Pass
3560,Student_3560,81,86,82,88,85,422,84.4,Pass
3561,Student_3561,93,40,84,64,85,366,73.2,Pass
3562,Student_3562,54,45,100,85,81,365,73.0,Pass
3563,Student_3563,81,42,73,71,67,334,66.8,Pass
3564,Student_3564,73,39,91,90,85,378,75.6,Pass
3565,Student_3565,60,74,59,63,88,344,68.8,Pass
3566,Student_3566,79,36,73,83,56,327,65.4,Pass
3567,Student_3567,93,59,51,56,84,343,68.6,Pass
3568,Student_3568,52,90,50,46,72,310,62.0,Pass
3569,Student_3569,53,67,62,87,52,321,64.2,Pass
3570,Student_3570,78,76,69,54,47,324,64.8,Pass
3571,Student_3571,100,100,40,98,47,385,77.0,Pass
3572,Student_3572,87,53,65,74,45,324,64.8,Pass
3573,Student_3573,83,68,63,60,78,352,70.4,Pass
3574,Student_3574,65,52,71,93,58,339,67.8,Pass
3575,Student_3575,81,42,81,65,63,332,66.4,Pass
3576,Student_3576,66,68,60,39,65,298,59.6,Pass
3577,Student_3577,44,45,81,98,86,354,70.8,Pass
3578,Student_3578,38,82,69,82,94,365,73.0,Pass
3579,Student_3579,84,69,98,77,93,421,84.2,Pass
3580,Student_3580,86,69,77,60,81,373,74.6,Pass
3581,Student_3581,65,90,82,95,69,401,80.2,Pass
3582,Student_3582,85,84,99,83,43,394,78.8,Pass
3583,Student_3583,90,61,70,51,45,317,63.4,Pass
3584,Student_3584,57,78,71,82,37,325,65.0,Pass
3585,Student_3585,36,77,74,100,46,333,66.6,Pass
3586,Student_3586,78,58,86,53,76,351,70.2,Pass
3587,Student_3587,82,83,85,73,92,415,83.0,Pass
3588,Student_3588,58,49,65,36,93,301,60.2,Pass
3589,Student_3589,70,52,65,82,50,319,63.8,Pass
3590,Student_3590,69,58,84,50,71,332,66.4,Pass
3591,Student_3591,41,68,60,66,55,290,58.0,Pass
3592,Student_3592,88,49,73,75,74,359,71.8,Pass
3593,Student_3593,62,42,92,87,63,346,69.2,Pass
3594,Student_3594,93,63,48,37,38,279,55.8,Pass
3595,Student_3595,50,98,80,56,53,337,67.4,Pass
3596,Student_3596,50,45,82,92,46,315,63.0,Pass
3597,Student_3597,70,75,55,61,81,342,68.4,Pass
3598,Student_3598,70,57,90,99,93,409,81.8,Pass
3599,Student_3599,68,69,98,41,49,325,65.0,Pass
3600,Student_3600,98,59,55,38,87,337,67.4,Pass
3601,Student_3601,78,53,63,91,94,379,75.8,Pass
3602,Student_3602,92,51,90,86,76,395,79.0,Pass
3603,Student_3603,87,59,59,94,35,334,66.8,Pass
3604,Student_3604,49,70,42,40,80,281,56.2,Pass
3605,Student_3605,54,91,43,38,82,308,61.6,Pass
3606,Student_3606,76,40,39,38,54,247,49.4,Pass
3607,Student_3607,96,57,51,43,74,321,64.2,Pass
3608,Student_3608,58,75,94,59,50,336,67.2,Pass
3609,Student_3609,89,38,73,64,50,314,62.8,Pass
3610,Student_3610,62,85,46,98,56,347,69.4,Pass
3611,Student_3611,39,60,50,60,83,292,58.4,Pass
3612,Student_3612,79,79,54,85,57,354,70.8,Pass
3613,Student_3613,38,58,97,66,79,338,67.6,Pass
3614,Student_3614,51,82,80,62,65,340,68.0,Pass
3615,Student_3615,53,56,54,91,64,318,63.6,Pass
3616,Student_3616,59,57,35,71,81,303,60.6,Pass
3617,Student_3617,95,63,80,63,51,352,70.4,Pass
3618,Student_3618,64,89,89,46,99,387,77.4,Pass
3619,Student_3619,79,39,95,85,46,344,68.8,Pass
3620,Student_3620,41,93,40,100,58,332,66.4,Pass
3621,Student_3621,84,98,50,99,55,386,77.2,Pass
3622,Student_3622,60,83,39,47,36,265,53.0,Pass
3623,Student_3623,97,50,54,85,47,333,66.6,Pass
3624,Student_3624,80,63,58,46,98,345,69.0,Pass
3625,Student_3625,90,68,68,86,96,408,81.6,Pass
3626,Student_3626,60,76,91,68,51,346,69.2,Pass
3627,Student_3627,53,61,62,54,53,283,56.6,Pass
3628,Student_3628,55,100,37,48,72,312,62.4,Pass
3629,Student_3629,67,54,79,54,58,312,62.4,Pass
3630,Student_3630,57,80,86,42,83,348,69.6,Pass
3631,Student_3631,58,78,62,82,41,321,64.2,Pass
3632,Student_3632,84,66,96,66,43,355,71.0,Pass
3633,Student_3633,49,42,69,85,97,342,68.4,Pass
3634,Student_3634,70,48,65,35,97,315,63.0,Pass
3635,Student_3635,75,64,74,50,76,339,67.8,Pass
3636,Student_3636,54,36,44,63,84,281,56.2,Pass
3637,Student_3637,57,86,42,100,71,356,71.2,Pass
3638,Student_3638,86,64,95,81,84,410,82.0,Pass
3639,Student_3639,43,75,70,95,40,323,64.6,Pass
3640,Student_3640,81,75,67,44,57,324,64.8,Pass
3641,Student_3641,43,82,46,89,69,329,65.8,Pass
3642,Student_3642,44,44,78,77,89,332,66.4,Pass
3643,Student_3643,69,37,46,83,62,297,59.4,Pass
3644,Student_3644,76,92,98,80,58,404,80.8,Pass
3645,Student_3645,42,96,35,52,37,262,52.4,Pass
3646,Student_3646,67,56,90,55,36,304,60.8,Pass
3647,Student_3647,44,98,47,52,46,287,57.4,Pass
3648,Student_3648,54,74,44,60,66,298,59.6,Pass
3649,Student_3649,90,86,94,93,86,449,89.8,Pass
3650,Student_3650,39,95,62,44,56,296,59.2,Pass
3651,Student_3651,89,97,96,64,45,391,78.2,Pass
3652,Student_3652,58,51,91,84,38,322,64.4,Pass
3653,Student_3653,93,78,95,88,80,434,86.8,Pass
3654,Student_3654,65,61,74,60,49,309,61.8,Pass
3655,Student_3655,46,83,77,74,59,339,67.8,Pass
3656,Student_3656,38,100,77,58,64,337,67.4,Pass
3657,Student_3657,50,53,40,55,50,248,49.6,Pass
3658,Student_3658,43,80,38,79,97,337,67.4,Pass
3659,Student_3659,83,69,71,93,71,387,77.4,Pass
3660,Student_3660,96,35,41,35,52,259,51.8,Pass
3661,Student_3661,88,94,85,74,74,415,83.0,Pass
3662,Student_3662,90,98,86,73,92,439,87.8,Pass
3663,Student_3663,92,74,46,88,60,360,72.0,Pass
3664,Student_3664,84,79,89,39,67,358,71.6,Pass
3665,Student_3665,77,39,37,87,66,306,61.2,Pass
3666,Student_3666,80,75,63,95,60,373,74.6,Pass
3667,Student_3667,39,84,69,89,58,339,67.8,Pass
3668,Student_3668,94,91,45,49,80,359,71.8,Pass
3669,Student_3669,52,83,63,76,61,335,67.0,Pass
3670,Student_3670,41,82,94,36,57,310,62.0,Pass
3671,Student_3671,82,79,49,55,55,320,64.0,Pass
3672,Student_3672,94,87,61,89,73,404,80.8,Pass
3673,Student_3673,65,45,75,72,77,334,66.8,Pass
3674,Student_3674,85,79,71,87,90,412,82.4,Pass
3675,Student_3675,66,73,77,68,72,356,71.2,Pass
3676,Student_3676,63,74,67,44,74,322,64.4,Pass
3677,Student_3677,50,85,66,66,68,335,67.0,Pass
3678,Student_3678,70,92,71,63,69,365,73.0,Pass
3679,Student_3679,87,68,37,56,53,301,60.2,Pass
3680,Student_3680,63,41,77,99,88,368,73.6,Pass
3681,Student_3681,51,96,62,69,47,325,65.0,Pass
3682,Student_3682,66,55,48,36,92,297,59.4,Pass
3683,Student_3683,51,42,57,49,96,295,59.0,Pass
3684,Student_3684,40,96,76,73,79,364,72.8,Pass
3685,Student_3685,59,71,87,82,78,377,75.4,Pass
3686,Student_3686,95,51,51,39,66,302,60.4,Pass
3687,Student_3687,36,40,73,70,90,309,61.8,Pass
3688,Student_3688,73,83,43,53,63,315,63.0,Pass
3689,Student_3689,41,38,53,80,48,260,52.0,Pass
3690,Student_3690,52,49,61,94,77,333,66.6,Pass
3691,Student_3691,85,80,85,59,77,386,77.2,Pass
3692,Student_3692,78,95,35,90,45,343,68.6,Pass
3693,Student_3693,62,43,68,81,73,327,65.4,Pass
3694,Student_3694,59,68,76,85,84,372,74.4,Pass
3695,Student_3695,63,45,44,63,82,297,59.4,Pass
3696,Student_3696,41,61,72,58,59,291,58.2,Pass
3697,Student_3697,87,55,52,39,66,299,59.8,Pass
3698,Student_3698,59,74,93,72,58,356,71.2,Pass
3699,Student_3699,68,87,61,48,37,301,60.2,Pass
3700,Student_3700,73,64,92,88,99,416,83.2,Pass
3701,Student_3701,85,38,39,75,53,290,58.0,Pass
3702,Student_3702,70,83,41,54,46,294,58.8,Pass
3703,Student_3703,97,91,71,43,94,396,79.2,Pass
3704,Student_3704,68,59,39,73,61,300,60.0,Pass
3705,Student_3705,75,42,54,64,81,316,63.2,Pass
3706,Student_3706,41,55,55,70,89,310,62.0,Pass
3707,Student_3707,85,78,58,92,78,391,78.2,Pass
3708,Student_3708,55,60,60,52,54,281,56.2,Pass
3709,Student_3709,64,36,52,37,52,241,48.2,Pass
3710,Student_3710,77,86,48,62,61,334,66.8,Pass
3711,Student_3711,36,64,37,63,60,260,52.0,Pass
3712,Student_3712,67,87,94,91,43,382,76.4,Pass
3713,Student_3713,50,89,93,81,36,349,69.8,Pass
3714,Student_3714,91,89,53,96,79,408,81.6,Pass
3715,Student_3715,75,66,42,57,70,310,62.0,Pass
3716,Student_3716,82,61,42,45,57,287,57.4,Pass
3717,Student_3717,64,68,97,56,65,350,70.0,Pass
3718,Student_3718,38,62,69,51,40,260,52.0,Pass
3719,Student_3719,51,72,93,43,37,296,59.2,Pass
3720,Student_3720,46,93,55,55,51,300,60.0,Pass
3721,Student_3721,72,41,82,42,91,328,65.6,Pass
3722,Student_3722,87,68,94,48,95,392,78.4,Pass
3723,Student_3723,98,76,68,87,48,377,75.4,Pass
3724,Student_3724,58,68,41,84,81,332,66.4,Pass
3725,Student_3725,64,91,54,95,53,357,71.4,Pass
3726,Student_3726,78,99,43,58,54,332,66.4,Pass
3727,Student_3727,75,40,78,84,85,362,72.4,Pass
3728,Student_3728,71,67,99,53,66,356,71.2,Pass
3729,Student_3729,97,66,59,92,44,358,71.6,Pass
3730,Student_3730,58,47,51,45,46,247,49.4,Pass
3731,Student_3731,41,50,93,100,40,324,64.8,Pass
3732,Student_3732,65,79,88,41,44,317,63.4,Pass
3733,Student_3733,93,41,97,72,39,342,68.4,Pass
3734,Student_3734,63,54,80,48,67,312,62.4,Pass
3735,Student_3735,80,57,75,49,98,359,71.8,Pass
3736,Student_3736,48,57,57,53,98,313,62.6,Pass
3737,Student_3737,84,67,66,63,93,373,74.6,Pass
3738,Student_3738,58,55,37,81,72,303,60.6,Pass
3739,Student_3739,54,53,49,83,57,296,59.2,Pass
3740,Student_3740,83,76,68,83,59,369,73.8,Pass
3741,Student_3741,59,35,60,60,72,286,57.2,Pass
3742,Student_3742,72,73,91,37,74,347,69.4,Pass
3743,Student_3743,99,98,100,77,36,410,82.0,Pass
3744,Student_3744,69,94,37,56,36,292,58.4,Pass
3745,Student_3745,82,83,99,79,44,387,77.4,Pass
3746,Student_3746,75,59,92,98,67,391,78.2,Pass
3747,Student_3747,58,85,89,61,55,348,69.6,Pass
3748,Student_3748,75,88,64,69,58,354,70.8,Pass
3749,Student_3749,92,98,95,75,56,416,83.2,Pass
3750,Student_3750,55,80,54,37,88,314,62.8,Pass
3751,Student_3751,45,86,79,45,53,308,61.6,Pass
3752,Student_3752,52,38,82,55,54,281,56.2,Pass
3753,Student_3753,71,49,44,76,87,327,65.4,Pass
3754,Student_3754,62,40,54,75,75,306,61.2,Pass
3755,Student_3755,86,64,90,66,94,400,80.0,Pass
3756,Student_3756,54,87,57,72,58,328,65.6,Pass
3757,Student_3757,40,90,83,44,77,334,66.8,Pass
3758,Student_3758,68,100,38,78,47,331,66.2,Pass
3759,Student_3759,59,61,48,63,40,271,54.2,Pass
3760,Student_3760,40,69,63,55,43,270,54.0,Pass
3761,Student_3761,45,57,54,47,57,260,52.0,Pass
3762,Student_3762,44,82,72,100,49,347,69.4,Pass
3763,Student_3763,82,54,90,88,98,412,82.4,Pass
3764,Student_3764,86,73,36,48,49,292,58.4,Pass
3765,Student_3765,76,68,42,84,74,344,68.8,Pass
3766,Student_3766,74,52,35,40,84,285,57.0,Pass
3767,Student_3767,57,99,98,91,96,441,88.2,Pass
3768,Student_3768,66,75,76,84,86,387,77.4,Pass
3769,Student_3769,71,86,74,50,90,371,74.2,Pass
3770,Student_3770,51,62,72,58,49,292,58.4,Pass
3771,Student_3771,53,90,53,57,44,297,59.4,Pass
3772,Student_3772,59,58,37,74,43,271,54.2,Pass
3773,Student_3773,40,71,55,67,62,295,59.0,Pass
3774,Student_3774,49,71,97,100,49,366,73.2,Pass
3775,Student_3775,46,95,92,54,87,374,74.8,Pass
3776,Student_3776,70,47,55,100,60,332,66.4,Pass
3777,Student_3777,49,37,42,63,90,281,56.2,Pass
3778,Student_3778,89,87,37,56,35,304,60.8,Pass
3779,Student_3779,42,35,79,60,55,271,54.2,Pass
3780,Student_3780,78,59,85,59,47,328,65.6,Pass
3781,Student_3781,35,76,40,76,57,284,56.8,Pass
3782,Student_3782,69,66,65,35,80,315,63.0,Pass
3783,Student_3783,55,88,56,42,42,283,56.6,Pass
3784,Student_3784,92,85,90,55,93,415,83.0,Pass
3785,Student_3785,90,66,64,57,61,338,67.6,Pass
3786,Student_3786,99,84,61,62,96,402,80.4,Pass
3787,Student_3787,87,45,99,78,49,358,71.6,Pass
3788,Student_3788,86,57,85,93,48,369,73.8,Pass
3789,Student_3789,66,90,74,48,35,313,62.6,Pass
3790,Student_3790,44,59,54,99,55,311,62.2,Pass
3791,Student_3791,60,63,54,47,100,324,64.8,Pass
3792,Student_3792,63,79,58,94,43,337,67.4,Pass
3793,Student_3793,96,76,37,86,96,391,78.2,Pass
3794,Student_3794,98,84,47,40,89,358,71.6,Pass
3795,Student_3795,82,56,35,47,69,289,57.8,Pass
3796,Student_3796,66,44,51,94,91,346,69.2,Pass
3797,Student_3797,87,49,93,99,49,377,75.4,Pass
3798,Student_3798,80,88,66,73,79,386,77.2,Pass
3799,Student_3799,98,57,37,54,85,331,66.2,Pass
3800,Student_3800,83,82,86,84,56,391,78.2,Pass
3801,Student_3801,80,47,52,76,92,347,69.4,Pass
3802,Student_3802,61,74,99,55,78,367,73.4,Pass
3803,Student_3803,76,63,69,90,36,334,66.8,Pass
3804,Student_3804,91,73,52,37,91,344,68.8,Pass
3805,Student_3805,69,95,53,87,89,393,78.6,Pass
3806,Student_3806,73,43,91,85,97,389,77.8,Pass
3807,Student_3807,37,35,93,74,98,337,67.4,Pass
3808,Student_3808,67,80,71,86,70,374,74.8,Pass
3809,Student_3809,44,100,59,99,73,375,75.0,Pass
3810,Student_3810,49,87,94,66,71,367,73.4,Pass
3811,Student_3811,93,78,61,86,48,366,73.2,Pass
3812,Student_3812,83,72,38,68,72,333,66.6,Pass
3813,Student_3813,75,36,56,100,85,352,70.4,Pass
3814,Student_3814,36,76,56,50,39,257,51.4,Pass
3815,Student_3815,55,86,52,93,40,326,65.2,Pass
3816,Student_3816,85,86,72,42,37,322,64.4,Pass
3817,Student_3817,57,69,67,80,48,321,64.2,Pass
3818,Student_3818,63,35,59,40,77,274,54.8,Pass
3819,Student_3819,96,74,65,95,68,398,79.6,Pass
3820,Student_3820,48,79,88,65,36,316,63.2,Pass
3821,Student_3821,54,92,82,36,41,305,61.0,Pass
3822,Student_3822,35,62,40,79,84,300,60.0,Pass
3823,Student_3823,86,48,80,61,37,312,62.4,Pass
3824,Student_3824,80,84,72,47,68,351,70.2,Pass
3825,Student_3825,59,91,72,90,92,404,80.8,Pass
3826,Student_3826,41,99,96,37,50,323,64.6,Pass
3827,Student_3827,95,55,88,39,38,315,63.0,Pass
3828,Student_3828,49,61,89,82,50,331,66.2,Pass
3829,Student_3829,41,64,69,72,73,319,63.8,Pass
3830,Student_3830,67,51,40,85,96,339,67.8,Pass
3831,Student_3831,70,78,89,86,82,405,81.0,Pass
3832,Student_3832,56,73,39,83,53,304,60.8,Pass
3833,Student_3833,51,49,76,79,90,345,69.0,Pass
3834,Student_3834,96,52,75,89,57,369,73.8,Pass
3835,Student_3835,58,58,50,36,77,279,55.8,Pass
3836,Student_3836,65,62,72,91,38,328,65.6,Pass
3837,Student_3837,68,98,74,96,84,420,84.0,Pass
3838,Student_3838,73,71,76,82,63,365,73.0,Pass
3839,Student_3839,90,76,56,47,64,333,66.6,Pass
3840,Student_3840,63,75,35,97,45,315,63.0,Pass
3841,Student_3841,52,71,77,79,62,341,68.2,Pass
3842,Student_3842,48,56,42,35,66,247,49.4,Pass
3843,Student_3843,85,51,58,46,43,283,56.6,Pass
3844,Student_3844,95,65,53,94,98,405,81.0,Pass
3845,Student_3845,55,89,69,66,79,358,71.6,Pass
3846,Student_3846,76,76,76,56,58,342,68.4,Pass
3847,Student_3847,74,56,79,52,75,336,67.2,Pass
3848,Student_3848,47,86,49,99,76,357,71.4,Pass
3849,Student_3849,97,82,45,92,43,359,71.8,Pass
3850,Student_3850,42,78,41,41,81,283,56.6,Pass
3851,Student_3851,74,46,68,92,93,373,74.6,Pass
3852,Student_3852,74,69,95,64,81,383,76.6,Pass
3853,Student_3853,62,80,53,73,91,359,71.8,Pass
3854,Student_3854,72,49,94,50,80,345,69.0,Pass
3855,Student_3855,73,93,60,68,72,366,73.2,Pass
3856,Student_3856,61,39,77,64,97,338,67.6,Pass
3857,Student_3857,100,38,63,59,50,310,62.0,Pass
3858,Student_3858,62,88,45,43,60,298,59.6,Pass
3859,Student_3859,65,58,89,39,100,351,70.2,Pass
3860,Student_3860,95,99,57,43,80,374,74.8,Pass
3861,Student_3861,57,96,95,60,36,344,68.8,Pass
3862,Student_3862,71,90,58,75,43,337,67.4,Pass
3863,Student_3863,75,58,50,91,74,348,69.6,Pass
3864,Student_3864,87,76,62,76,63,364,72.8,Pass
3865,Student_3865,96,100,41,47,100,384,76.8,Pass
3866,Student_3866,48,80,89,96,59,372,74.4,Pass
3867,Student_3867,72,70,83,98,46,369,73.8,Pass
3868,Student_3868,96,91,83,55,85,410,82.0,Pass
3869,Student_3869,43,74,63,61,85,326,65.2,Pass
3870,Student_3870,52,67,83,90,68,360,72.0,Pass
3871,Student_3871,78,41,38,39,49,245,49.0,Pass
3872,Student_3872,41,78,96,64,37,316,63.2,Pass
3873,Student_3873,64,78,55,47,45,289,57.8,Pass
3874,Student_3874,87,72,71,56,72,358,71.6,Pass
3875,Student_3875,84,70,100,73,93,420,84.0,Pass
3876,Student_3876,82,91,56,82,97,408,81.6,Pass
3877,Student_3877,77,79,51,49,41,297,59.4,Pass
3878,Student_3878,57,53,44,91,94,339,67.8,Pass
3879,Student_3879,44,52,73,59,92,320,64.0,Pass
3880,Student_3880,45,94,36,77,73,325,65.0,Pass
3881,Student_3881,68,77,47,69,61,322,64.4,Pass
3882,Student_3882,89,98,55,85,48,375,75.0,Pass
3883,Student_3883,45,58,62,38,61,264,52.8,Pass
3884,Student_3884,99,78,90,49,45,361,72.2,Pass
3885,Student_3885,66,97,45,70,78,356,71.2,Pass
3886,Student_3886,36,37,56,48,91,268,53.6,Pass
3887,Student_3887,94,41,82,75,53,345,69.0,Pass
3888,Student_3888,89,89,61,63,82,384,76.8,Pass
3889,Student_3889,46,75,99,37,94,351,70.2,Pass
3890,Student_3890,36,75,59,51,85,306,61.2,Pass
3891,Student_3891,37,50,50,65,45,247,49.4,Pass
3892,Student_3892,36,66,51,95,74,322,64.4,Pass
3893,Student_3893,52,75,79,50,66,322,64.4,Pass
3894,Student_3894,89,40,42,76,47,294,58.8,Pass
3895,Student_3895,99,50,40,71,76,336,67.2,Pass
3896,Student_3896,42,52,73,62,94,323,64.6,Pass
3897,Student_3897,61,86,43,78,98,366,73.2,Pass
3898,Student_3898,61,83,86,52,91,373,74.6,Pass
3899,Student_3899,45,62,79,100,86,372,74.4,Pass
3900,Student_3900,66,61,80,65,42,314,62.8,Pass
3901,Student_3901,35,77,76,90,46,324,64.8,Pass
3902,Student_3902,81,72,92,66,46,357,71.4,Pass
3903,Student_3903,77,84,83,65,97,406,81.2,Pass
3904,Student_3904,58,80,79,49,47,313,62.6,Pass
3905,Student_3905,83,72,66,85,40,346,69.2,Pass
3906,Student_3906,52,100,65,95,97,409,81.8,Pass
3907,Student_3907,58,93,38,55,88,332,66.4,Pass
3908,Student_3908,83,87,35,78,66,349,69.8,Pass
3909,Student_3909,72,57,45,83,67,324,64.8,Pass
3910,Student_3910,67,43,87,44,39,280,56.0,Pass
3911,Student_3911,48,94,76,61,77,356,71.2,Pass
3912,Student_3912,73,87,68,40,82,350,70.0,Pass
3913,Student_3913,50,39,59,35,52,235,47.0,Pass
3914,Student_3914,97,62,36,68,53,316,63.2,Pass
3915,Student_3915,97,88,61,89,52,387,77.4,Pass
3916,Student_3916,100,48,68,68,69,353,70.6,Pass
3917,Student_3917,93,49,64,75,62,343,68.6,Pass
3918,Student_3918,37,87,40,88,98,350,70.0,Pass
3919,Student_3919,86,68,35,57,57,303,60.6,Pass
3920,Student_3920,99,70,100,93,69,431,86.2,Pass
3921,Student_3921,75,79,49,65,77,345,69.0,Pass
3922,Student_3922,93,52,97,50,93,385,77.0,Pass
3923,Student_3923,69,60,37,89,50,305,61.0,Pass
3924,Student_3924,48,84,69,39,60,300,60.0,Pass
3925,Student_3925,74,61,99,43,99,376,75.2,Pass
3926,Student_3926,98,61,95,91,80,425,85.0,Pass
3927,Student_3927,100,63,64,62,86,375,75.0,Pass
3928,Student_3928,71,95,92,36,67,361,72.2,Pass
3929,Student_3929,47,64,36,36,49,232,46.4,Pass
3930,Student_3930,79,59,100,88,37,363,72.6,Pass
3931,Student_3931,58,51,85,52,79,325,65.0,Pass
3932,Student_3932,68,56,40,68,43,275,55.0,Pass
3933,Student_3933,56,64,45,39,80,284,56.8,Pass
3934,Student_3934,92,94,52,35,69,342,68.4,Pass
3935,Student_3935,70,43,37,42,98,290,58.0,Pass
3936,Student_3936,69,47,62,55,69,302,60.4,Pass
3937,Student_3937,82,65,44,42,96,329,65.8,Pass
3938,Student_3938,74,47,53,53,70,297,59.4,Pass
3939,Student_3939,94,38,95,54,84,365,73.0,Pass
3940,Student_3940,67,87,61,58,57,330,66.0,Pass
3941,Student_3941,82,45,98,73,53,351,70.2,Pass
3942,Student_3942,58,72,36,68,62,296,59.2,Pass
3943,Student_3943,57,88,47,48,41,281,56.2,Pass
3944,Student_3944,39,59,74,83,90,345,69.0,Pass
3945,Student_3945,47,83,62,41,95,328,65.6,Pass
3946,Student_3946,36,54,86,92,56,324,64.8,Pass
3947,Student_3947,42,54,39,39,77,251,50.2,Pass
3948,Student_3948,65,85,88,52,43,333,66.6,Pass
3949,Student_3949,81,60,87,38,36,302,60.4,Pass
3950,Student_3950,78,94,95,75,38,380,76.0,Pass
3951,Student_3951,42,47,98,66,52,305,61.0,Pass
3952,Student_3952,77,36,38,94,62,307,61.4,Pass
3953,Student_3953,94,46,59,39,92,330,66.0,Pass
3954,Student_3954,56,55,46,48,61,266,53.2,Pass
3955,Student_3955,83,40,100,95,44,362,72.4,Pass
3956,Student_3956,84,98,53,58,50,343,68.6,Pass
3957,Student_3957,38,67,75,70,87,337,67.4,Pass
3958,Student_3958,49,98,49,56,43,295,59.0,Pass
3959,Student_3959,95,35,93,67,74,364,72.8,Pass
3960,Student_3960,66,87,41,53,63,310,62.0,Pass
3961,Student_3961,73,72,51,58,81,335,67.0,Pass
3962,Student_3962,53,46,85,36,53,273,54.6,Pass
3963,Student_3963,78,58,62,69,45,312,62.4,Pass
3964,Student_3964,53,37,69,74,92,325,65.0,Pass
3965,Student_3965,95,58,83,37,61,334,66.8,Pass
3966,Student_3966,58,88,80,75,47,348,69.6,Pass
3967,Student_3967,63,51,95,87,45,341,68.2,Pass
3968,Student_3968,94,73,38,52,69,326,65.2,Pass
3969,Student_3969,79,80,79,49,83,370,74.0,Pass
3970,Student_3970,39,51,48,48,49,235,47.0,Pass
3971,Student_3971,75,46,56,90,86,353,70.6,Pass
3972,Student_3972,71,87,67,96,89,410,82.0,Pass
3973,Student_3973,100,88,51,62,94,395,79.0,Pass
3974,Student_3974,83,42,36,99,69,329,65.8,Pass
3975,Student_3975,74,93,68,38,100,373,74.6,Pass
3976,Student_3976,64,91,46,49,39,289,57.8,Pass
3977,Student_3977,97,72,51,45,90,355,71.0,Pass
3978,Student_3978,73,40,41,86,60,300,60.0,Pass
3979,Student_3979,85,51,60,76,64,336,67.2,Pass
3980,Student_3980,70,69,100,90,69,398,79.6,Pass
3981,Student_3981,92,40,99,55,50,336,67.2,Pass
3982,Student_3982,63,87,75,70,90,385,77.0,Pass
3983,Student_3983,58,53,36,56,43,246,49.2,Pass
3984,Student_3984,56,60,97,53,36,302,60.4,Pass
3985,Student_3985,80,77,35,61,62,315,63.0,Pass
3986,Student_3986,35,42,37,37,83,234,46.8,Pass
3987,Student_3987,66,72,86,93,65,382,76.4,Pass
3988,Student_3988,49,35,35,46,50,215,43.0,Pass
3989,Student_3989,67,50,86,35,37,275,55.0,Pass
3990,Student_3990,46,84,54,65,52,301,60.2,Pass
3991,Student_3991,98,60,93,93,40,384,76.8,Pass
3992,Student_3992,84,36,78,73,45,316,63.2,Pass
3993,Student_3993,89,96,68,84,66,403,80.6,Pass
3994,Student_3994,40,41,37,100,70,288,57.6,Pass
3995,Student_3995,63,66,90,50,47,316,63.2,Pass
3996,Student_3996,66,92,45,47,45,295,59.0,Pass
3997,Student_3997,75,46,82,68,77,348,69.6,Pass
3998,Student_3998,99,53,74,54,37,317,63.4,Pass
3999,Student_3999,59,68,36,43,81,287,57.4,Pass
4000,Student_4000,61,76,65,70,87,359,71.8,Pass
4001,Student_4001,87,38,92,76,83,376,75.2,Pass
4002,Student_4002,67,71,69,86,90,383,76.6,Pass
4003,Student_4003,91,53,41,47,42,274,54.8,Pass
4004,Student_4004,52,69,37,52,46,256,51.2,Pass
4005,Student_4005,99,54,52,63,100,368,73.6,Pass
4006,Student_4006,92,71,35,54,85,337,67.4,Pass
4007,Student_4007,53,39,79,99,43,313,62.6,Pass
4008,Student_4008,98,68,76,52,94,388,77.6,Pass
4009,Student_4009,64,80,59,87,74,364,72.8,Pass
4010,Student_4010,55,63,79,93,37,327,65.4,Pass
4011,Student_4011,36,72,46,55,47,256,51.2,Pass
4012,Student_4012,52,77,48,49,88,314,62.8,Pass
4013,Student_4013,43,57,76,79,37,292,58.4,Pass
4014,Student_4014,71,85,49,39,42,286,57.2,Pass
4015,Student_4015,94,57,63,42,68,324,64.8,Pass
4016,Student_4016,89,87,38,41,45,300,60.0,Pass
4017,Student_4017,51,66,53,93,46,309,61.8,Pass
4018,Student_4018,38,46,57,60,51,252,50.4,Pass
4019,Student_4019,89,43,79,46,51,308,61.6,Pass
4020,Student_4020,38,68,82,36,98,322,64.4,Pass
4021,Student_4021,89,90,76,63,68,386,77.2,Pass
4022,Student_4022,74,83,40,74,57,328,65.6,Pass
4023,Student_4023,53,91,88,63,73,368,73.6,Pass
4024,Student_4024,84,38,48,46,77,293,58.6,Pass
4025,Student_4025,65,35,81,98,61,340,68.0,Pass
4026,Student_4026,74,97,54,68,65,358,71.6,Pass
4027,Student_4027,79,88,45,97,87,396,79.2,Pass
4028,Student_4028,56,55,75,47,51,284,56.8,Pass
4029,Student_4029,93,58,85,92,35,363,72.6,Pass
4030,Student_4030,100,85,88,84,79,436,87.2,Pass
4031,Student_4031,86,54,51,70,44,305,61.0,Pass
4032,Student_4032,91,87,91,100,69,438,87.6,Pass
4033,Student_4033,72,95,94,45,55,361,72.2,Pass
4034,Student_4034,42,61,81,36,39,259,51.8,Pass
4035,Student_4035,87,48,100,73,99,407,81.4,Pass
4036,Student_4036,96,73,53,51,65,338,67.6,Pass
4037,Student_4037,75,69,61,74,41,320,64.0,Pass
4038,Student_4038,74,88,83,54,49,348,69.6,Pass
4039,Student_4039,54,46,78,90,67,335,67.0,Pass
4040,Student_4040,80,55,80,67,57,339,67.8,Pass
4041,Student_4041,37,86,70,71,46,310,62.0,Pass
4042,Student_4042,50,47,98,60,45,300,60.0,Pass
4043,Student_4043,53,94,66,35,89,337,67.4,Pass
4044,Student_4044,64,74,63,78,71,350,70.0,Pass
4045,Student_4045,99,99,57,43,70,368,73.6,Pass
4046,Student_4046,88,37,86,86,68,365,73.0,Pass
4047,Student_4047,37,79,47,47,40,250,50.0,Pass
4048,Student_4048,58,46,55,82,74,315,63.0,Pass
4049,Student_4049,60,70,45,58,66,299,59.8,Pass
4050,Student_4050,38,50,86,41,74,289,57.8,Pass
4051,Student_4051,89,35,65,98,53,340,68.0,Pass
4052,Student_4052,47,99,84,41,42,313,62.6,Pass
4053,Student_4053,60,55,42,60,48,265,53.0,Pass
4054,Student_4054,92,41,45,46,70,294,58.8,Pass
4055,Student_4055,39,36,61,73,95,304,60.8,Pass
4056,Student_4056,49,65,48,98,47,307,61.4,Pass
4057,Student_4057,94,88,40,48,84,354,70.8,Pass
4058,Student_4058,54,80,41,99,68,342,68.4,Pass
4059,Student_4059,47,71,94,77,81,370,74.0,Pass
4060,Student_4060,36,50,44,61,91,282,56.4,Pass
4061,Student_4061,78,63,78,56,50,325,65.0,Pass
4062,Student_4062,37,95,56,91,35,314,62.8,Pass
4063,Student_4063,95,52,94,42,64,347,69.4,Pass
4064,Student_4064,94,49,88,48,89,368,73.6,Pass
4065,Student_4065,38,100,49,95,54,336,67.2,Pass
4066,Student_4066,51,60,84,67,96,358,71.6,Pass
4067,Student_4067,97,50,60,97,78,382,76.4,Pass
4068,Student_4068,64,40,92,88,48,332,66.4,Pass
4069,Student_4069,35,58,71,36,81,281,56.2,Pass
4070,Student_4070,80,94,99,39,36,348,69.6,Pass
4071,Student_4071,56,67,72,59,52,306,61.2,Pass
4072,Student_4072,62,85,58,55,50,310,62.0,Pass
4073,Student_4073,85,39,84,83,80,371,74.2,Pass
4074,Student_4074,93,68,85,95,37,378,75.6,Pass
4075,Student_4075,84,91,80,43,90,388,77.6,Pass
4076,Student_4076,50,66,81,53,46,296,59.2,Pass
4077,Student_4077,76,42,49,87,73,327,65.4,Pass
4078,Student_4078,53,84,44,35,96,312,62.4,Pass
4079,Student_4079,36,62,60,81,40,279,55.8,Pass
4080,Student_4080,68,55,71,62,49,305,61.0,Pass
4081,Student_4081,63,52,71,72,99,357,71.4,Pass
4082,Student_4082,43,63,38,36,73,253,50.6,Pass
4083,Student_4083,48,89,44,36,75,292,58.4,Pass
4084,Student_4084,64,40,53,47,82,286,57.2,Pass
4085,Student_4085,44,83,95,81,84,387,77.4,Pass
4086,Student_4086,72,86,66,64,77,365,73.0,Pass
4087,Student_4087,64,74,46,46,35,265,53.0,Pass
4088,Student_4088,76,37,50,70,98,331,66.2,Pass
4089,Student_4089,88,68,54,97,99,406,81.2,Pass
4090,Student_4090,89,50,75,95,66,375,75.0,Pass
4091,Student_4091,78,76,49,52,44,299,59.8,Pass
4092,Student_4092,92,98,77,47,52,366,73.2,Pass
4093,Student_4093,64,82,98,99,47,390,78.0,Pass
4094,Student_4094,78,81,68,54,83,364,72.8,Pass
4095,Student_4095,40,94,55,64,84,337,67.4,Pass
4096,Student_4096,37,54,72,72,90,325,65.0,Pass
4097,Student_4097,82,70,89,94,94,429,85.8,Pass
4098,Student_4098,53,39,80,43,91,306,61.2,Pass
4099,Student_4099,48,38,93,61,42,282,56.4,Pass
4100,Student_4100,99,94,50,81,84,408,81.6,Pass
4101,Student_4101,68,96,64,96,42,366,73.2,Pass
4102,Student_4102,62,47,97,75,74,355,71.0,Pass
4103,Student_4103,64,37,58,91,72,322,64.4,Pass
4104,Student_4104,44,73,99,76,93,385,77.0,Pass
4105,Student_4105,58,84,41,55,57,295,59.0,Pass
4106,Student_4106,77,68,85,86,53,369,73.8,Pass
4107,Student_4107,92,58,73,40,92,355,71.0,Pass
4108,Student_4108,88,89,67,52,36,332,66.4,Pass
4109,Student_4109,92,83,61,53,96,385,77.0,Pass
4110,Student_4110,43,61,78,61,86,329,65.8,Pass
4111,Student_4111,95,88,52,80,51,366,73.2,Pass
4112,Student_4112,62,90,99,95,41,387,77.4,Pass
4113,Student_4113,87,38,68,85,64,342,68.4,Pass
4114,Student_4114,57,42,77,82,65,323,64.6,Pass
4115,Student_4115,68,35,79,38,53,273,54.6,Pass
4116,Student_4116,95,60,88,45,76,364,72.8,Pass
4117,Student_4117,92,89,67,36,75,359,71.8,Pass
4118,Student_4118,59,76,87,92,42,356,71.2,Pass
4119,Student_4119,95,99,94,98,78,464,92.8,Pass
4120,Student_4120,79,67,55,90,44,335,67.0,Pass
4121,Student_4121,38,65,68,53,58,282,56.4,Pass
4122,Student_4122,96,61,86,51,93,387,77.4,Pass
4123,Student_4123,61,58,42,57,57,275,55.0,Pass
4124,Student_4124,53,96,48,48,44,289,57.8,Pass
4125,Student_4125,94,82,97,89,50,412,82.4,Pass
4126,Student_4126,97,48,89,56,42,332,66.4,Pass
4127,Student_4127,72,55,82,49,71,329,65.8,Pass
4128,Student_4128,69,86,64,39,82,340,68.0,Pass
4129,Student_4129,57,48,89,36,61,291,58.2,Pass
4130,Student_4130,57,58,38,58,87,298,59.6,Pass
4131,Student_4131,36,47,69,58,85,295,59.0,Pass
4132,Student_4132,69,98,44,42,89,342,68.4,Pass
4133,Student_4133,38,44,92,94,37,305,61.0,Pass
4134,Student_4134,62,45,86,59,92,344,68.8,Pass
4135,Student_4135,40,78,36,39,72,265,53.0,Pass
4136,Student_4136,60,61,58,87,93,359,71.8,Pass
4137,Student_4137,58,67,70,83,63,341,68.2,Pass
4138,Student_4138,49,91,55,70,91,356,71.2,Pass
4139,Student_4139,90,65,35,63,39,292,58.4,Pass
4140,Student_4140,85,76,68,42,55,326,65.2,Pass
4141,Student_4141,79,76,48,63,63,329,65.8,Pass
4142,Student_4142,51,94,55,98,58,356,71.2,Pass
4143,Student_4143,46,55,50,84,63,298,59.6,Pass
4144,Student_4144,79,41,73,89,42,324,64.8,Pass
4145,Student_4145,51,90,88,92,85,406,81.2,Pass
4146,Student_4146,77,56,93,56,73,355,71.0,Pass
4147,Student_4147,80,61,97,68,82,388,77.6,Pass
4148,Student_4148,37,92,35,99,90,353,70.6,Pass
4149,Student_4149,73,35,88,98,81,375,75.0,Pass
4150,Student_4150,87,37,56,40,36,256,51.2,Pass
4151,Student_4151,48,56,40,56,58,258,51.6,Pass
4152,Student_4152,44,82,73,65,39,303,60.6,Pass
4153,Student_4153,70,68,39,63,57,297,59.4,Pass
4154,Student_4154,55,79,59,66,61,320,64.0,Pass
4155,Student_4155,57,35,56,66,80,294,58.8,Pass
4156,Student_4156,43,40,54,82,77,296,59.2,Pass
4157,Student_4157,79,42,49,63,78,311,62.2,Pass
4158,Student_4158,71,77,39,63,86,336,67.2,Pass
4159,Student_4159,99,71,61,59,66,356,71.2,Pass
4160,Student_4160,59,55,72,66,85,337,67.4,Pass
4161,Student_4161,55,89,51,35,38,268,53.6,Pass
4162,Student_4162,79,64,50,51,69,313,62.6,Pass
4163,Student_4163,69,46,55,42,91,303,60.6,Pass
4164,Student_4164,77,85,75,52,42,331,66.2,Pass
4165,Student_4165,50,53,66,98,86,353,70.6,Pass
4166,Student_4166,60,44,96,93,74,367,73.4,Pass
4167,Student_4167,82,70,55,43,36,286,57.2,Pass
4168,Student_4168,84,58,69,46,61,318,63.6,Pass
4169,Student_4169,92,78,47,51,58,326,65.2,Pass
4170,Student_4170,85,92,44,64,47,332,66.4,Pass
4171,Student_4171,96,82,64,86,51,379,75.8,Pass
4172,Student_4172,89,70,95,75,54,383,76.6,Pass
4173,Student_4173,100,86,67,84,48,385,77.0,Pass
4174,Student_4174,53,38,89,50,92,322,64.4,Pass
4175,Student_4175,64,38,35,55,69,261,52.2,Pass
4176,Student_4176,75,52,69,42,59,297,59.4,Pass
4177,Student_4177,56,48,43,80,64,291,58.2,Pass
4178,Student_4178,77,80,36,75,47,315,63.0,Pass
4179,Student_4179,69,61,52,47,48,277,55.4,Pass
4180,Student_4180,73,65,41,91,97,367,73.4,Pass
4181,Student_4181,94,52,68,94,51,359,71.8,Pass
4182,Student_4182,82,67,51,54,46,300,60.0,Pass
4183,Student_4183,99,65,67,76,49,356,71.2,Pass
4184,Student_4184,58,35,73,96,98,360,72.0,Pass
4185,Student_4185,40,90,98,83,60,371,74.2,Pass
4186,Student_4186,61,65,56,90,80,352,70.4,Pass
4187,Student_4187,47,80,42,56,78,303,60.6,Pass
4188,Student_4188,94,72,90,70,42,368,73.6,Pass
4189,Student_4189,77,99,80,59,56,371,74.2,Pass
4190,Student_4190,76,90,96,52,86,400,80.0,Pass
4191,Student_4191,57,37,100,69,85,348,69.6,Pass
4192,Student_4192,96,51,56,81,74,358,71.6,Pass
4193,Student_4193,62,75,82,45,85,349,69.8,Pass
4194,Student_4194,56,55,57,58,79,305,61.0,Pass
4195,Student_4195,36,48,58,80,86,308,61.6,Pass
4196,Student_4196,56,73,92,57,87,365,73.0,Pass
4197,Student_4197,59,67,58,36,46,266,53.2,Pass
4198,Student_4198,56,55,66,70,46,293,58.6,Pass
4199,Student_4199,71,57,36,36,88,288,57.6,Pass
4200,Student_4200,85,56,91,40,52,324,64.8,Pass
4201,Student_4201,87,86,35,68,78,354,70.8,Pass
4202,Student_4202,41,81,90,59,58,329,65.8,Pass
4203,Student_4203,43,96,71,40,37,287,57.4,Pass
4204,Student_4204,64,44,41,45,63,257,51.4,Pass
4205,Student_4205,66,82,60,57,52,317,63.4,Pass
4206,Student_4206,55,73,94,46,46,314,62.8,Pass
4207,Student_4207,63,83,35,40,88,309,61.8,Pass
4208,Student_4208,37,53,94,97,39,320,64.0,Pass
4209,Student_4209,76,86,70,86,49,367,73.4,Pass
4210,Student_4210,88,42,95,90,51,366,73.2,Pass
4211,Student_4211,85,71,62,80,36,334,66.8,Pass
4212,Student_4212,36,76,64,94,57,327,65.4,Pass
4213,Student_4213,60,69,89,46,91,355,71.0,Pass
4214,Student_4214,89,53,63,49,61,315,63.0,Pass
4215,Student_4215,60,87,49,36,68,300,60.0,Pass
4216,Student_4216,71,46,90,73,52,332,66.4,Pass
4217,Student_4217,60,47,84,79,70,340,68.0,Pass
4218,Student_4218,71,49,60,93,57,330,66.0,Pass
4219,Student_4219,94,95,84,81,96,450,90.0,Pass
4220,Student_4220,88,39,89,61,67,344,68.8,Pass
4221,Student_4221,72,58,40,70,89,329,65.8,Pass
4222,Student_4222,43,95,76,78,47,339,67.8,Pass
4223,Student_4223,100,91,37,46,98,372,74.4,Pass
4224,Student_4224,59,57,73,58,40,287,57.4,Pass
4225,Student_4225,56,71,63,91,74,355,71.0,Pass
4226,Student_4226,69,69,44,98,56,336,67.2,Pass
4227,Student_4227,63,69,79,89,77,377,75.4,Pass
4228,Student_4228,60,99,84,67,92,402,80.4,Pass
4229,Student_4229,36,56,80,72,82,326,65.2,Pass
4230,Student_4230,63,83,52,88,40,326,65.2,Pass
4231,Student_4231,70,94,57,60,90,371,74.2,Pass
4232,Student_4232,69,43,36,35,78,261,52.2,Pass
4233,Student_4233,64,99,78,75,96,412,82.4,Pass
4234,Student_4234,69,57,46,85,70,327,65.4,Pass
4235,Student_4235,65,76,37,39,63,280,56.0,Pass
4236,Student_4236,96,44,68,89,41,338,67.6,Pass
4237,Student_4237,74,97,87,47,72,377,75.4,Pass
4238,Student_4238,63,93,99,68,70,393,78.6,Pass
4239,Student_4239,62,93,41,85,83,364,72.8,Pass
4240,Student_4240,45,92,79,88,67,371,74.2,Pass
4241,Student_4241,88,94,51,84,64,381,76.2,Pass
4242,Student_4242,86,43,82,73,46,330,66.0,Pass
4243,Student_4243,82,39,42,54,92,309,61.8,Pass
4244,Student_4244,95,56,49,36,74,310,62.0,Pass
4245,Student_4245,77,40,93,84,37,331,66.2,Pass
4246,Student_4246,72,65,81,87,89,394,78.8,Pass
4247,Student_4247,39,78,39,64,66,286,57.2,Pass
4248,Student_4248,91,69,89,100,66,415,83.0,Pass
4249,Student_4249,62,38,85,96,91,372,74.4,Pass
4250,Student_4250,62,37,86,95,50,330,66.0,Pass
4251,Student_4251,52,58,58,88,87,343,68.6,Pass
4252,Student_4252,95,70,45,37,100,347,69.4,Pass
4253,Student_4253,92,100,99,90,77,458,91.6,Pass
4254,Student_4254,62,99,77,40,84,362,72.4,Pass
4255,Student_4255,95,61,88,61,73,378,75.6,Pass
4256,Student_4256,56,100,99,96,86,437,87.4,Pass
4257,Student_4257,38,75,76,37,73,299,59.8,Pass
4258,Student_4258,52,52,50,93,42,289,57.8,Pass
4259,Student_4259,68,89,44,86,91,378,75.6,Pass
4260,Student_4260,38,87,85,61,58,329,65.8,Pass
4261,Student_4261,42,43,86,55,36,262,52.4,Pass
4262,Student_4262,95,59,57,100,45,356,71.2,Pass
4263,Student_4263,55,97,50,54,88,344,68.8,Pass
4264,Student_4264,76,61,64,94,46,341,68.2,Pass
4265,Student_4265,93,35,89,74,68,359,71.8,Pass
4266,Student_4266,56,86,72,55,38,307,61.4,Pass
4267,Student_4267,61,65,46,65,76,313,62.6,Pass
4268,Student_4268,73,37,49,71,80,310,62.0,Pass
4269,Student_4269,88,92,38,83,57,358,71.6,Pass
4270,Student_4270,43,78,91,59,35,306,61.2,Pass
4271,Student_4271,82,68,55,69,64,338,67.6,Pass
4272,Student_4272,100,70,66,41,53,330,66.0,Pass
4273,Student_4273,44,94,49,88,95,370,74.0,Pass
4274,Student_4274,99,35,84,83,69,370,74.0,Pass
4275,Student_4275,63,49,78,41,48,279,55.8,Pass
4276,Student_4276,83,67,53,100,46,349,69.8,Pass
4277,Student_4277,77,35,60,92,40,304,60.8,Pass
4278,Student_4278,49,95,41,54,87,326,65.2,Pass
4279,Student_4279,73,40,92,41,61,307,61.4,Pass
4280,Student_4280,38,100,39,43,93,313,62.6,Pass
4281,Student_4281,55,86,54,56,88,339,67.8,Pass
4282,Student_4282,57,72,73,76,38,316,63.2,Pass
4283,Student_4283,37,93,53,99,78,360,72.0,Pass
4284,Student_4284,58,94,70,46,44,312,62.4,Pass
4285,Student_4285,88,35,89,49,84,345,69.0,Pass
4286,Student_4286,49,56,95,86,85,371,74.2,Pass
4287,Student_4287,51,36,39,52,37,215,43.0,Pass
4288,Student_4288,65,50,93,42,57,307,61.4,Pass
4289,Student_4289,88,59,68,70,69,354,70.8,Pass
4290,Student_4290,62,76,83,58,67,346,69.2,Pass
4291,Student_4291,77,97,35,45,57,311,62.2,Pass
4292,Student_4292,36,72,53,73,55,289,57.8,Pass
4293,Student_4293,82,62,87,37,46,314,62.8,Pass
4294,Student_4294,54,63,93,81,66,357,71.4,Pass
4295,Student_4295,36,58,69,92,86,341,68.2,Pass
4296,Student_4296,42,66,83,92,35,318,63.6,Pass
4297,Student_4297,51,72,66,83,75,347,69.4,Pass
4298,Student_4298,52,74,40,80,80,326,65.2,Pass
4299,Student_4299,63,89,67,99,45,363,72.6,Pass
4300,Student_4300,91,82,70,37,66,346,69.2,Pass
4301,Student_4301,86,69,100,53,50,358,71.6,Pass
4302,Student_4302,80,92,98,66,82,418,83.6,Pass
4303,Student_4303,70,86,87,54,60,357,71.4,Pass
4304,Student_4304,51,64,89,39,83,326,65.2,Pass
4305,Student_4305,86,94,87,71,44,382,76.4,Pass
4306,Student_4306,51,82,74,97,57,361,72.2,Pass
4307,Student_4307,52,41,67,58,84,302,60.4,Pass
4308,Student_4308,58,56,87,51,36,288,57.6,Pass
4309,Student_4309,84,88,85,44,93,394,78.8,Pass
4310,Student_4310,87,57,59,79,83,365,73.0,Pass
4311,Student_4311,54,66,62,76,96,354,70.8,Pass
4312,Student_4312,86,100,94,98,92,470,94.0,Pass
4313,Student_4313,58,82,90,36,73,339,67.8,Pass
4314,Student_4314,50,66,67,57,41,281,56.2,Pass
4315,Student_4315,67,66,47,76,60,316,63.2,Pass
4316,Student_4316,59,45,54,51,86,295,59.0,Pass
4317,Student_4317,36,38,35,43,72,224,44.8,Pass
4318,Student_4318,73,41,94,86,53,347,69.4,Pass
4319,Student_4319,43,74,64,39,71,291,58.2,Pass
4320,Student_4320,44,62,73,50,37,266,53.2,Pass
4321,Student_4321,61,98,76,54,95,384,76.8,Pass
4322,Student_4322,51,39,90,76,84,340,68.0,Pass
4323,Student_4323,73,55,52,72,36,288,57.6,Pass
4324,Student_4324,77,54,42,58,64,295,59.0,Pass
4325,Student_4325,78,64,38,97,89,366,73.2,Pass
4326,Student_4326,89,48,68,86,51,342,68.4,Pass
4327,Student_4327,39,82,86,51,35,293,58.6,Pass
4328,Student_4328,45,95,81,66,35,322,64.4,Pass
4329,Student_4329,92,87,87,47,90,403,80.6,Pass
4330,Student_4330,77,96,54,72,35,334,66.8,Pass
4331,Student_4331,74,66,74,97,67,378,75.6,Pass
4332,Student_4332,50,55,75,63,44,287,57.4,Pass
4333,Student_4333,59,96,75,86,47,363,72.6,Pass
4334,Student_4334,36,41,98,97,98,370,74.0,Pass
4335,Student_4335,60,56,44,98,79,337,67.4,Pass
4336,Student_4336,42,63,88,46,57,296,59.2,Pass
4337,Student_4337,40,53,77,44,60,274,54.8,Pass
4338,Student_4338,96,59,61,93,40,349,69.8,Pass
4339,Student_4339,59,73,58,72,74,336,67.2,Pass
4340,Student_4340,70,92,71,35,69,337,67.4,Pass
4341,Student_4341,98,90,38,91,88,405,81.0,Pass
4342,Student_4342,51,63,75,43,35,267,53.4,Pass
4343,Student_4343,95,87,76,44,44,346,69.2,Pass
4344,Student_4344,95,39,80,46,96,356,71.2,Pass
4345,Student_4345,65,56,79,45,69,314,62.8,Pass
4346,Student_4346,80,84,59,67,39,329,65.8,Pass
4347,Student_4347,44,80,100,35,79,338,67.6,Pass
4348,Student_4348,79,45,47,76,92,339,67.8,Pass
4349,Student_4349,68,69,85,81,66,369,73.8,Pass
4350,Student_4350,49,85,41,97,95,367,73.4,Pass
4351,Student_4351,35,41,71,36,66,249,49.8,Pass
4352,Student_4352,36,74,75,74,50,309,61.8,Pass
4353,Student_4353,70,37,66,54,57,284,56.8,Pass
4354,Student_4354,45,38,61,83,85,312,62.4,Pass
4355,Student_4355,55,40,65,100,82,342,68.4,Pass
4356,Student_4356,86,70,37,91,36,320,64.0,Pass
4357,Student_4357,54,85,76,55,78,348,69.6,Pass
4358,Student_4358,46,83,71,90,61,351,70.2,Pass
4359,Student_4359,61,65,78,88,51,343,68.6,Pass
4360,Student_4360,60,42,59,94,73,328,65.6,Pass
4361,Student_4361,68,37,99,99,41,344,68.8,Pass
4362,Student_4362,90,97,40,99,96,422,84.4,Pass
4363,Student_4363,40,56,40,50,46,232,46.4,Pass
4364,Student_4364,71,63,45,46,60,285,57.0,Pass
4365,Student_4365,53,84,83,47,47,314,62.8,Pass
4366,Student_4366,77,70,78,41,78,344,68.8,Pass
4367,Student_4367,55,86,65,58,50,314,62.8,Pass
4368,Student_4368,49,86,39,72,93,339,67.8,Pass
4369,Student_4369,55,53,37,75,63,283,56.6,Pass
4370,Student_4370,95,35,95,96,69,390,78.0,Pass
4371,Student_4371,81,70,72,96,42,361,72.2,Pass
4372,Student_4372,52,60,45,91,43,291,58.2,Pass
4373,Student_4373,72,84,44,78,66,344,68.8,Pass
4374,Student_4374,69,88,97,84,87,425,85.0,Pass
4375,Student_4375,51,87,58,66,76,338,67.6,Pass
4376,Student_4376,83,35,81,64,36,299,59.8,Pass
4377,Student_4377,52,84,44,73,37,290,58.0,Pass
4378,Student_4378,51,82,97,92,35,357,71.4,Pass
4379,Student_4379,62,84,86,41,77,350,70.0,Pass
4380,Student_4380,41,85,65,40,85,316,63.2,Pass
4381,Student_4381,85,65,90,36,82,358,71.6,Pass
4382,Student_4382,40,51,46,89,69,295,59.0,Pass
4383,Student_4383,36,50,36,62,40,224,44.8,Pass
4384,Student_4384,50,56,42,65,38,251,50.2,Pass
4385,Student_4385,53,81,52,37,68,291,58.2,Pass
4386,Student_4386,78,55,60,93,82,368,73.6,Pass
4387,Student_4387,94,81,64,49,58,346,69.2,Pass
4388,Student_4388,85,40,41,90,40,296,59.2,Pass
4389,Student_4389,52,94,79,98,72,395,79.0,Pass
4390,Student_4390,76,67,69,52,40,304,60.8,Pass
4391,Student_4391,75,71,71,71,77,365,73.0,Pass
4392,Student_4392,63,100,46,50,37,296,59.2,Pass
4393,Student_4393,50,84,79,79,62,354,70.8,Pass
4394,Student_4394,71,71,77,85,86,390,78.0,Pass
4395,Student_4395,55,56,82,54,50,297,59.4,Pass
4396,Student_4396,98,98,41,75,87,399,79.8,Pass
4397,Student_4397,83,36,65,87,48,319,63.8,Pass
4398,Student_4398,88,52,74,89,38,341,68.2,Pass
4399,Student_4399,92,36,72,92,54,346,69.2,Pass
4400,Student_4400,88,86,37,51,60,322,64.4,Pass
4401,Student_4401,80,43,81,99,81,384,76.8,Pass
4402,Student_4402,38,44,82,60,35,259,51.8,Pass
4403,Student_4403,43,91,64,46,89,333,66.6,Pass
4404,Student_4404,98,47,75,89,41,350,70.0,Pass
4405,Student_4405,79,91,42,82,51,345,69.0,Pass
4406,Student_4406,57,67,73,44,61,302,60.4,Pass
4407,Student_4407,66,76,74,91,68,375,75.0,Pass
4408,Student_4408,42,83,68,81,62,336,67.2,Pass
4409,Student_4409,47,75,94,41,75,332,66.4,Pass
4410,Student_4410,93,50,45,85,90,363,72.6,Pass
4411,Student_4411,73,86,62,89,77,387,77.4,Pass
4412,Student_4412,84,50,65,59,76,334,66.8,Pass
4413,Student_4413,98,68,93,85,35,379,75.8,Pass
4414,Student_4414,82,94,41,58,66,341,68.2,Pass
4415,Student_4415,96,95,46,68,66,371,74.2,Pass
4416,Student_4416,35,47,58,55,38,233,46.6,Pass
4417,Student_4417,81,90,97,65,62,395,79.0,Pass
4418,Student_4418,59,53,96,62,52,322,64.4,Pass
4419,Student_4419,61,86,72,68,40,327,65.4,Pass
4420,Student_4420,58,52,76,65,55,306,61.2,Pass
4421,Student_4421,85,93,83,58,68,387,77.4,Pass
4422,Student_4422,56,91,95,65,55,362,72.4,Pass
4423,Student_4423,63,78,53,40,52,286,57.2,Pass
4424,Student_4424,65,58,37,47,67,274,54.8,Pass
4425,Student_4425,35,43,89,59,64,290,58.0,Pass
4426,Student_4426,57,70,72,52,62,313,62.6,Pass
4427,Student_4427,73,98,44,54,36,305,61.0,Pass
4428,Student_4428,96,77,76,45,77,371,74.2,Pass
4429,Student_4429,69,78,51,84,42,324,64.8,Pass
4430,Student_4430,91,76,90,43,60,360,72.0,Pass
4431,Student_4431,63,50,38,35,85,271,54.2,Pass
4432,Student_4432,71,66,62,54,58,311,62.2,Pass
4433,Student_4433,90,54,51,98,92,385,77.0,Pass
4434,Student_4434,94,94,62,61,44,355,71.0,Pass
4435,Student_4435,88,99,39,85,86,397,79.4,Pass
4436,Student_4436,73,96,38,91,35,333,66.6,Pass
4437,Student_4437,61,81,41,65,83,331,66.2,Pass
4438,Student_4438,39,77,75,56,99,346,69.2,Pass
4439,Student_4439,73,52,71,45,39,280,56.0,Pass
4440,Student_4440,95,73,41,51,98,358,71.6,Pass
4441,Student_4441,69,37,90,95,81,372,74.4,Pass
4442,Student_4442,99,56,89,93,88,425,85.0,Pass
4443,Student_4443,52,82,35,90,55,314,62.8,Pass
4444,Student_4444,36,40,66,86,59,287,57.4,Pass
4445,Student_4445,100,80,86,68,87,421,84.2,Pass
4446,Student_4446,44,71,92,69,75,351,70.2,Pass
4447,Student_4447,97,61,48,62,97,365,73.0,Pass
4448,Student_4448,70,44,67,99,89,369,73.8,Pass
4449,Student_4449,39,75,75,36,71,296,59.2,Pass
4450,Student_4450,61,53,88,90,72,364,72.8,Pass
4451,Student_4451,62,51,51,63,67,294,58.8,Pass
4452,Student_4452,83,47,51,47,55,283,56.6,Pass
4453,Student_4453,44,48,77,71,78,318,63.6,Pass
4454,Student_4454,64,67,37,35,44,247,49.4,Pass
4455,Student_4455,58,92,90,55,52,347,69.4,Pass
4456,Student_4456,59,73,98,73,57,360,72.0,Pass
4457,Student_4457,55,78,85,94,99,411,82.2,Pass
4458,Student_4458,97,43,100,99,53,392,78.4,Pass
4459,Student_4459,51,61,92,96,42,342,68.4,Pass
4460,Student_4460,77,72,43,84,41,317,63.4,Pass
4461,Student_4461,84,44,60,67,82,337,67.4,Pass
4462,Student_4462,86,74,94,69,85,408,81.6,Pass
4463,Student_4463,38,76,100,89,91,394,78.8,Pass
4464,Student_4464,69,84,59,65,35,312,62.4,Pass
4465,Student_4465,91,54,60,85,50,340,68.0,Pass
4466,Student_4466,41,42,53,88,45,269,53.8,Pass
4467,Student_4467,84,86,51,35,47,303,60.6,Pass
4468,Student_4468,88,76,80,75,92,411,82.2,Pass
4469,Student_4469,99,87,70,77,98,431,86.2,Pass
4470,Student_4470,86,76,76,80,98,416,83.2,Pass
4471,Student_4471,80,47,57,67,95,346,69.2,Pass
4472,Student_4472,90,70,35,35,41,271,54.2,Pass
4473,Student_4473,84,92,78,88,51,393,78.6,Pass
4474,Student_4474,72,42,80,44,88,326,65.2,Pass
4475,Student_4475,83,80,67,76,48,354,70.8,Pass
4476,Student_4476,54,57,67,73,68,319,63.8,Pass
4477,Student_4477,43,100,95,72,35,345,69.0,Pass
4478,Student_4478,53,60,60,87,89,349,69.8,Pass
4479,Student_4479,37,100,64,75,95,371,74.2,Pass
4480,Student_4480,40,43,92,37,66,278,55.6,Pass
4481,Student_4481,87,59,40,73,69,328,65.6,Pass
4482,Student_4482,54,62,100,87,42,345,69.0,Pass
4483,Student_4483,57,40,77,41,63,278,55.6,Pass
4484,Student_4484,38,70,43,62,69,282,56.4,Pass
4485,Student_4485,36,90,43,95,97,361,72.2,Pass
4486,Student_4486,97,52,69,78,54,350,70.0,Pass
4487,Student_4487,69,49,61,81,84,344,68.8,Pass
4488,Student_4488,69,36,73,75,40,293,58.6,Pass
4489,Student_4489,94,61,80,83,97,415,83.0,Pass
4490,Student_4490,73,100,36,76,98,383,76.6,Pass
4491,Student_4491,63,67,37,78,40,285,57.0,Pass
4492,Student_4492,52,90,35,56,67,300,60.0,Pass
4493,Student_4493,69,53,40,64,46,272,54.4,Pass
4494,Student_4494,80,52,77,70,37,316,63.2,Pass
4495,Student_4495,94,59,74,54,40,321,64.2,Pass
4496,Student_4496,64,47,91,93,95,390,78.0,Pass
4497,Student_4497,71,90,93,81,81,416,83.2,Pass
4498,Student_4498,49,74,43,100,89,355,71.0,Pass
4499,Student_4499,69,55,60,35,99,318,63.6,Pass
4500,Student_4500,51,75,85,100,70,381,76.2,Pass
4501,Student_4501,48,88,55,66,63,320,64.0,Pass
4502,Student_4502,56,89,38,81,83,347,69.4,Pass
4503,Student_4503,70,56,93,88,96,403,80.6,Pass
4504,Student_4504,72,61,47,91,59,330,66.0,Pass
4505,Student_4505,35,84,86,58,62,325,65.0,Pass
4506,Student_4506,46,82,46,46,94,314,62.8,Pass
4507,Student_4507,99,54,72,53,83,361,72.2,Pass
4508,Student_4508,81,78,74,88,37,358,71.6,Pass
4509,Student_4509,88,54,65,52,93,352,70.4,Pass
4510,Student_4510,53,63,95,50,92,353,70.6,Pass
4511,Student_4511,99,38,54,56,64,311,62.2,Pass
4512,Student_4512,95,42,39,89,75,340,68.0,Pass
4513,Student_4513,69,92,42,70,94,367,73.4,Pass
4514,Student_4514,92,76,68,44,91,371,74.2,Pass
4515,Student_4515,88,98,75,75,60,396,79.2,Pass
4516,Student_4516,44,40,92,61,94,331,66.2,Pass
4517,Student_4517,100,43,80,43,76,342,68.4,Pass
4518,Student_4518,98,42,73,82,100,395,79.0,Pass
4519,Student_4519,84,56,86,61,99,386,77.2,Pass
4520,Student_4520,68,100,91,87,61,407,81.4,Pass
4521,Student_4521,37,54,37,96,86,310,62.0,Pass
4522,Student_4522,45,54,65,86,48,298,59.6,Pass
4523,Student_4523,58,49,38,77,46,268,53.6,Pass
4524,Student_4524,47,54,84,47,100,332,66.4,Pass
4525,Student_4525,52,38,97,35,86,308,61.6,Pass
4526,Student_4526,84,39,50,41,93,307,61.4,Pass
4527,Student_4527,51,63,96,53,53,316,63.2,Pass
4528,Student_4528,84,64,63,70,100,381,76.2,Pass
4529,Student_4529,90,73,93,40,66,362,72.4,Pass
4530,Student_4530,75,40,88,97,76,376,75.2,Pass
4531,Student_4531,93,100,87,63,59,402,80.4,Pass
4532,Student_4532,78,80,92,36,97,383,76.6,Pass
4533,Student_4533,91,65,47,56,62,321,64.2,Pass
4534,Student_4534,47,76,77,78,40,318,63.6,Pass
4535,Student_4535,75,91,39,80,51,336,67.2,Pass
4536,Student_4536,46,96,63,70,70,345,69.0,Pass
4537,Student_4537,68,40,74,82,100,364,72.8,Pass
4538,Student_4538,61,48,44,74,43,270,54.0,Pass
4539,Student_4539,74,96,41,48,54,313,62.6,Pass
4540,Student_4540,64,76,41,60,86,327,65.4,Pass
4541,Student_4541,91,49,76,85,44,345,69.0,Pass
4542,Student_4542,39,91,92,92,41,355,71.0,Pass
4543,Student_4543,53,64,73,69,80,339,67.8,Pass
4544,Student_4544,89,100,72,68,87,416,83.2,Pass
4545,Student_4545,95,72,38,64,89,358,71.6,Pass
4546,Student_4546,89,73,37,43,90,332,66.4,Pass
4547,Student_4547,62,52,75,96,62,347,69.4,Pass
4548,Student_4548,98,99,61,50,80,388,77.6,Pass
4549,Student_4549,98,81,92,55,53,379,75.8,Pass
4550,Student_4550,91,64,48,100,85,388,77.6,Pass
4551,Student_4551,61,39,52,46,77,275,55.0,Pass
4552,Student_4552,82,73,55,64,64,338,67.6,Pass
4553,Student_4553,57,73,46,83,82,341,68.2,Pass
4554,Student_4554,43,79,67,66,90,345,69.0,Pass
4555,Student_4555,84,38,94,61,73,350,70.0,Pass
4556,Student_4556,72,84,95,67,84,402,80.4,Pass
4557,Student_4557,57,50,79,80,71,337,67.4,Pass
4558,Student_4558,45,97,69,49,89,349,69.8,Pass
4559,Student_4559,43,91,35,78,36,283,56.6,Pass
4560,Student_4560,55,56,44,100,47,302,60.4,Pass
4561,Student_4561,86,44,71,47,64,312,62.4,Pass
4562,Student_4562,73,70,96,84,42,365,73.0,Pass
4563,Student_4563,67,61,97,92,71,388,77.6,Pass
4564,Student_4564,38,51,51,86,71,297,59.4,Pass
4565,Student_4565,65,60,38,54,89,306,61.2,Pass
4566,Student_4566,79,38,84,58,49,308,61.6,Pass
4567,Student_4567,59,88,83,92,93,415,83.0,Pass
4568,Student_4568,50,83,88,87,90,398,79.6,Pass
4569,Student_4569,44,35,52,75,85,291,58.2,Pass
4570,Student_4570,65,70,57,39,52,283,56.6,Pass
4571,Student_4571,51,52,63,69,40,275,55.0,Pass
4572,Student_4572,44,61,91,89,63,348,69.6,Pass
4573,Student_4573,88,97,80,37,47,349,69.8,Pass
4574,Student_4574,95,92,44,76,54,361,72.2,Pass
4575,Student_4575,73,70,86,50,70,349,69.8,Pass
4576,Student_4576,72,38,56,62,66,294,58.8,Pass
4577,Student_4577,79,43,93,73,85,373,74.6,Pass
4578,Student_4578,81,90,74,52,83,380,76.0,Pass
4579,Student_4579,41,49,84,66,97,337,67.4,Pass
4580,Student_4580,51,83,62,43,80,319,63.8,Pass
4581,Student_4581,83,77,80,55,58,353,70.6,Pass
4582,Student_4582,97,91,83,68,46,385,77.0,Pass
4583,Student_4583,73,40,38,62,76,289,57.8,Pass
4584,Student_4584,35,57,77,78,43,290,58.0,Pass
4585,Student_4585,61,69,71,67,86,354,70.8,Pass
4586,Student_4586,96,53,58,64,35,306,61.2,Pass
4587,Student_4587,73,95,65,64,43,340,68.0,Pass
4588,Student_4588,67,81,70,83,45,346,69.2,Pass
4589,Student_4589,82,96,72,60,54,364,72.8,Pass
4590,Student_4590,80,46,49,68,93,336,67.2,Pass
4591,Student_4591,94,75,62,43,52,326,65.2,Pass
4592,Student_4592,36,72,36,76,71,291,58.2,Pass
4593,Student_4593,66,91,98,90,89,434,86.8,Pass
4594,Student_4594,47,100,59,41,82,329,65.8,Pass
4595,Student_4595,99,41,42,47,96,325,65.0,Pass
4596,Student_4596,66,45,74,61,45,291,58.2,Pass
4597,Student_4597,76,46,43,67,64,296,59.2,Pass
4598,Student_4598,90,96,87,56,48,377,75.4,Pass
4599,Student_4599,36,97,44,93,47,317,63.4,Pass
4600,Student_4600,40,86,75,89,73,363,72.6,Pass
4601,Student_4601,51,77,93,41,87,349,69.8,Pass
4602,Student_4602,35,53,89,60,66,303,60.6,Pass
4603,Student_4603,44,82,68,57,60,311,62.2,Pass
4604,Student_4604,36,86,39,41,58,260,52.0,Pass
4605,Student_4605,59,41,58,99,90,347,69.4,Pass
4606,Student_4606,77,77,37,76,52,319,63.8,Pass
4607,Student_4607,56,71,47,47,72,293,58.6,Pass
4608,Student_4608,54,38,86,87,96,361,72.2,Pass
4609,Student_4609,39,48,75,44,67,273,54.6,Pass
4610,Student_4610,75,53,37,47,86,298,59.6,Pass
4611,Student_4611,89,66,61,53,51,320,64.0,Pass
4612,Student_4612,52,52,70,39,39,252,50.4,Pass
4613,Student_4613,75,64,51,58,57,305,61.0,Pass
4614,Student_4614,41,82,83,52,38,296,59.2,Pass
4615,Student_4615,47,40,44,49,61,241,48.2,Pass
4616,Student_4616,67,74,61,63,47,312,62.4,Pass
4617,Student_4617,59,64,57,81,58,319,63.8,Pass
4618,Student_4618,83,49,62,55,66,315,63.0,Pass
4619,Student_4619,67,77,87,71,77,379,75.8,Pass
4620,Student_4620,51,62,73,58,99,343,68.6,Pass
4621,Student_4621,86,73,73,91,89,412,82.4,Pass
4622,Student_4622,35,57,68,100,90,350,70.0,Pass
4623,Student_4623,89,59,69,57,41,315,63.0,Pass
4624,Student_4624,80,66,90,93,95,424,84.8,Pass
4625,Student_4625,66,70,81,57,95,369,73.8,Pass
4626,Student_4626,64,80,86,46,77,353,70.6,Pass
4627,Student_4627,57,84,86,82,77,386,77.2,Pass
4628,Student_4628,43,69,97,84,55,348,69.6,Pass
4629,Student_4629,82,66,100,42,88,378,75.6,Pass
4630,Student_4630,88,73,48,69,95,373,74.6,Pass
4631,Student_4631,82,63,66,86,82,379,75.8,Pass
4632,Student_4632,55,71,91,69,85,371,74.2,Pass
4633,Student_4633,90,75,64,78,61,368,73.6,Pass
4634,Student_4634,87,51,78,66,54,336,67.2,Pass
4635,Student_4635,72,60,84,98,54,368,73.6,Pass
4636,Student_4636,73,48,78,95,45,339,67.8,Pass
4637,Student_4637,55,93,88,60,63,359,71.8,Pass
4638,Student_4638,76,69,62,71,87,365,73.0,Pass
4639,Student_4639,77,99,89,66,38,369,73.8,Pass
4640,Student_4640,87,47,85,53,72,344,68.8,Pass
4641,Student_4641,95,65,44,88,47,339,67.8,Pass
4642,Student_4642,80,63,99,45,47,334,66.8,Pass
4643,Student_4643,85,100,60,94,46,385,77.0,Pass
4644,Student_4644,38,66,37,98,61,300,60.0,Pass
4645,Student_4645,95,51,83,42,95,366,73.2,Pass
4646,Student_4646,56,35,47,70,89,297,59.4,Pass
4647,Student_4647,96,37,52,84,70,339,67.8,Pass
4648,Student_4648,61,50,51,50,71,283,56.6,Pass
4649,Student_4649,85,60,73,91,85,394,78.8,Pass
4650,Student_4650,58,76,70,53,56,313,62.6,Pass
4651,Student_4651,84,72,79,86,61,382,76.4,Pass
4652,Student_4652,59,48,93,52,73,325,65.0,Pass
4653,Student_4653,36,62,85,68,99,350,70.0,Pass
4654,Student_4654,45,49,58,87,84,323,64.6,Pass
4655,Student_4655,72,93,46,87,92,390,78.0,Pass
4656,Student_4656,38,87,63,62,77,327,65.4,Pass
4657,Student_4657,63,49,39,48,84,283,56.6,Pass
4658,Student_4658,48,56,79,38,49,270,54.0,Pass
4659,Student_4659,86,66,69,39,45,305,61.0,Pass
4660,Student_4660,59,63,64,69,69,324,64.8,Pass
4661,Student_4661,62,95,88,96,61,402,80.4,Pass
4662,Student_4662,70,47,71,40,68,296,59.2,Pass
4663,Student_4663,46,42,44,90,98,320,64.0,Pass
4664,Student_4664,62,39,44,67,46,258,51.6,Pass
4665,Student_4665,48,86,36,71,45,286,57.2,Pass
4666,Student_4666,38,41,74,55,39,247,49.4,Pass
4667,Student_4667,54,88,88,50,86,366,73.2,Pass
4668,Student_4668,39,44,40,66,72,261,52.2,Pass
4669,Student_4669,53,50,60,68,99,330,66.0,Pass
4670,Student_4670,77,73,68,54,42,314,62.8,Pass
4671,Student_4671,61,75,60,44,89,329,65.8,Pass
4672,Student_4672,42,96,47,97,47,329,65.8,Pass
4673,Student_4673,61,83,42,45,76,307,61.4,Pass
4674,Student_4674,96,47,46,98,49,336,67.2,Pass
4675,Student_4675,61,52,47,74,37,271,54.2,Pass
4676,Student_4676,52,73,94,35,55,309,61.8,Pass
4677,Student_4677,46,72,46,50,51,265,53.0,Pass
4678,Student_4678,93,73,75,52,97,390,78.0,Pass
4679,Student_4679,44,62,90,95,100,391,78.2,Pass
4680,Student_4680,82,97,83,72,89,423,84.6,Pass
4681,Student_4681,59,44,65,45,39,252,50.4,Pass
4682,Student_4682,98,73,49,83,50,353,70.6,Pass
4683,Student_4683,71,56,66,54,50,297,59.4,Pass
4684,Student_4684,79,71,41,44,65,300,60.0,Pass
4685,Student_4685,45,77,62,77,41,302,60.4,Pass
4686,Student_4686,87,90,58,84,43,362,72.4,Pass
4687,Student_4687,87,67,79,78,56,367,73.4,Pass
4688,Student_4688,76,57,98,74,44,349,69.8,Pass
4689,Student_4689,35,52,81,71,97,336,67.2,Pass
4690,Student_4690,43,94,70,80,89,376,75.2,Pass
4691,Student_4691,84,71,99,63,42,359,71.8,Pass
4692,Student_4692,38,82,48,78,90,336,67.2,Pass
4693,Student_4693,92,79,86,61,81,399,79.8,Pass
4694,Student_4694,81,99,72,53,58,363,72.6,Pass
4695,Student_4695,92,46,93,54,84,369,73.8,Pass
4696,Student_4696,86,52,81,86,81,386,77.2,Pass
4697,Student_4697,38,68,83,36,95,320,64.0,Pass
4698,Student_4698,37,40,45,72,70,264,52.8,Pass
4699,Student_4699,49,63,35,83,100,330,66.0,Pass
4700,Student_4700,88,58,68,40,100,354,70.8,Pass
4701,Student_4701,91,48,35,35,87,296,59.2,Pass
4702,Student_4702,87,42,69,47,97,342,68.4,Pass
4703,Student_4703,52,53,35,95,87,322,64.4,Pass
4704,Student_4704,56,59,99,49,50,313,62.6,Pass
4705,Student_4705,79,55,52,64,53,303,60.6,Pass
4706,Student_4706,53,58,57,54,71,293,58.6,Pass
4707,Student_4707,36,70,95,76,54,331,66.2,Pass
4708,Student_4708,59,80,73,39,35,286,57.2,Pass
4709,Student_4709,69,46,39,69,92,315,63.0,Pass
4710,Student_4710,49,64,82,48,49,292,58.4,Pass
4711,Student_4711,66,79,38,75,59,317,63.4,Pass
4712,Student_4712,75,91,53,56,51,326,65.2,Pass
4713,Student_4713,35,90,72,50,81,328,65.6,Pass
4714,Student_4714,97,40,94,65,38,334,66.8,Pass
4715,Student_4715,51,37,44,38,73,243,48.6,Pass
4716,Student_4716,48,71,77,66,73,335,67.0,Pass
4717,Student_4717,44,77,51,100,47,319,63.8,Pass
4718,Student_4718,68,71,95,87,93,414,82.8,Pass
4719,Student_4719,71,51,39,57,45,263,52.6,Pass
4720,Student_4720,100,63,37,84,63,347,69.4,Pass
4721,Student_4721,79,98,38,64,94,373,74.6,Pass
4722,Student_4722,49,53,47,63,91,303,60.6,Pass
4723,Student_4723,67,65,86,36,75,329,65.8,Pass
4724,Student_4724,77,76,79,98,82,412,82.4,Pass
4725,Student_4725,74,37,70,58,35,274,54.8,Pass
4726,Student_4726,88,90,41,73,80,372,74.4,Pass
4727,Student_4727,54,89,36,83,43,305,61.0,Pass
4728,Student_4728,41,84,77,88,93,383,76.6,Pass
4729,Student_4729,65,64,92,69,82,372,74.4,Pass
4730,Student_4730,91,40,45,86,75,337,67.4,Pass
4731,Student_4731,53,91,88,46,63,341,68.2,Pass
4732,Student_4732,88,43,73,42,52,298,59.6,Pass
4733,Student_4733,80,63,37,100,70,350,70.0,Pass
4734,Student_4734,59,96,86,55,85,381,76.2,Pass
4735,Student_4735,72,69,73,93,98,405,81.0,Pass
4736,Student_4736,58,76,36,71,58,299,59.8,Pass
4737,Student_4737,65,53,67,57,62,304,60.8,Pass
4738,Student_4738,73,100,35,39,70,317,63.4,Pass
4739,Student_4739,45,93,51,74,49,312,62.4,Pass
4740,Student_4740,77,78,66,85,48,354,70.8,Pass
4741,Student_4741,76,78,75,93,71,393,78.6,Pass
4742,Student_4742,38,84,57,98,83,360,72.0,Pass
4743,Student_4743,36,55,70,56,82,299,59.8,Pass
4744,Student_4744,92,42,65,62,63,324,64.8,Pass
4745,Student_4745,53,78,72,80,58,341,68.2,Pass
4746,Student_4746,63,45,76,52,84,320,64.0,Pass
4747,Student_4747,63,40,70,37,52,262,52.4,Pass
4748,Student_4748,90,85,58,46,91,370,74.0,Pass
4749,Student_4749,55,47,97,72,55,326,65.2,Pass
4750,Student_4750,52,51,38,73,46,260,52.0,Pass
4751,Student_4751,87,94,57,50,80,368,73.6,Pass
4752,Student_4752,65,57,86,83,61,352,70.4,Pass
4753,Student_4753,95,35,85,63,51,329,65.8,Pass
4754,Student_4754,80,39,62,50,64,295,59.0,Pass
4755,Student_4755,55,99,40,73,80,347,69.4,Pass
4756,Student_4756,35,58,54,40,88,275,55.0,Pass
4757,Student_4757,47,41,48,65,66,267,53.4,Pass
4758,Student_4758,62,82,63,97,97,401,80.2,Pass
4759,Student_4759,45,42,35,42,37,201,40.2,Pass
4760,Student_4760,58,78,90,47,83,356,71.2,Pass
4761,Student_4761,53,58,78,83,70,342,68.4,Pass
4762,Student_4762,98,43,100,82,80,403,80.6,Pass
4763,Student_4763,74,35,92,53,64,318,63.6,Pass
4764,Student_4764,35,71,79,62,52,299,59.8,Pass
4765,Student_4765,64,45,84,94,94,381,76.2,Pass
4766,Student_4766,44,71,77,83,72,347,69.4,Pass
4767,Student_4767,91,71,66,91,36,355,71.0,Pass
4768,Student_4768,50,72,80,60,48,310,62.0,Pass
4769,Student_4769,45,92,98,89,88,412,82.4,Pass
4770,Student_4770,89,78,42,79,57,345,69.0,Pass
4771,Student_4771,95,88,43,51,38,315,63.0,Pass
4772,Student_4772,55,46,76,96,42,315,63.0,Pass
4773,Student_4773,87,44,42,54,51,278,55.6,Pass
4774,Student_4774,66,43,49,85,96,339,67.8,Pass
4775,Student_4775,91,38,84,96,89,398,79.6,Pass
4776,Student_4776,61,77,66,52,54,310,62.0,Pass
4777,Student_4777,60,97,50,80,54,341,68.2,Pass
4778,Student_4778,44,52,83,71,100,350,70.0,Pass
4779,Student_4779,82,88,63,98,45,376,75.2,Pass
4780,Student_4780,45,71,54,74,59,303,60.6,Pass
4781,Student_4781,37,40,38,66,93,274,54.8,Pass
4782,Student_4782,78,66,54,66,44,308,61.6,Pass
4783,Student_4783,61,53,68,90,79,351,70.2,Pass
4784,Student_4784,99,83,83,61,51,377,75.4,Pass
4785,Student_4785,96,68,48,97,60,369,73.8,Pass
4786,Student_4786,98,87,78,44,78,385,77.0,Pass
4787,Student_4787,61,52,40,47,47,247,49.4,Pass
4788,Student_4788,70,38,84,80,55,327,65.4,Pass
4789,Student_4789,89,85,72,58,90,394,78.8,Pass
4790,Student_4790,91,63,82,43,53,332,66.4,Pass
4791,Student_4791,97,58,70,75,79,379,75.8,Pass
4792,Student_4792,63,66,97,81,85,392,78.4,Pass
4793,Student_4793,75,84,95,87,68,409,81.8,Pass
4794,Student_4794,91,100,72,89,55,407,81.4,Pass
4795,Student_4795,56,70,71,82,50,329,65.8,Pass
4796,Student_4796,37,74,87,52,75,325,65.0,Pass
4797,Student_4797,35,87,51,88,76,337,67.4,Pass
4798,Student_4798,84,77,49,53,41,304,60.8,Pass
4799,Student_4799,88,51,92,88,98,417,83.4,Pass
4800,Student_4800,57,64,75,37,91,324,64.8,Pass
4801,Student_4801,62,67,69,52,44,294,58.8,Pass
4802,Student_4802,51,49,73,90,82,345,69.0,Pass
4803,Student_4803,35,58,53,60,72,278,55.6,Pass
4804,Student_4804,98,94,35,71,79,377,75.4,Pass
4805,Student_4805,98,94,52,82,49,375,75.0,Pass
4806,Student_4806,72,41,93,38,61,305,61.0,Pass
4807,Student_4807,64,52,46,72,92,326,65.2,Pass
4808,Student_4808,53,66,59,91,54,323,64.6,Pass
4809,Student_4809,42,69,75,43,85,314,62.8,Pass
4810,Student_4810,97,86,91,36,85,395,79.0,Pass
4811,Student_4811,60,87,63,52,89,351,70.2,Pass
4812,Student_4812,60,35,49,43,52,239,47.8,Pass
4813,Student_4813,54,38,41,72,99,304,60.8,Pass
4814,Student_4814,69,51,84,67,61,332,66.4,Pass
4815,Student_4815,61,62,89,92,83,387,77.4,Pass
4816,Student_4816,37,100,56,86,98,377,75.4,Pass
4817,Student_4817,45,61,83,36,77,302,60.4,Pass
4818,Student_4818,67,71,90,52,38,318,63.6,Pass
4819,Student_4819,82,88,70,41,49,330,66.0,Pass
4820,Student_4820,59,53,68,82,46,308,61.6,Pass
4821,Student_4821,62,82,41,35,44,264,52.8,Pass
4822,Student_4822,48,77,72,85,49,331,66.2,Pass
4823,Student_4823,95,79,42,41,62,319,63.8,Pass
4824,Student_4824,100,39,71,67,43,320,64.0,Pass
4825,Student_4825,42,71,42,69,65,289,57.8,Pass
4826,Student_4826,43,79,86,84,100,392,78.4,Pass
4827,Student_4827,78,44,62,77,59,320,64.0,Pass
4828,Student_4828,48,70,100,62,96,376,75.2,Pass
4829,Student_4829,74,93,75,80,99,421,84.2,Pass
4830,Student_4830,41,60,40,36,48,225,45.0,Pass
4831,Student_4831,86,75,83,71,92,407,81.4,Pass
4832,Student_4832,49,97,92,68,39,345,69.0,Pass
4833,Student_4833,46,39,54,94,48,281,56.2,Pass
4834,Student_4834,86,61,96,48,90,381,76.2,Pass
4835,Student_4835,46,48,81,84,89,348,69.6,Pass
4836,Student_4836,89,49,45,95,84,362,72.4,Pass
4837,Student_4837,91,80,60,60,55,346,69.2,Pass
4838,Student_4838,87,43,95,40,76,341,68.2,Pass
4839,Student_4839,38,77,61,82,59,317,63.4,Pass
4840,Student_4840,67,80,43,79,89,358,71.6,Pass
4841,Student_4841,76,91,54,82,66,369,73.8,Pass
4842,Student_4842,81,65,66,100,55,367,73.4,Pass
4843,Student_4843,71,55,84,86,53,349,69.8,Pass
4844,Student_4844,47,94,96,77,40,354,70.8,Pass
4845,Student_4845,43,77,69,89,89,367,73.4,Pass
4846,Student_4846,97,61,35,60,35,288,57.6,Pass
4847,Student_4847,54,100,78,61,55,348,69.6,Pass
4848,Student_4848,94,57,96,84,90,421,84.2,Pass
4849,Student_4849,63,67,75,43,82,330,66.0,Pass
4850,Student_4850,42,56,75,51,82,306,61.2,Pass
4851,Student_4851,73,89,48,65,35,310,62.0,Pass
4852,Student_4852,94,59,35,95,51,334,66.8,Pass
4853,Student_4853,36,93,63,56,96,344,68.8,Pass
4854,Student_4854,95,95,93,49,50,382,76.4,Pass
4855,Student_4855,99,72,52,75,51,349,69.8,Pass
4856,Student_4856,96,99,84,60,35,374,74.8,Pass
4857,Student_4857,42,36,91,45,53,267,53.4,Pass
4858,Student_4858,44,41,53,70,53,261,52.2,Pass
4859,Student_4859,59,72,72,97,62,362,72.4,Pass
4860,Student_4860,41,79,96,92,95,403,80.6,Pass
4861,Student_4861,47,89,50,95,48,329,65.8,Pass
4862,Student_4862,83,81,90,79,86,419,83.8,Pass
4863,Student_4863,86,93,87,72,40,378,75.6,Pass
4864,Student_4864,83,65,59,71,69,347,69.4,Pass
4865,Student_4865,37,37,81,54,55,264,52.8,Pass
4866,Student_4866,71,52,83,81,60,347,69.4,Pass
4867,Student_4867,93,60,58,51,46,308,61.6,Pass
4868,Student_4868,44,68,66,36,93,307,61.4,Pass
4869,Student_4869,37,81,71,96,66,351,70.2,Pass
4870,Student_4870,88,41,49,77,98,353,70.6,Pass
4871,Student_4871,49,45,77,39,47,257,51.4,Pass
4872,Student_4872,40,43,85,54,88,310,62.0,Pass
4873,Student_4873,36,38,99,39,52,264,52.8,Pass
4874,Student_4874,86,79,61,68,94,388,77.6,Pass
4875,Student_4875,78,93,61,63,75,370,74.0,Pass
4876,Student_4876,71,99,99,61,80,410,82.0,Pass
4877,Student_4877,97,46,58,48,71,320,64.0,Pass
4878,Student_4878,86,95,46,67,84,378,75.6,Pass
4879,Student_4879,66,99,87,84,71,407,81.4,Pass
4880,Student_4880,65,54,37,61,46,263,52.6,Pass
4881,Student_4881,98,52,87,89,81,407,81.4,Pass
4882,Student_4882,53,53,74,85,77,342,68.4,Pass
4883,Student_4883,68,56,98,51,72,345,69.0,Pass
4884,Student_4884,35,40,39,53,37,204,40.8,Pass
4885,Student_4885,85,41,46,73,83,328,65.6,Pass
4886,Student_4886,37,75,46,38,78,274,54.8,Pass
4887,Student_4887,70,61,53,98,49,331,66.2,Pass
4888,Student_4888,86,60,42,60,65,313,62.6,Pass
4889,Student_4889,75,88,62,83,60,368,73.6,Pass
4890,Student_4890,36,46,42,42,39,205,41.0,Pass
4891,Student_4891,41,65,43,91,49,289,57.8,Pass
4892,Student_4892,35,74,40,57,64,270,54.0,Pass
4893,Student_4893,77,70,43,77,58,325,65.0,Pass
4894,Student_4894,41,64,41,68,63,277,55.4,Pass
4895,Student_4895,91,88,89,46,66,380,76.0,Pass
4896,Student_4896,88,85,56,38,100,367,73.4,Pass
4897,Student_4897,45,52,52,89,43,281,56.2,Pass
4898,Student_4898,79,73,93,67,93,405,81.0,Pass
4899,Student_4899,35,79,63,44,46,267,53.4,Pass
4900,Student_4900,39,79,62,66,36,282,56.4,Pass
4901,Student_4901,90,98,60,92,99,439,87.8,Pass
4902,Student_4902,72,52,47,50,74,295,59.0,Pass
4903,Student_4903,52,89,64,95,87,387,77.4,Pass
4904,Student_4904,80,38,48,86,97,349,69.8,Pass
4905,Student_4905,89,96,47,100,98,430,86.0,Pass
4906,Student_4906,96,85,51,62,87,381,76.2,Pass
4907,Student_4907,65,90,80,38,46,319,63.8,Pass
4908,Student_4908,85,55,93,86,57,376,75.2,Pass
4909,Student_4909,55,58,89,90,90,382,76.4,Pass
4910,Student_4910,91,100,100,36,59,386,77.2,Pass
4911,Student_4911,92,85,45,85,76,383,76.6,Pass
4912,Student_4912,56,58,35,94,72,315,63.0,Pass
4913,Student_4913,65,75,48,52,76,316,63.2,Pass
4914,Student_4914,78,96,96,94,54,418,83.6,Pass
4915,Student_4915,90,76,98,83,72,419,83.8,Pass
4916,Student_4916,38,59,82,38,75,292,58.4,Pass
4917,Student_4917,38,44,72,50,91,295,59.0,Pass
4918,Student_4918,48,84,77,96,59,364,72.8,Pass
4919,Student_4919,43,52,80,85,79,339,67.8,Pass
4920,Student_4920,46,91,45,49,74,305,61.0,Pass
4921,Student_4921,89,40,42,81,40,292,58.4,Pass
4922,Student_4922,35,58,68,69,58,288,57.6,Pass
4923,Student_4923,92,97,79,94,41,403,80.6,Pass
4924,Student_4924,64,37,53,60,37,251,50.2,Pass
4925,Student_4925,50,48,54,78,36,266,53.2,Pass
4926,Student_4926,43,99,85,39,98,364,72.8,Pass
4927,Student_4927,70,56,37,86,79,328,65.6,Pass
4928,Student_4928,54,58,55,64,59,290,58.0,Pass
4929,Student_4929,87,61,50,37,84,319,63.8,Pass
4930,Student_4930,56,40,36,98,60,290,58.0,Pass
4931,Student_4931,37,52,68,57,84,298,59.6,Pass
4932,Student_4932,89,52,68,92,81,382,76.4,Pass
4933,Student_4933,65,95,71,38,76,345,69.0,Pass
4934,Student_4934,98,46,70,74,85,373,74.6,Pass
4935,Student_4935,82,87,98,67,41,375,75.0,Pass
4936,Student_4936,83,98,61,81,73,396,79.2,Pass
4937,Student_4937,67,82,63,67,77,356,71.2,Pass
4938,Student_4938,43,70,83,89,88,373,74.6,Pass
4939,Student_4939,80,100,60,69,99,408,81.6,Pass
4940,Student_4940,60,72,64,80,89,365,73.0,Pass
4941,Student_4941,55,88,98,62,90,393,78.6,Pass
4942,Student_4942,85,73,75,65,54,352,70.4,Pass
4943,Student_4943,38,93,95,81,95,402,80.4,Pass
4944,Student_4944,35,100,72,66,55,328,65.6,Pass
4945,Student_4945,87,62,67,73,66,355,71.0,Pass
4946,Student_4946,90,78,39,80,38,325,65.0,Pass
4947,Student_4947,74,75,42,81,39,311,62.2,Pass
4948,Student_4948,57,69,86,94,56,362,72.4,Pass
4949,Student_4949,36,41,93,60,70,300,60.0,Pass
4950,Student_4950,57,60,40,94,92,343,68.6,Pass
4951,Student_4951,64,97,53,75,69,358,71.6,Pass
4952,Student_4952,79,35,65,38,43,260,52.0,Pass
4953,Student_4953,88,52,77,79,49,345,69.0,Pass
4954,Student_4954,80,39,51,35,73,278,55.6,Pass
4955,Student_4955,78,37,58,47,74,294,58.8,Pass
4956,Student_4956,61,78,64,43,52,298,59.6,Pass
4957,Student_4957,94,68,64,63,97,386,77.2,Pass
4958,Student_4958,77,59,45,47,49,277,55.4,Pass
4959,Student_4959,53,65,80,38,70,306,61.2,Pass
4960,Student_4960,56,86,80,58,93,373,74.6,Pass
4961,Student_4961,68,54,90,83,58,353,70.6,Pass
4962,Student_4962,79,49,41,81,98,348,69.6,Pass
4963,Student_4963,63,59,79,79,72,352,70.4,Pass
4964,Student_4964,78,45,68,90,40,321,64.2,Pass
4965,Student_4965,45,64,76,47,45,277,55.4,Pass
4966,Student_4966,96,73,79,80,75,403,80.6,Pass
4967,Student_4967,63,93,39,88,52,335,67.0,Pass
4968,Student_4968,95,58,48,88,93,382,76.4,Pass
4969,Student_4969,60,66,91,67,84,368,73.6,Pass
4970,Student_4970,47,52,46,75,95,315,63.0,Pass
4971,Student_4971,82,89,56,89,67,383,76.6,Pass
4972,Student_4972,47,57,89,38,100,331,66.2,Pass
4973,Student_4973,67,50,100,91,85,393,78.6,Pass
4974,Student_4974,55,36,42,89,64,286,57.2,Pass
4975,Student_4975,45,90,65,37,65,302,60.4,Pass
4976,Student_4976,78,44,90,98,42,352,70.4,Pass
4977,Student_4977,74,77,39,77,53,320,64.0,Pass
4978,Student_4978,51,88,91,64,47,341,68.2,Pass
4979,Student_4979,57,62,70,64,39,292,58.4,Pass
4980,Student_4980,74,99,79,46,72,370,74.0,Pass
4981,Student_4981,54,42,53,82,66,297,59.4,Pass
4982,Student_4982,86,73,81,40,53,333,66.6,Pass
4983,Student_4983,57,65,48,66,67,303,60.6,Pass
4984,Student_4984,51,95,81,82,91,400,80.0,Pass
4985,Student_4985,83,94,58,43,49,327,65.4,Pass
4986,Student_4986,77,72,38,71,68,326,65.2,Pass
4987,Student_4987,59,45,60,73,66,303,60.6,Pass
4988,Student_4988,90,82,63,45,39,319,63.8,Pass
4989,Student_4989,55,96,96,50,48,345,69.0,Pass
4990,Student_4990,76,37,87,53,49,302,60.4,Pass
4991,Student_4991,94,51,84,78,43,350,70.0,Pass
4992,Student_4992,92,62,55,100,49,358,71.6,Pass
4993,Student_4993,89,53,45,41,99,327,65.4,Pass
4994,Student_4994,97,64,54,55,47,317,63.4,Pass
4995,Student_4995,66,85,44,76,91,362,72.4,Pass
4996,Student_4996,62,93,90,96,49,390,78.0,Pass
4997,Student_4997,38,80,52,100,92,362,72.4,Pass
4998,Student_4998,97,35,91,72,79,374,74.8,Pass
4999,Student_4999,45,82,60,42,67,296,59.2,Pass
5000,Student_5000,70,75,41,36,57,279,55.8,Pass
